comment,likes,time,author,clean_text,panjang_teks,jumlah_kata,sentimen,skor_sentimen,clean_topic,emotion,skor_emotion
"Program MBG seharusnya hanya untuk daerah terpencil, terperosok dan tertinggal dan tidak di setiap daerah di Indonesia. Output dan outcome belum jelas muatan substansinya dan belum ada indeks tolok ukur yang jelas untuk output dan outcome nya, alih alih tercipta output dan outcome tetapi malah justru membebani anggarsn negara. Ironisnya para yayasan pengelola  atau mitra dapur SPPG justru “kroni” penguasa sehingga tidak memberi kesempatan UMKM. Program MBG resistensi terjadinya pemborosan keuangan negara atau bahkan mungkin kerugian negara",0,5 days ago,@suryautama578,"program mbg seharusnya hanya untuk daerah terpencil, terperosok dan tertinggal dan tidak di setiap daerah di indonesia. output dan outcome belum jelas muatan substansinya dan belum ada indeks tolok ukur yang jelas untuk output dan outcome nya, alih alih tercipta output dan outcome tetapi malah justru membebani anggarsn negara. ironisnya para yayasan pengelola atau mitra dapur satuan pelayanan pemenuhan gizi justru kroni penguasa sehingga tidak memberi kesempatan umkm. program mbg resistensi terjadinya pemborosan keuangan negara atau bahkan mungkin kerugian negara",569,80,negative,0.9920491576194763,program mbg daerah pencil perosok tinggal daerah indonesia output outcome jelas muat substansi indeks tolok ukur jelas output outcome nya alih alih cipta output outcome malah justru beban anggarsn negara ironis yayasan kelola mitra dapur satu layan penuh gizi justru kroni kuasa beri sempat umkm program mbg resistensi jadi boros uang negara bahkan mungkin rugi negara,sadness,0.527330756187439
"Mari kita lihat kembali Janji  3 capres ketika Kampanye di sesi debat terbuka.

1 Anis B  Capres No 1
Janji politiknya adalah perubahan selalu perubahan, tapi perubahan yg bagaimana tidak jelas   adalah janji  kosong asal janji  tidak punya magna.

2 Prabowo S Capres No2
Janji politiknya adalah Makan siang Gratis untuk anak sekolah dalam upaya Perbaikan Gizi.

3 Ganjar P  Capres No 3
Janji politiknya adalah Pendidikan gratis untuk keluarga miskin berperestasi sampai tingkat perguruan tinggi dalam rangka rakyat mendapatkan hak pendidikan, dan layanan kesehatan gratis bagi lansia yg tidak punya penghasilan

Dari 3 capres ini kita bisa menilai secara obyektif   menyimpulkan janji politiknya capres yg realitis dan tepat dengan kondisi indonesia saat ini_

Kalau kebijakan presiden terpilih Prabowo  banyak yg tidak tepat   yg salah yg milih  hampir 60℅ pemilih.",0,6 days ago,@hadiarifin3303,"mari kita lihat kembali janji 3 capres ketika kampanye di sesi debat terbuka. 1 anis b capres no 1 janji politiknya adalah perubahan selalu perubahan, tapi perubahan yang bagaimana tidak jelas adalah janji kosong asal janji tidak punya magna. 2 prabowo s capres no2 janji politiknya adalah makan siang gratis untuk anak sekolah dalam upaya perbaikan gizi. 3 ganjar p capres no 3 janji politiknya adalah pendidikan gratis untuk keluarga miskin berperestasi sampai tingkat perguruan tinggi dalam rangka rakyat mendapatkan hak pendidikan, dan layanan kesehatan gratis bagi lansia yang tidak punya penghasilan dari 3 capres ini kita bisa menilai secara obyektif menyimpulkan janji politiknya capres yang realitis dan tepat dengan kondisi indonesia saat ini kalau kebijakan presiden terpilih prabowo banyak yang tidak tepat yang salah yang milih hampir 60 pemilih.",859,130,negative,0.7528873682022095,lihat janji 3 capres kampanye sesi debat buka 1 anis b capres no 1 janji politik ubah selalu ubah ubah bagaimana jelas janji kosong asal janji punya magna 2 prabowo s capres no2 janji politik makan siang gratis anak sekolah upaya baik gizi 3 ganjar p capres no 3 janji politik didik gratis keluarga miskin berperestasi tingkat guru tinggi rangka rakyat dapat hak didik layan sehat gratis lansia punya hasil 3 capres nilai obyektif simpul janji politik capres realitis tepat kondisi indonesia bijak presiden pilih prabowo banyak tepat salah milih hampir 60 pilih,anger,0.714723527431488
Klu dessa d kota oke sesuai kebijakan tapi desa di luar kota itu di nipolasi semua oleh kepala daerah periksa saja klu gak percaya,0,9 days ago,@AtotAndreas,kalau dessa d kota oke sesuai kebijakan tapi desa di luar kota itu di nipolasi semua oleh kepala daerah periksa saja kalau tidak percaya,136,24,negative,0.9907103180885315,dessa d kota oke sesuai bijak desa luar kota nipolasi semua kepala daerah periksa percaya,anger,0.8732630610466003
"335T pertahun, berarti 1,675 Kuadriliun per-satu masa jabatan pak wowo. fyi, jumlah segitu kurang lebih setara sm nilai investasi Nvidia buat pengembangan pusat data super berskala global dan infrastruktur komputasi AI di masa depan.
kurang mindblowing apa coba, dana yg cukup buat jalanin proyek berskala global dan berpotensi ngasih dampak signifikan ke industri di era modern, eh org kita mlh milih all out buat muasin ego realisasi program kampanye yg berpotensi jd ladang basah korupsi nasional😂",0,11 days ago,@achmadhusein389,"335 triliun pertahun, berarti 1,675 kuadriliun per satu masa jabatan bapak wowo. fyi, jumlah segitu kurang lebih setara sama nilai investasi nvidia untuk pengembangan pusat data super berskala global dan infrastruktur komputasi ai di masa depan. kurang mindblowing apa coba, dana yang cukup untuk jalanin proyek berskala global dan berpotensi ngasih dampak signifikan ke industri di era modern, eh orang kita mlh milih all out untuk muasin ego realisasi program kampanye yang berpotensi jadi ladang basah korupsi nasional",521,78,positive,0.393065482378006,335 triliun tahun arti 1 675 kuadriliun per satu masa jabat bapak wowo fyi jumlah segitu kurang lebih tara sama nilai investasi nvidia kembang pusat data super skala global infrastruktur komputasi ai masa depan kurang mindblowing apa coba dana cukup jalanin proyek skala global potensi ngasih dampak signifikan industri era modern eh orang mlh milih all out muasin ego realisasi program kampanye potensi ladang basah korupsi nasional,sadness,0.36141839623451233
"Pasti parpol yg tergabung nikmati hasil korupsinya,dg dalih beri makan anak sekolah tanpa proses akademesi jelas ngawur tdk profesional,presiden ngotot diteruskan tanpa  dicek hasilnya,benar maling kedok mbg.",0,2 weeks ago,@jakasusila4522,"pasti parpol yang tergabung nikmati hasil korupsinya,dg dalih beri makan anak sekolah tanpa proses akademesi jelas ngawur tidak profesional,presiden ngotot diteruskan tanpa dicek hasilnya,benar maling kedok mbg.",211,27,negative,0.9990028738975525,parpol gabung nikmat hasil korupsi dg dalih beri makan anak sekolah proses akademesi jelas ngawur profesional presiden ngotot terus cek hasil benar maling kedok mbg,anger,0.9658218622207642
"Menaikan ekonomi pemilik mbg, merusak ekinomi seluruh indonesia.
😊",0,2 weeks ago,@TonyRush-uq8zf,"menaikan ekonomi pemilik mbg, merusak ekinomi seluruh indonesia.",64,8,negative,0.9815277457237244,naik ekonomi milik mbg rusak ekinomi seluruh indonesia,anger,0.5754538178443909
Modal wowo ngejar koruptor ke Antartika,0,2 weeks ago,@Baning1234-c3m,modal wowo ngejar koruptor ke antartika,39,6,neutral,0.9167255163192749,modal wowo ngejar koruptor antartika,happy,0.43499016761779785
lihat saja kedepan nya nanti 😊 yang pasti ekonomi mulai berjalan yang pasti petani harus lebih giat lagi apa pun itu,0,2 weeks ago,@romina6907,lihat saja kedepan nya nanti yang pasti ekonomi mulai berjalan yang pasti petani harus lebih giat lagi apa pun itu,114,20,positive,0.7178527116775513,lihat depan ekonomi mulai jalan tani lebih giat apa,happy,0.4450713098049164
Seolah negara Indonesia hnya milik mereka2 saja..makan kenyang uang ngalir terus..,0,2 weeks ago,@parmiaryani4990,seolah negara indonesia hnya milik mereka2 saja..makan kenyang uang ngalir terus..,82,11,negative,0.9959979057312012,negara indonesia hnya milik mereka2 saja makan kenyang uang ngalir terus,anger,0.8459432125091553
"800 juta dana anggaran opini publik pakai apbn, mana ko gada yang bela mbg dana nya kemana",0,2 weeks ago,@reyy174,"800 juta dana anggaran opini publik pakai apbn, mana ko gada yang bela mbg dana nya kemana",90,17,negative,0.7652206420898438,800 juta dana anggar opini publik pakai apbn mana ko gada bela mbg dana,anger,0.8171154856681824
Mbg pentas nya buat makan kucing 😂,0,2 weeks ago,@ikahsantikah5786,mbg pentas nya untuk makan kucing,33,6,positive,0.5723222494125366,mbg pentas makan kucing,happy,0.8803107738494873
"300 trilyun lebih yg sampai ke masyarakat tdk lebih dr 30%.
Mending kasih rakyat org tua murid & org miskin. Insya Allah bermanfaat dan berdampak pd ekonomi kerakyatan... 
Iya ngga seh...?",0,3 weeks ago,@ayodhiaanto8215,300 triliun lebih yang sampai ke masyarakat tidak lebih dari 30%. mending kasih rakyat orang tua murid orang miskin. insya allah bermanfaat dan berdampak pada ekonomi kerakyatan... iya tidak seh...,197,30,positive,0.9420098662376404,300 triliun lebih masyarakat lebih 30 mending kasih rakyat orang tua murid orang miskin insya allah manfaat dampak ekonomi rakyat iya seh,happy,0.6681463122367859
Dana trilyunan cuma jadi tinja,0,3 weeks ago,@CikoJuli-j9g,dana trilyunan cuma jadi tinja,30,5,negative,0.9896513223648071,dana trilyunan cuma tinja,sadness,0.6216201782226562
Kalau saya MBG gak ada manfaatnya tmpat ladang korupsi,0,3 weeks ago,@CikoJuli-j9g,kalau saya mbg tidak ada manfaatnya tmpat ladang korupsi,56,9,negative,0.9987849593162537,mbg manfaat tmpat ladang korupsi,anger,0.7089130282402039
Anaknya makan gratis di skolah. Di rumah ibunya pusing belanja ke pasar harga naik untuk bikin masakan di rumah,0,3 weeks ago,@mustofaenalachjri6633,anaknya makan gratis di skolah. di rumah ibunya pusing belanja ke pasar harga naik untuk bikin masakan di rumah,111,19,positive,0.7227834463119507,anak makan gratis skolah rumah ibu pusing belanja pasar harga naik bikin masakan rumah,sadness,0.48211193084716797
MBG bikin lembaga sekolah kyak barak barak militer yg menyediakan makanan untuk tentara dlm Susana perang,0,3 weeks ago,@gemuruhchannel9524,mbg bikin lembaga sekolah kyak barak barak militer yang menyediakan makanan untuk tentara dlm susana perang,107,16,neutral,0.6666224598884583,mbg bikin lembaga sekolah kyak barak barak militer sedia makan tentara dlm susana perang,happy,0.5742771625518799
Kalau mau menutup Mbg harus sama presidenya baru bisa tutup MBG,0,3 weeks ago,@CahyaSaputra-c7t,kalau mau menutup mbg harus sama presidenya baru bisa tutup mbg,63,11,neutral,0.7583907842636108,mau tutup mbg sama presidenya baru tutup mbg,anger,0.7759586572647095
Program mbg hanya untuk memperkenyang perut para elit koruptor ttup aja mbg abisin anggaran pajak rakyat,0,1 month ago,@IanIkhsan-fv2qj,program mbg hanya untuk memperkenyang perut para elit koruptor ttup aja mbg abisin anggaran pajak rakyat,104,16,negative,0.9989928603172302,program mbg kenyang perut elit koruptor ttup mbg abisin anggar pajak rakyat,anger,0.9601259827613831
MBG ltu program untuk mengamankan kursi 2029.,0,1 month ago,@suwardi3248,mbg ltu program untuk mengamankan kursi 2029.,45,7,neutral,0.9938563704490662,mbg ltu program aman kursi 2029,happy,0.37835830450057983
Makan gratis terus saja sampai ko suksesss nak😅,0,1 month ago,@etrymatutu6635,makan gratis terus saja sampai ko suksess nak,45,8,positive,0.9249025583267212,makan gratis terus ko suksess nak,happy,0.7441614270210266
apane menguntungkan petani dan peternak. Orang mayoritas malah impor dari luar. Atau bahan baku dari korporasi2 pabrik raksasa tertentu,0,1 month ago,@fahmiarofi4237,apane menguntungkan petani dan peternak. orang mayoritas malah impor dari luar. atau bahan baku dari korporasi2 pabrik raksasa tertentu,135,19,negative,0.9221552014350891,apane untung tani ternak orang mayoritas malah impor luar bahan baku korporasi2 pabrik raksasa tentu,anger,0.4690026640892029
"Bubarkan MBG...
bubarkan MBG
Bubarkan MBG...",0,1 month ago,@Athaya931,bubarkan mbg... bubarkan mbg bubarkan mbg...,44,6,negative,0.99403977394104,bubar mbg bubar mbg bubar mbg,anger,0.7757551074028015
"Rakyat itu dah tahu bahwa program MBG itu membawa hal negatip dan negatip...
Dan TDK menguntungkan rakyat..
Malah menjadi beban rakyat.
itupun yg di untungkan orang kaya dan pejabat aja..
Lihat aja dan semakin secara detail...
Yang kaya semakin kaya..
Dan itupun akan membawa dampak hancurnya ekonomi Indonesia...
Hampir 85% rakyat menolak adanya MBG..
Karena bikin susah dan resah kepada rakyat..
Bubarkan MBG..",0,1 month ago,@Athaya931,rakyat itu dah tahu bahwa program mbg itu membawa hal negatif dan negatip... dan tidak menguntungkan rakyat.. malah menjadi beban rakyat. itupun yang di untungkan orang kaya dan pejabat aja.. lihat aja dan semakin secara detail... yang kaya semakin kaya.. dan itupun akan membawa dampak hancurnya ekonomi indonesia... hampir 85% rakyat menolak adanya mbg.. karena bikin susah dan resah kepada rakyat.. bubarkan mbg..,416,63,negative,0.9989973902702332,rakyat dah tahu program mbg bawa negatif negatip untung rakyat malah jadi beban rakyat itu untung orang kaya jabat aja lihat makin detail kaya makin kaya itu bawa dampak hancur ekonomi indonesia hampir 85 rakyat tolak ada mbg bikin susah resah rakyat bubar mbg,anger,0.6991701126098633
Mbg bisnis para orang orang berduwit.,0,1 month ago,@AldiyusufPurnama,mbg bisnis para orang orang berduwit.,37,6,negative,0.4927805960178375,mbg bisnis orang orang berduwit,anger,0.5874185562133789
Mbg. Proyek. Korupsi.   Gila. Gilaan   stop. Lah. Uang. Rakyat. Hasil. Pajak,0,1 month ago,@AsepBasit-jb2jd,mbg. proyek. korupsi. gila. gilaan stop. lah. uang. rakyat. hasil. pajak,72,11,negative,0.9987326264381409,mbg proyek korupsi gila gila stop lah uang rakyat hasil pajak,anger,0.9432852268218994
"Bagi rakyat MBG itu di nilai negatip...
karena MBG suatu yg sangat merugikan rakyat...
Dan yg di untungkan cuma orang kaya dan pejabat...
Ini menjadikan suatu bisnis dan proyek yg di berikan pemerintah tapi cuma orang kaya dan pejabat...
Rakyat kecil cuma jadi penonton dan pendengar...
Tapi dampak dari MBG besar sekali...
1.Menguras anggaran yg sangat besar.
2..merugikan rakyat kecil.
3.Tidak manfaatnya.
4. bahan pokok naik.
5.Pendidikkan di asingkan.
6.Kesehatan juga di kalahkan.
7. Dan masih banyak dampak dari MBG...
Padahal gak pada di makan, masih menguras anggaran.
Itupun yg di untungkan orang kaya dan pejabat..
Pemerintah koclok dan koclok...gak di pikir matang matang...
Ini suatu kegagalan dalam pemerintah saat ini....
Bubarkan MBG...",0,1 month ago,@Athaya931,"bagi rakyat mbg itu di nilai negatip... karena mbg suatu yang sangat merugikan rakyat... dan yang di untungkan cuma orang kaya dan pejabat... ini menjadikan suatu bisnis dan proyek yang di berikan pemerintah tapi cuma orang kaya dan pejabat... rakyat kecil cuma jadi penonton dan pendengar... tapi dampak dari mbg besar sekali... 1.menguras anggaran yang sangat besar. 2..merugikan rakyat kecil. 3.tidak manfaatnya. 4. bahan pokok naik. 5.pendidikkan di asingkan. 6.kesehatan juga di kalahkan. 7. dan masih banyak dampak dari mbg... padahal tidak pada di makan, masih menguras anggaran. itupun yang di untungkan orang kaya dan pejabat.. pemerintah koclok dan koclok...gak di pikir matang matang... ini suatu kegagalan dalam pemerintah saat ini.... bubarkan mbg...",763,113,negative,0.9985421895980835,rakyat mbg nilai negatip mbg suatu sangat rugi rakyat untung cuma orang kaya jabat jadi suatu bisnis proyek ikan perintah cuma orang kaya jabat rakyat kecil cuma tonton dengar dampak mbg besar sekali 1 uras anggar sangat besar 2 rugi rakyat kecil 3 tidak manfaat 4 bahan pokok naik 5 didik asing 6 sehat kalah 7 banyak dampak mbg padahal makan uras anggar itu untung orang kaya jabat perintah koclok koclok gak pikir matang matang suatu gagal perintah ini bubar mbg,anger,0.8550374507904053
"Awalnua bagus sihh rencananya tapi saat di jalankan mulai lahh sifat penjajah aslinya muncul para pegusaha yg niatnya untuk memutar ekonomi rakyat bawah nyatanya semua belanjaan berkerja sama dengan pengusaha lain bukan mengambil dari lokasi berdirinya MBG, yg awalnya juga membuka lapangan kerja nyatanya hanya untuk orang terdekat yg mendirikan MBG, yg awalnya tentang gizi sekarang menyebar sampai ke kendaraan operasional di saat badan pemerintah dan badan negara lainnya yg harus mengerem pengeluaran/ efisiensi, harus nya ada tim audit dari negara yg mengecek apakah dana tersalurkan dengan benar atau ada permainan😊 kalau ada permainan di dalam saya harap semua transparan kepada masyarakat jangan biarkan  penjajah muncul dari bangsa sendiri😊",0,1 month ago,@pa4893,"awalnua bagus sihh rencananya tapi saat di jalankan mulai lahh sifat penjajah aslinya muncul para pegusaha yang niatnya untuk memutar ekonomi rakyat bawah nyatanya semua belanjaan berkerja sama dengan pengusaha lain bukan mengambil dari lokasi berdirinya mbg, yang awalnya juga membuka lapangan kerja nyatanya hanya untuk orang terdekat yang mendirikan mbg, yang awalnya tentang gizi sekarang menyebar sampai ke kendaraan operasional di saat badan pemerintah dan badan negara lainnya yang harus mengerem pengeluaran efisiensi, harus nya ada tim audit dari negara yang mengecek apakah dana tersalurkan dengan benar atau ada permainan kalau ada permainan di dalam saya harap semua transparan kepada masyarakat jangan biarkan penjajah muncul dari bangsa sendiri",758,109,negative,0.6591941118240356,awalnua bagus sihh rencana jalan mulai lahh sifat jajah asli muncul pegusaha niat putar ekonomi rakyat bawah nyata semua belanja kerja sama usaha bukan ambil lokasi diri mbg awal buka lapang kerja nyata orang dekat diri mbg awal gizi sekarang sebar kendara operasional badan perintah badan negara lain rem keluar efisiensi tim audit negara ecek dana salur benar main main harap semua transparan masyarakat jangan biar jajah muncul bangsa sendiri,sadness,0.5251240134239197
Ngotot mbg karena tak bisa dengar lihat dan mikir jeritan  rakyat,0,1 month ago,@CahyaSaputra-c7t,ngotot mbg karena tidak bisa dengar lihat dan mikir jeritan rakyat,66,11,negative,0.9987125396728516,ngotot mbg dengar lihat mikir jerit rakyat,anger,0.787568211555481
Aneh program persiden emangtidakada kerjaan?ujug ujug bikin dapur nasional emang rayat yangmana yansedang kelaparan? Inimah kerjaan anak SD anehhh😂,0,1 month ago,@DaskamsumartoDaskam,aneh program persiden emangtidakada kerjaan ujug ujug bikin dapur nasional memang rayat yangmana yansedang kelaparan inimah kerjaan anak sd anehh,145,20,negative,0.9934013485908508,aneh program persiden emangtidakada kerja ujug ujug bikin dapur nasional memang rayat yangmana yansedang lapar inimah kerja anak sd anehh,anger,0.8414518237113953
Gue mau para pekerja mbg gak ikut pemilu. Kalo ikut pemilu jelas mereka akan memilih prabowo lagi karena kalo enggak mereka akan kehilangan pekerjaan dan hal ini jadi membuat pemilu besok gak demokratis lagi,0,1 month ago,@turtelepratama6112,saya mau para pekerja mbg tidak ikut pemilu. kalau ikut pemilu jelas mereka akan memilih prabowo lagi karena kalau tidak mereka akan kehilangan pekerjaan dan hal ini jadi membuat pemilu besok tidak demokratis lagi,213,34,negative,0.9983200430870056,mau kerja mbg ikut milu ikut milu jelas pilih prabowo hilang kerja buat milu besok demokratis,anger,0.5622857213020325
Bapak ibu Dewan² perwakilan Pada kemana ini... Kok gak ada yang bersuara,0,1 month ago,@BaLuGu_99,bapak ibu dewan perwakilan pada kemana ini... kok tidak ada yang bersuara,73,12,negative,0.9890992641448975,bapak ibu dewan wakil ini kok suara,anger,0.7256917953491211
Terbesar dan terbusuk dan terbodoh dari rezim prabowo....,0,1 month ago,@suparyanto985,terbesar dan terbusuk dan terbodoh dari rezim prabowo....,57,8,negative,0.99577397108078,besar busuk bodoh rezim prabowo,anger,0.5208044648170471
"Sayang sekali uang ratusan terliun hanya jaditai, ini mau niru cerita nabi sulaiman yg mau memberi semua mahluk, tapi kalau nabi pake duit sendiri dan pada akhirnya dia juga angkat tangan",0,1 month ago,@azam2241,"sayang sekali uang ratusan terliun hanya jaditai, ini mau niru cerita nabi sulaiman yang mau memberi semua mahluk, tapi kalau nabi pake duit sendiri dan pada akhirnya dia juga angkat tangan",189,31,negative,0.9931913018226624,sayang sekali uang ratus terliun jaditai mau niru cerita nabi sulaiman mau beri semua mahluk nabi pake duit sendiri akhir angkat tangan,sadness,0.5430886149406433
"Kampanye ""food waste"" sekarang malah terkendala dengan adanya makanan sisa embege. Berapa ompreng yg tersisa gara2 penerima manfaat tidak mau menghabiskannya 🙄",0,1 month ago,@boimbaelah,kampanye food waste sekarang malah terkendala dengan adanya makanan sisa embege. berapa ompreng yang tersisa gara2 penerima manfaat tidak mau menghabiskannya,157,21,negative,0.9927757978439331,kampanye food waste sekarang malah kendala ada makan sisa embege berapa ompreng sisa gara2 terima manfaat mau habis,sadness,0.6899109482765198
"langsung cepetin speed nya 1,5 x 😅",0,1 month ago,@FaidzinFirdhaus,"langsung cepetin speed nya 1,5 x",32,6,negative,0.579248309135437,langsung cepetin speed 1 5 x,happy,0.5480416417121887
Napa di sekolah ku belum ada😢,1,1 month ago,@CobaLagiplay,napa di sekolah ku belum ada,28,6,negative,0.9058190584182739,napa sekolah ku,sadness,0.7037944197654724
"Jdi beban negara ,bahan baku setiap tahun harga naik dan tidak mungkin akan cukup dg 15rb ,qrtinya beban anggaran akan naik dan jadi beban berat ,itu kenapa banyak paorsi yg tidak standar gizi ,ujung ujung nya stanting takan teratasi.",0,1 month ago,@tangtaryana87,"jadi beban negara ,bahan baku setiap tahun harga naik dan tidak mungkin akan cukup dengan 15 ribu ,qrtinya beban anggaran akan naik dan jadi beban berat ,itu kenapa banyak paorsi yang tidak standar gizi ,ujung ujung nya stanting takan teratasi.",244,40,negative,0.9779462814331055,beban negara bahan baku tahun harga naik mungkin cukup 15 ribu qrtinya beban anggar naik beban berat itu banyak paorsi standar gizi ujung ujung stanting tak atas,sadness,0.43627816438674927
Yg dimakan para murid 20% peralatan 20% 60% buat bancakan rebutan para maling,0,1 month ago,@adxnt8370,yang dimakan para murid 20% peralatan 20% 60% untuk bancakan rebutan para maling,80,13,negative,0.9815654754638672,makan murid 20 alat 20 60 bancak rebut maling,anger,0.6106919646263123
BOHONG PAK PRABOWO KARENA SETIAP KECAMATAN HAMPIR ADA 25 TITIK DAPUR YANG ACC OLEH KEPALMPG PUSAT KARENA DI KASIH UANG SEDANGKAN SASARAN SISWA SANGAT TERBATAS AHIRNYA DALING JARAH MENJARAH UANG LEMAH GAK MAU RIBUT MENYERAH APA ADANYA AHIRNYA KWALITASNYA RENDAH KARENA SEMUA DI ACC YANG PENTING ADA SETORAN KE PUSAT,0,1 month ago,@PadisPadis-l7l,bohong bapak prabowo karena setiap kecamatan hampir ada 25 titik dapur yang acc oleh kepalmpg pusat karena di kasih uang sedangkan sasaran siswa sangat terbatas ahirnya daling jarah menjarah uang lemah tidak mau ribut menyerah apa adanya ahirnya kwalitasnya rendah karena semua di acc yang penting ada setoran ke pusat,318,50,negative,0.998741090297699,bohong bapak prabowo camat hampir 25 titik dapur acc kepalmpg pusat kasih uang sasar siswa sangat batas ahirnya daling jarah jarah uang lemah mau ribut serah apa ada ahirnya kwalitasnya rendah semua acc penting setor pusat,anger,0.8666986227035522
"Program bagi2 jatah korupsi.....lihat aj pengadaan motor listrik yg 1,2t, bhkan mntri keuangan aj gk tau ujug2 barangnya nongol dg anggaran 1,2t, trus pengdaan kaos kaki dll, hnya bagi2 duit",0,1 month ago,@suharlisawir2848,"program bagi2 jatah korupsi.....lihat aj pengadaan motor listrik yang 1,2 triliun, bhkan mntri keuangan aj tidak tau ujug2 barangnya nongol dengan anggaran 1,2 triliun, trus pengdaan kaos kaki dll, hnya bagi2 duit",213,32,negative,0.9540504813194275,program bagi2 jatah korupsi lihat aj ada motor listrik 1 2 triliun bhkan mntri uang aj tau ujug2 barang nongol anggar 1 2 triliun trus pengdaan kaos kaki dll hnya bagi2 duit,anger,0.8668785095214844
Percuma mengkritik menghujat orang tak bermoral,0,1 month ago,@CahyaSaputra-c7t,percuma mengkritik menghujat orang tidak bermoral,49,6,negative,0.9987483024597168,percuma kritik hujat orang moral,anger,0.8240574598312378
7 presiden  rakyat tidak hidup sengsara setelah Prabowo jadi presiden rakyat hidupnya makin sengsara,0,1 month ago,@CahyaSaputra-c7t,7 presiden rakyat tidak hidup sengsara setelah prabowo jadi presiden rakyat hidupnya makin sengsara,99,14,negative,0.992590069770813,7 presiden rakyat hidup sengsara prabowo presiden rakyat hidup makin sengsara,anger,0.7135541439056396
"MBG proyek tahan malu,  terlanjur janji omon2 sambil ngibulin 58% yg malas berpikir cerdas.",0,1 month ago,@Arif.Prasetyo-it8qv,"mbg proyek tahan malu, terlanjur janji omon2 sambil ngibulin 58% yang malas berpikir cerdas.",92,14,negative,0.9967436790466309,mbg proyek tahan malu lanjur janji omon2 ngibulin 58 malas pikir cerdas,anger,0.7910945415496826
Bukan MBG tapi MUPR (makanan uang pajak rakyat),0,1 month ago,@Majups,bukan mbg tapi mupr makanan uang pajak rakyat,45,8,neutral,0.5475147366523743,bukan mbg mupr makan uang pajak rakyat,anger,0.7235752940177917
"Kalau maha siswa anaknya orang mudah cari makan, jadi. Nggak bingung",0,1 month ago,@BapakKrawan,"kalau maha siswa anaknya orang mudah cari makan, jadi. tidak bingung",68,11,negative,0.5135059356689453,maha siswa anak orang mudah cari makan jadi bingung,happy,0.6752659678459167
Saya pernah tidak makan. Mulai pagi sampai sore ikut gerak jalan tumpang Malang sampai pagi baru diberi makan badan sampai dredek ya karena saya anaknya orang nggak punya,0,1 month ago,@BapakKrawan,saya pernah tidak makan. mulai pagi sampai sore ikut gerak jalan tumpang malang sampai pagi baru diberi makan badan sampai dredek ya karena saya anaknya orang tidak punya,170,28,negative,0.911565363407135,pernah makan mulai pagi sore ikut gerak jalan tumpang malang pagi baru beri makan badan dredek anak orang punya,sadness,0.6940577030181885
Makan Dibarak TNI itu lo banyak yang iri hati pemasak apalagi MBG,0,1 month ago,@BapakKrawan,makan dibarak tni itu kamu banyak yang iri hati pemasak apalagi mbg,67,12,negative,0.9987664222717285,makan barak tni kamu banyak iri hati masak mbg,anger,0.7661628723144531
Tidak semua anak pagi bisa makan ada anak Mts negri rejoso Pasuruan ibunya  tidak punya pekerjaan nenek jual kue ditaruh di warung itu lo bisa sekolah,0,1 month ago,@BapakKrawan,tidak semua anak pagi bisa makan ada anak mts negri rejoso pasuruan ibunya tidak punya pekerjaan nenek jual kue ditaruh di warung itu kamu bisa sekolah,151,26,negative,0.7799564003944397,semua anak pagi makan anak mts negri rejoso pasuruan ibu punya kerja nenek jual kue taruh warung kamu sekolah,sadness,0.5024451613426208
Sebagai petani saya setuju dgn program mbg karena bisa menyerap hasil dari pertanian terutama sayur dan buah. Intinya yang penting Brantas tuntas para koruptor. Jika pemerintah berhasil memberantas korupsi jangankan mbg untuk para siswa seluruh WNI dikasih mbg pun ada kok uang. Indonesia banyak hutang bukan karna indonesia miskin tp krna pejabatnya banyak yang korup.,0,1 month ago,@RanggaNaufalino,sebagai petani saya setuju dengan program mbg karena bisa menyerap hasil dari pertanian terutama sayur dan buah. intinya yang penting brantas tuntas para koruptor. jika pemerintah berhasil memberantas korupsi jangankan mbg untuk para siswa seluruh wni dikasih mbg pun ada kok uang. indonesia banyak hutang bukan karna indonesia miskin tapi karena pejabatnya banyak yang korup.,376,55,negative,0.887660026550293,tani tuju program mbg serap hasil tani utama sayur buah inti penting brantas tuntas koruptor perintah hasil berantas korupsi jangan mbg siswa seluruh wni kasih mbg kok uang indonesia banyak hutang bukan karna indonesia miskin jabat banyak korup,anger,0.6648757457733154
"program MBG ini program yg sangat TDK berguna bagi rakyat banyak...
sebetulnya ini program gagal...tapi kok masih di pertahankan...
presidennya sampai GK memperdulikan, bahwa MBG itu sangat membahayakan nyawa anak didik di Indonesia...
Bubarkan MBG...",1,1 month ago,@Athaya931,"program mbg ini program yang sangat tidak berguna bagi rakyat banyak... sebetulnya ini program gagal...tapi kok masih di pertahankan... presidennya sampai tidak memperdulikan, bahwa mbg itu sangat membahayakan nyawa anak didik di indonesia... bubarkan mbg...",258,35,negative,0.9976202845573425,program mbg program sangat guna rakyat banyak program gagal tapi kok tahan presiden duli mbg sangat bahaya nyawa anak didik indonesia bubar mbg,anger,0.8826523423194885
"fun fact: dasar hukum pelaksanaan MBG yaitu Perpres Nomor 83 Tahun 2024 tentang Badan Gizi Nasional (BGN), yang mana yang menetapkan peraturan tersebut adalah Pria Solo (bisa dicek sendiri di JDIH)",0,1 month ago,@virdiawanip2278,"fun fact dasar hukum pelaksanaan mbg yaitu perpres nomor 83 tahun 2024 tentang badan gizi nasional badan gizi nasional , yang mana yang menetapkan peraturan tersebut adalah pria solo bisa dicek sendiri di jdih",209,34,neutral,0.9858813285827637,fun fact dasar hukum laksana mbg pres nomor 83 tahun 2024 badan gizi nasional badan gizi nasional  mana tetap atur sebut pria solo cek sendiri jdih,anger,0.34863537549972534
"Waktu dia masih jadi aktif tentara ajah banyak yg ngk mau kalau dia menjabat pangkat tinggi karena ngk mau mendengarkan nasihat orang lain , nah skrg udah pada kerasa kan gimana keras kepala nya nih orang setelah menjadi orang no 1 di indonesia
Gusdur ajah bilang kalau dia itu ngk boleh di kasih kekuasaan",1,1 month ago,@immanuelpurba7271,"waktu dia masih jadi aktif tentara ajah banyak yang ngk mau kalau dia menjabat pangkat tinggi karena ngk mau mendengarkan nasihat orang lain , nah sekarang sudah pada kerasa kan gimana keras kepala nya ini orang setelah menjadi orang no 1 di indonesia gusdur ajah bilang kalau dia itu ngk boleh di kasih kekuasaan",313,54,negative,0.995123565196991,waktu aktif tentara ajah banyak ngk mau jabat pangkat tinggi ngk mau dengar nasihat orang  nah sekarang rasa gimana keras kepala orang jadi orang no 1 indonesia gusdur ajah bilang ngk kasih kuasa,anger,0.7973008751869202
"Atasi stunting koh MBG anak sekolah,  kuliah di mana ya...",0,1 month ago,@igirpuntuk8038,"atasi stunting koh mbg anak sekolah, kuliah di mana ya...",57,10,neutral,0.7211241722106934,atas stunting koh mbg anak sekolah kuliah mana ya,sadness,0.3603665232658386
Selanjutnya tolong bahas dan teliti tentang koperasi merah putih buk,0,1 month ago,@ash8149-d9s,selanjutnya tolong bahas dan teliti tentang koperasi merah putih buk,68,10,neutral,0.9983421564102173,lanjut bahas teliti koperasi merah putih buk,happy,0.8003985285758972
"Kalau saya mbg merusak UKM
Dan melambung nya sayuran",0,1 month ago,@MSNOODLE-m4n,kalau saya mbg merusak ukm dan melambung nya sayuran,52,9,negative,0.9975494742393494,mbg rusak ukm lambung sayur,fear,0.34243401885032654
"2:07 miliar apa triluan nih gak masuk anggal anggaran 268 triluan bukan negara Amerika,",0,1 month ago,@elzafadli2764,"2 07 miliar apa triluan ini tidak masuk anggal anggaran 268 triluan bukan negara amerika,",89,15,neutral,0.6767486929893494,2 07 miliar apa triluan masuk anggal anggar 268 triluan bukan negara amerika,anger,0.3677586317062378
"SEKOLAH BANGUNAN JELEK
DAPUR MBG BAGAI VILLA
JEPANG MAJU KARENA ILMU PENGETAHUAN, IRAN MENYUSUL DENGAN TEKNOLOGI
INDONESIA DENGAN MBG, ITU JUGA DIKORUPSI GAK SESUAI NOMINALNYA
IDE T0L0L SIAPA ITU?
🤣🤣🤣",0,1 month ago,@khabibnurmagomedov3682,"sekolah bangunan jelek dapur mbg bagai villa jepang maju karena ilmu pengetahuan, iran menyusul dengan teknologi indonesia dengan mbg, itu juga dikorupsi tidak sesuai nominalnya ide t0l0l siapa itu",197,29,negative,0.9981892704963684,sekolah bangun jelek dapur mbg bagai villa jepang maju ilmu tahu iran susul teknologi indonesia mbg korupsi sesuai nominal ide t0l0l siapa,anger,0.7824268341064453
MBG ladang korupsi atas Nama Negara,0,1 month ago,@budisukahar-q6k6j,mbg ladang korupsi atas nama negara,35,6,negative,0.7309917211532593,mbg ladang korupsi atas nama negara,anger,0.647301197052002
"MBG ladang kurupsi,pintar menciptakan ladang kurupsi.",0,1 month ago,@Dedi-h7o,"mbg ladang kurupsi,pintar menciptakan ladang kurupsi.",53,6,negative,0.9422106742858887,mbg ladang kurupsi pintar cipta ladang kurupsi,happy,0.38525891304016113
"Tidak ada maanfaat sama sekali.....

Mendingan dana mbg itu untuk guru guru yang mengajar gaji yg tidak sesuai.....

Guru itu napasnya indonesia...tanpa guru dunia tidak akan berkembang",0,1 month ago,@muhammadiqbalkopong3448,tidak ada maanfaat sama sekali..... mendingan dana mbg itu untuk guru guru yang mengajar gaji yang tidak sesuai..... guru itu napasnya indonesia...tanpa guru dunia tidak akan berkembang,185,27,negative,0.9977333545684814,maanfaat sama sekali mending dana mbg guru guru ajar gaji sesuai guru napas indonesia tanpa guru dunia kembang,anger,0.7278282642364502
"Semoga cma pas wowo menjabat aja, selesai jd persiden,bubarin,😢 semoga sblm selesai pemilu bubarin aj, kebanyakan mendarat nya",0,1 month ago,@harisfauzi8516,"semoga cma pas wowo menjabat aja, selesai jadi persiden,bubarin, semoga sblm selesai pemilu bubarin aj, kebanyakan mendarat nya",127,18,negative,0.7204676270484924,moga cma pas wowo jabat aja selesai persiden bubarin moga sblm selesai milu bubarin aj banyak darat,happy,0.41602206230163574
"MBG ini yha untuk kamu dan yang kamu percaya yaitu si kepala BOTAK untuk menjalankan korupsi secara terang terangan, kan masih ada lagi yang direkayasa yang ada kaitanya MBG untuk bisa dikorupsi, inilah pemimpin kita yang sangat rakus.",0,1 month ago,@Junaedi-u1x,"mbg ini yha untuk kamu dan yang kamu percaya yaitu si kepala botak untuk menjalankan korupsi secara terang terangan, kan masih ada lagi yang direkayasa yang ada kaitanya mbg untuk bisa dikorupsi, inilah pemimpin kita yang sangat rakus.",235,38,negative,0.9988051652908325,mbg yha kamu kamu percaya si kepala botak jalan korupsi terang terang rekayasa kaitanya mbg korupsi ini pimpin sangat rakus,anger,0.9133120775222778
"Fakta korupsi, udah se gede megalodonpun tetap bakal dibela sama prabowo, ingat yg ga ngedukung MBG adalah antek"" asing😅😅😅",0,1 month ago,@angeldewi85,"fakta korupsi, sudah se gede megalodonpun tetap bakal dibela sama prabowo, ingat yang tidak ngedukung mbg adalah antek asing",124,19,negative,0.9805593490600586,fakta korupsi se gede megalodonpun tetap bakal bela sama prabowo ingat ngedukung mbg antek asing,anger,0.8770402669906616
Tdk akan pernah puas apa yg di lakukan pemerintah bagi penghianat bangsa dan pembenci yg g suka lihat negara sendiri berkembang atau maju😏 untuk pak Prabowo dan pemerintah semangat terus berjuang untuk rakyat💪🇮🇩👍,0,1 month ago,@ummamahevintasaupan2765,tidak akan pernah puas apa yang di lakukan pemerintah bagi penghianat bangsa dan pembenci yang g suka lihat negara sendiri berkembang atau maju untuk bapak prabowo dan pemerintah semangat terus berjuang untuk rakyat,215,33,positive,0.8986752033233643,pernah puas apa laku perintah penghianat bangsa benci g suka lihat negara sendiri kembang maju bapak prabowo perintah semangat terus juang rakyat,anger,0.5883845686912537
"MBG itu potret ketidakmampuan pemerintah dalam memperbaiki perekonomian negara. Seolah2 masyarakat dikasih lihat, negara Indonesia ini sejak dibawah pemerintahan prabowo hebat Indonesia bisa memberikan makan bergizi gratis, ekonomi Indonesia surplus. Semuanya dgn cara membelanjakan uang pajak rakyat😂. Dan itu disebut makan bergizi gratis 😂. Disamping itu pemerintah gak mau ngurusin investasi yang menurun dan lapangan kerja yang sedikit, pemerintah selalu mengelak kalo itu semua karena angkatan kerja Indonesia yg tidak kompeten.",0,1 month ago,@InNdraiyud,"mbg itu potret ketidakmampuan pemerintah dalam memperbaiki perekonomian negara. seolah2 masyarakat dikasih lihat, negara indonesia ini sejak dibawah pemerintahan prabowo hebat indonesia bisa memberikan makan bergizi gratis, ekonomi indonesia surplus. semuanya dengan cara membelanjakan uang pajak rakyat . dan itu disebut makan bergizi gratis . disamping itu pemerintah tidak mau ngurusin investasi yang menurun dan lapangan kerja yang sedikit, pemerintah selalu mengelak kalau itu semua karena angkatan kerja indonesia yang tidak kompeten.",540,72,negative,0.981052815914154,mbg potret ketidakmampuan perintah baik ekonomi negara seolah2 masyarakat kasih lihat negara indonesia sejak bawah perintah prabowo hebat indonesia beri makan gizi gratis ekonomi indonesia surplus semua cara belanja uang pajak rakyat  sebut makan gizi gratis  samping perintah mau ngurusin investasi turun lapang kerja sedikit perintah selalu elak semua angkat kerja indonesia kompeten,anger,0.44509175419807434
"Betul tuh min ngomu, jika masa perang dunia 3 yang menolak food estate dan MBG akan diberlakukan seperti kampanye patriotic grow inggris masa perang dunia 2 nanti di lapangan sepakbola, trotoar bahkan balkon untuk tanam sendiri",0,1 month ago,@adita6572,"betul itu min ngomu, jika masa perang dunia 3 yang menolak food estate dan mbg akan diberlakukan seperti kampanye patriotic grow inggris masa perang dunia 2 nanti di lapangan sepakbola, trotoar bahkan balkon untuk tanam sendiri",227,36,negative,0.9514180421829224,betul min ngomu masa perang dunia 3 tolak food estate mbg laku kampanye patriotic grow inggris masa perang dunia 2 lapang sepakbola trotoar bahkan balkon tanam sendiri,anger,0.8803936243057251
"kalian bisa ngebayangin ga ? 
duit judol ribuan triliun kalau langsung di sita bakal seheboh apa ?
nah ini cara halusnya 
rapi , terlihat dermawan dan duit landing dengan aman 😂,",0,1 month ago,@ANONCXTYU,"kalian bisa ngebayangin tidak duit judol ribuan triliun kalau langsung di sita bakal seheboh apa nah ini cara halusnya rapi , terlihat dermawan dan duit landing dengan aman ,",174,29,positive,0.9829815030097961,kalian ngebayangin duit judol ribu triliun langsung sita bakal heboh apa nah cara halus rapi  lihat dermawan duit landing aman ,happy,0.5640213489532471
MBG Baik hanya sedikit tidak masuk akal. Hanya menerapkan kebijakan Tidak ada reset mendalam. CARI MITRA DALAM PENGELOLAAN PUTAR RODA EKONOMI SECARA MAKSIMAL LELANG UNTUK MENGOLOA MBG SECARA INDIVENDEN,0,1 month ago,@SawiChibi,mbg baik hanya sedikit tidak masuk akal. hanya menerapkan kebijakan tidak ada reset mendalam. cari mitra dalam pengelolaan putar roda ekonomi secara maksimal lelang untuk mengoloa mbg secara indivenden,201,29,positive,0.5993283987045288,mbg baik sedikit masuk akal terap bijak reset dalam cari mitra kelola putar roda ekonomi maksimal lelang mengoloa mbg indivenden,anger,0.6903902888298035
"najis pilih wowo lagi,gara2 MBG harga pada mahal,ekonomi menengah k bawah menjerit.perputaran uang cuma dari pemilik MBG grosir ke atas,pasar sama warung mah,cuma nonton ke tololan prabowo.",0,1 month ago,@mozagege44,"najis pilih wowo lagi,gara2 mbg harga pada mahal,ekonomi menengah k bawah menjerit.perputaran uang cuma dari pemilik mbg grosir ke atas,pasar sama warung mah,cuma nonton ke tololan prabowo.",189,27,negative,0.9951985478401184,najis pilih wowo lagi gara2 mbg harga mahal ekonomi tengah k bawah jerit putar uang cuma milik mbg grosir atas pasar sama warung mah cuma nonton tolol prabowo,anger,0.9356997609138489
"Proyek orang gede, yang miskin makin terjepit...",0,1 month ago,@Tirta260189,"proyek orang gede, yang miskin makin terjepit...",48,7,negative,0.9926773309707642,proyek orang gede miskin makin jepit,anger,0.5262898802757263
"MBG adalah beban negara, lebih baik di hapus saja",0,1 month ago,@AhmadCarita-xx3qv,"mbg adalah beban negara, lebih baik di hapus saja",49,9,negative,0.8225115537643433,mbg beban negara lebih baik hapus,anger,0.32720622420310974
"katanya tujuan MBG salah satunya adalah penurunan angka stunting. Setahu saya, stunting itu bisa terjadi sejak anak masih dalam kandungan ibunya hingga balita, dan sudah seharusnya  MBG ini sebagian besar fokusnya adalah di sektor kesehatan pada balita, ibu hamil, dan menyusui. fokus ke situ, dan untuk anak-anak sekolah bisalah dipilah dan dipilih mana yang yang paling memerlukan, sehingga lebih tepat sasaran dan hemat anggaran sehingga porsi makanan yang diberikan bisa lebih berkualitas. dan kalau katanya untuk sektor ekonomi/ UMKM, kayaknya SPPG sudah punya ""kontrak"" khusus dengan penyedia bahan baku makanannya yang mau diajak kerja sama. artinya sudah ""dimonopoli"" oleh satu pihak/penjual",0,1 month ago,@heriberbagi029,"katanya tujuan mbg salah satunya adalah penurunan angka stunting. setahu saya, stunting itu bisa terjadi sejak anak masih dalam kandungan ibunya hingga balita, dan sudah seharusnya mbg ini sebagian besar fokusnya adalah di sektor kesehatan pada balita, ibu hamil, dan menyusui. fokus ke situ, dan untuk anak anak sekolah bisalah dipilah dan dipilih mana yang yang paling memerlukan, sehingga lebih tepat sasaran dan hemat anggaran sehingga porsi makanan yang diberikan bisa lebih berkualitas. dan kalau katanya untuk sektor ekonomi umkm, kayaknya satuan pelayanan pemenuhan gizi sudah punya kontrak khusus dengan penyedia bahan baku makanannya yang mau diajak kerja sama. artinya sudah dimonopoli oleh satu pihak penjual",720,106,positive,0.8994119763374329,kata tuju mbg salah satu turun angka stunting tahu saya stunting jadi sejak anak kandung ibu hingga balita mbg bagi besar fokus sektor sehat balita ibu hamil susu fokus situ anak anak sekolah bisa pilah pilih mana paling perlu lebih tepat sasar hemat anggar porsi makan beri lebih kualitas kata sektor ekonomi umkm kayak satu layan penuh gizi punya kontrak khusus sedia bahan baku makan mau ajak kerja sama arti monopoli satu pihak jual,sadness,0.5424734354019165
"mbg gak ada manfaat nya mbg program maling, koruptor, program gagal, cepat 5 th, trus ganti persiden yg bisa melepaskan rakyat dari kemiskinan dan memberantas koruptor yg menjamur di pemerintah han Indonesia",0,1 month ago,@rozak-u2z,"mbg tidak ada manfaat nya mbg program maling, koruptor, program gagal, cepat 5 th, trus ganti persiden yang bisa melepaskan rakyat dari kemiskinan dan memberantas koruptor yang menjamur di pemerintah han indonesia",213,32,negative,0.997473418712616,mbg manfaat mbg program maling koruptor program gagal cepat 5 th trus ganti persiden lepas rakyat miskin berantas koruptor jamur perintah han indonesia,anger,0.9406137466430664
"Percuma mau 300jt rakyat teriaak stop MBG tiap hari, kalo DPR nya diem aja ga ada yg mewakili suara rakyat. Sudah busuk dari dalem pemerintahannya. Masa pemerintahan ga ada oposisi sama sekali? Dan rakyat jg diem aja ga punya daya ga bs protes turun ke jalan. Tinggal tunggu kehancuran kah?",0,1 month ago,@gRacieBerry89,"percuma mau 300 juta rakyat teriaak stop mbg tiap hari, kalau dewan perwakilan rakyat nya diem aja tidak ada yang mewakili suara rakyat. sudah busuk dari dalem pemerintahannya. masa pemerintahan tidak ada oposisi sama sekali dan rakyat juga diem aja tidak punya daya tidak bisa protes turun ke jalan. tinggal tunggu kehancuran kah",330,53,negative,0.999015212059021,percuma mau 300 juta rakyat teriaak stop mbg tiap hari dewan wakil rakyat diem wakil suara rakyat busuk dalem perintah masa perintah oposisi sama sekali rakyat diem punya daya protes turun jalan tinggal tunggu hancur,anger,0.9619492292404175
Di tempatku tinggal aja. Gak ada MBG MBG an.,0,1 month ago,@zani-vv1vm,di tempatku tinggal aja. tidak ada mbg mbg an.,46,9,negative,0.8793217539787292,tempat tinggal aja mbg mbg an,sadness,0.5696823000907898
"Anggaran negara abis di korup sama pejabat ,Bawak Bawak nama MBG untuk menghilangkan dalangnya,",0,1 month ago,@RikoArdiansyah-y1r,"anggaran negara abis di korup sama pejabat ,bawak bawak nama mbg untuk menghilangkan dalangnya,",95,14,negative,0.9959296584129333,anggar negara abis korup sama jabat bawak bawak nama mbg hilang dalang,anger,0.7423572540283203
"Harus lebih banyak belajar nya dri pada makannya, makan bergizi nggk salah, di luar negeri makan bergizi itu ada tpi dapur nya itu di skolah di kelola di skolah, klo dapur nya di luar kemungkinan besar di korup yaa ada",0,1 month ago,@muhammadsyaiful13,"harus lebih banyak belajar nya dri pada makannya, makan bergizi nggk salah, di luar negeri makan bergizi itu ada tpi dapur nya itu di skolah di kelola di skolah, kalau dapur nya di luar kemungkinan besar di korup yaa ada",220,40,positive,0.8534567952156067,lebih banyak ajar dri makan makan gizi nggk salah luar negeri makan gizi tpi dapur skolah kelola skolah dapur luar mungkin besar korup yaa,anger,0.3662736713886261
"makanya kalau tujuannya meningkatkan ekonomi rakyat dan juga untuk meningkatkan gizi anak. cukup 
1. gunakan kantin sekolah. buat menu tetap ke kantin (pesanana). nominal pembelian adalah nominal normal harga beli disetiap daerah. kantin akan belanja di pasar. 
mekanisme pengawasan dari pihak MBG dan sekolah secara langsung, bukan sistem tender, melainkan sistem belanja sekolah secara nyata di lingkungan sekolah. dampaknya jelas ke seluruh jaringan masyarakat. dan untuk pengawasan tidak tercentral melainkan terjadi dari berbagai pihak. dan keikut sertaan sekolah dalam peran menjaga kualitas akan sangat penting mengingat merekalah yang mengetahui anak secara langsung jadi misalkan ada anak yang alergi makanan tertentu akan disesuaikan menunya dengan kebutuhan anak. hal ini akan semakin padu karena data hadir tidak hanya dari pusat, tapi bahkan dari tenaga pendidik dilapangan. 
kalau tujuannya bukan sebatas memelihara kantong suara untuk masa depan pemimpinnya.",0,1 month ago,@AdiYTWord,"makanya kalau tujuannya meningkatkan ekonomi rakyat dan juga untuk meningkatkan gizi anak. cukup 1. gunakan kantin sekolah. untuk menu tetap ke kantin pesanana . nominal pembelian adalah nominal normal harga beli disetiap daerah. kantin akan belanja di pasar. mekanisme pengawasan dari pihak mbg dan sekolah secara langsung, bukan sistem tender, melainkan sistem belanja sekolah secara nyata di lingkungan sekolah. dampaknya jelas ke seluruh jaringan masyarakat. dan untuk pengawasan tidak tercentral melainkan terjadi dari berbagai pihak. dan keikut sertaan sekolah dalam peran menjaga kualitas akan sangat penting mengingat merekalah yang mengetahui anak secara langsung jadi misalkan ada anak yang alergi makanan tertentu akan disesuaikan menunya dengan kebutuhan anak. hal ini akan semakin padu karena data hadir tidak hanya dari pusat, tapi bahkan dari tenaga pendidik dilapangan. kalau tujuannya bukan sebatas memelihara kantong suara untuk masa depan pemimpinnya.",970,136,positive,0.8887143731117249,makanya tuju tingkat ekonomi rakyat tingkat gizi anak cukup 1 guna kantin sekolah menu tetap kantin pesanana  nominal beli nominal normal harga beli tiap daerah kantin belanja pasar mekanisme awas pihak mbg sekolah langsung bukan sistem tender sistem belanja sekolah nyata lingkung sekolah dampak jelas seluruh jaring masyarakat awas tercentral jadi bagai pihak ikut serta sekolah peran jaga kualitas sangat penting ingat mereka tahu anak langsung misal anak alergi makan tentu sesuai menu butuh anak makin padu data hadir pusat bahkan tenaga didik lapang tuju bukan batas pelihara kantong suara masa depan pimpin,sadness,0.3336971402168274
"Bagi petani pun tidak berdampak karna mereka belinya pun dari suplayer besar bukan dari petani kecil, terus dapur sppg juga beli bahan baku dg harga murah tapi sama mereka di markup harga di nota nya",0,1 month ago,@asepagungofficial,"bagi petani pun tidak berdampak karna mereka belinya pun dari suplayer besar bukan dari petani kecil, terus dapur satuan pelayanan pemenuhan gizi juga beli bahan baku dengan harga murah tapi sama mereka di markup harga di nota nya",230,38,negative,0.8336963057518005,tani dampak karna beli suplayer besar bukan tani kecil terus dapur satu layan penuh gizi beli bahan baku harga murah sama markup harga nota,sadness,0.6206461191177368
Bukan penggerak ekonomi rakyat tapi penggerak ekonomi pemilik dapur,0,1 month ago,@asepagungofficial,bukan penggerak ekonomi rakyat tapi penggerak ekonomi pemilik dapur,67,9,negative,0.9572911262512207,bukan gerak ekonomi rakyat gerak ekonomi milik dapur,anger,0.3870481550693512
Badan ngrampok duit rakyat kere,0,1 month ago,@ariwibowo7922,badan ngrampok duit rakyat kere,31,5,negative,0.9975676536560059,badan ngrampok duit rakyat kere,anger,0.838222324848175
"menurut gw MBG itu bukan investasi untuk masa depan anak bangsa, tapi MBG itu investasi untuk rezim atau kelompok tertentu untuk mendapatkan lebih banyak suara di periode selanjutnya",1,1 month ago,@ripandarimars,"menurut saya mbg itu bukan investasi untuk masa depan anak bangsa, tapi mbg itu investasi untuk rezim atau kelompok tertentu untuk mendapatkan lebih banyak suara di periode selanjutnya",184,28,negative,0.9664914011955261,mbg bukan investasi masa depan anak bangsa mbg investasi rezim kelompok tentu dapat lebih banyak suara periode lanjut,anger,0.521178662776947
Pemilihan presiden masih lama ya ?,0,1 month ago,@dimashekmatyar1439,pemilihan presiden masih lama ya,32,5,negative,0.8699212670326233,pilih presiden lama,happy,0.5105995535850525
"Setelah tau program ini jadi ajang korup masal, sejak saat itu juga ayah sama abang ga mau lagi suplai semangka dan melon ke mereka.
Alhasil mereka nyari buah buahan sampe keluar daerah..😂",0,1 month ago,@nurrifdah7193,"setelah tau program ini jadi ajang korup masal, sejak saat itu juga ayah sama abang tidak mau lagi suplai semangka dan melon ke mereka. alhasil mereka nyari buah buahan sampe keluar daerah..",190,32,negative,0.9795193076133728,tau program ajang korup masal sejak ayah sama abang mau suplai semangka melon mereka alhasil nyari buah buah sampe keluar daerah,sadness,0.6829541921615601
"pemilik dapur sppg setahu saya hanya milik orang yg punya koneksi ke partai pemenang, kemudian belanja kebutuhan sppg ratarata langsung ke distributor, sama ke penjual partai besar,, pedagang kecil gak dapat manfaat dari progam ini",0,1 month ago,@NurBasyar,"pemilik dapur satuan pelayanan pemenuhan gizi setahu saya hanya milik orang yang punya koneksi ke partai pemenang, kemudian belanja kebutuhan satuan pelayanan pemenuhan gizi ratarata langsung ke distributor, sama ke penjual partai besar,, pedagang kecil tidak dapat manfaat dari progam ini",289,41,negative,0.9833926558494568,milik dapur satu layan penuh gizi tahu milik orang punya koneksi partai menang kemudian belanja butuh satu layan penuh gizi ratarata langsung distributor sama jual partai besar dagang kecil manfaat progam,anger,0.6595377922058105
Penggerak ekonomi masyarakat kau kasih dana langsung ke masyarakat,0,1 month ago,@Timbul-g2w,penggerak ekonomi masyarakat kau kasih dana langsung ke masyarakat,66,9,neutral,0.8634031414985657,gerak ekonomi masyarakat kau kasih dana langsung masyarakat,happy,0.5493825078010559
"Proyek kurang ajar, sudah seharusnya prabowo di turunkan",0,1 month ago,@Timbul-g2w,"proyek kurang ajar, sudah seharusnya prabowo di turunkan",56,8,negative,0.9981346130371094,proyek kurang ajar prabowo turun,anger,0.7375285029411316
"Anak2 dikasih makan 1x sehari dengan nilai 10k-8k, tapi orang tua menghadapi inflasi bahan pokok. bahkan ayam naik 10k/kg, lebih besar tanggungan inflasi dari pada nilai makan bergizi yang cuma 1x, entahlah mereka mikir atau tidak",0,1 month ago,@isee5599,"anak2 dikasih makan 1x sehari dengan nilai 10 ribu 8 ribu, tapi orang tua menghadapi inflasi bahan pokok. bahkan ayam naik 10 ribu kg, lebih besar tanggungan inflasi dari pada nilai makan bergizi yang cuma 1x, entahlah mereka mikir atau tidak",242,41,negative,0.9709818363189697,anak2 kasih makan 1x hari nilai 10 ribu 8 ribu orang tua hadap inflasi bahan pokok bahkan ayam naik 10 ribu kg lebih besar tanggung inflasi nilai makan gizi cuma 1x entah mikir,sadness,0.6652489900588989
"Terimakasih sudah memberikan edukasi, smoga banyak masyarakat sadar",0,1 month ago,@alfazzachanel4064,"terimakasih sudah memberikan edukasi, smoga banyak masyarakat sadar",67,8,positive,0.882128894329071,terimakasih beri edukasi smoga banyak masyarakat sadar,happy,0.9292182922363281
"Dari duit segitu banyaknya dripada dikorupsi para elit ,ya mending di salurkan ke rakyat menengah kebawah lahh.. ada pekerjaan para bocah bisa makan bergizi. Yaa cumaitu pelaksanaannya diperbaiki lg.",1,1 month ago,@YusufAbzul,"dari duit segitu banyaknya dripada dikorupsi para elit ,ya mending di salurkan ke rakyat menengah kebawah lahh.. ada pekerjaan para bocah bisa makan bergizi. yaa cumaitu pelaksanaannya diperbaiki lg.",199,29,negative,0.9654772281646729,duit segitu banyak dripada korupsi elit ya mending salur rakyat tengah bawah lahh kerja bocah makan gizi yaa cumaitu laksana baik lg,anger,0.7194581031799316
Bukan untuk rakyat tapi bisnis para pejabatnya😂,0,1 month ago,@helmifajar138,bukan untuk rakyat tapi bisnis para pejabatnya,46,7,negative,0.9980973601341248,bukan rakyat bisnis jabat,anger,0.7142873406410217
Komen gue sama kek kalian. Thanks udah speak up,0,1 month ago,@saifuzzuhri6272,komen saya sama kek kalian. thanks sudah speak up,49,9,positive,0.371567964553833,komen sama kek kalian thanks speak up,happy,0.7384533286094666
ini lo orang butak yg ngeyel mslh  mbg ruweet ni malh beri montor pegawe rakyat susah,0,1 month ago,@mbahronggo3960,ini kamu orang butak yang ngeyel mslh mbg ruweet ini malh beri montor pegawe rakyat susah,89,16,negative,0.999200165271759,kamu orang butak ngeyel mslh mbg ruweet malh beri montor pegawe rakyat susah,anger,0.969578742980957
"Walaupun anak saya dua duanya dapat jatah MBG tapi saya tidak setuju dengan adanya MBG,sebab sangat tidak berpengaruh dalam kehidupan ekonomi keluarga saya,nyatanya uang saku anak anak saya tetap walaupun dapat jatah makan siang dr MBG.lebih baik MBG di hentikan dan dialihkan ke pendidikan gratis.",0,1 month ago,@suliswanto3714,"walaupun anak saya dua duanya dapat jatah mbg tapi saya tidak setuju dengan adanya mbg,sebab sangat tidak berpengaruh dalam kehidupan ekonomi keluarga saya,nyatanya uang saku anak anak saya tetap walaupun dapat jatah makan siang dari mbg.lebih baik mbg di hentikan dan dialihkan ke pendidikan gratis.",300,45,negative,0.8713682293891907,walaupun anak dua jatah mbg tuju ada mbg sebab sangat pengaruh hidup ekonomi keluarga saya nyata uang saku anak anak tetap walaupun jatah makan siang mbg lebih baik mbg henti alih didik gratis,sadness,0.6200721859931946
"BKN gratis Rkyt yg byr MBG tmpt Sarang Koropsi makin lama makin GK karuwan Nasi basi , LELE mentah dikshkan Otak jeblok MBG hrs di hentikan lgi byk yg keracunan byk yg SDH ditolak",0,1 month ago,@JasmiFc-u1p,"bkn gratis rkyt yang byr mbg tmpt sarang koropsi makin lama makin tidak karuwan nasi basi , lele mentah dikshkan otak jeblok mbg harus di hentikan lgi banyak yang keracunan banyak yang sudah ditolak",198,34,negative,0.9968163371086121,bkn gratis rkyt byr mbg tmpt sarang koropsi makin lama makin karuwan nasi basi  lele mentah dikshkan otak jeblok mbg henti lgi banyak racun banyak tolak,sadness,0.5045459866523743
Btw presiden itu bisa dipecat lho. Tolong komen siapa yg tau apa syarat dan gimana caranya mecat presiden,0,1 month ago,@vhruliciouz,btw presiden itu bisa dipecat lho. tolong komen siapa yang tau apa syarat dan gimana caranya mecat presiden,107,18,negative,0.9796436429023743,btw presiden pecat lho komen siapa tau apa syarat gimana cara mecat presiden,anger,0.7913755774497986
PROGRAM TOLLLLLLeransi tinggi terhadap anak,0,1 month ago,@mangaguzsh8664,program tolleransi tinggi terhadap anak,39,5,negative,0.6189171671867371,program tolleransi tinggi anak,happy,0.4153608977794647
Barang naik mbg tambah dikit,0,1 month ago,@isnanang7563,barang naik mbg tambah dikit,28,5,neutral,0.6354724168777466,barang naik mbg tambah dikit,happy,0.44417276978492737
"Berdasarkan kejadian yang sudah sudah, buat saya MBG jelas program megakorupsi yang dilegalkan. Dibilang manfaat ya manfaat buat dapur, ordal lagi ordal lagi. Apalagi polisi tni kok punya dapur, makin mantap kan. Dilihat dari hal paling remeh pun, orang ga bisa nyetir juga jadi supir mbg, kurang kocak apalagi?",0,1 month ago,@deepestsagara,"berdasarkan kejadian yang sudah sudah, untuk saya mbg jelas program megakorupsi yang dilegalkan. dibilang manfaat ya manfaat untuk dapur, ordal lagi ordal lagi. apalagi polisi tni kok punya dapur, makin mantap kan. dilihat dari hal paling remeh pun, orang tidak bisa nyetir juga jadi supir mbg, kurang kocak apalagi",315,49,positive,0.9674379229545593,dasar jadi sudah mbg jelas program megakorupsi legal bilang manfaat manfaat dapur ordal ordal lagi polisi tni kok punya dapur makin mantap kan lihat paling remeh pun orang nyetir supir mbg kurang kocak,anger,0.6268370747566223
Saya dukung MBG 100%..🔥🔥 semoga sy di ajak kerja di Sppg 😅😅,0,1 month ago,@alinur9365,saya dukung mbg 100%.. semoga sy di ajak kerja di satuan pelayanan pemenuhan gizi,81,14,positive,0.7907400727272034,dukung mbg 100 moga sy ajak kerja satu layan penuh gizi,happy,0.9345306754112244
Program ini harus di hentikan,0,1 month ago,@Malaba21,program ini harus di hentikan,29,5,negative,0.9679685235023499,program henti,sadness,0.38242602348327637
Ukaem remuk bikin pusing pedagang kecil,0,1 month ago,@BossCeer10,ukaem remuk bikin pusing pedagang kecil,39,6,negative,0.9980037808418274,ukaem remuk bikin pusing dagang kecil,sadness,0.3606072664260864
Beli motor listrik lagi😂😂😂buat apa sedangkan 1 porsi 10 ribu mahalan makanan kucing bobi prabowo,0,1 month ago,@robiobe8672,beli motor listrik lagi untuk apa sedangkan 1 porsi 10 ribu mahalan makanan kucing bobi prabowo,95,16,negative,0.9175369143486023,beli motor listrik apa 1 porsi 10 ribu mahal makan kucing bobi prabowo,anger,0.8464365601539612
Tidak bermanfaat hanya buang buang uang negara yang memaksa wajib pajak 😢😢😢,0,1 month ago,@UsmanAlex-rm1ww,tidak bermanfaat hanya buang buang uang negara yang memaksa wajib pajak,71,11,negative,0.9984585046768188,manfaat buang buang uang negara paksa wajib pajak,anger,0.5011093020439148
Ladang korup51😢😡. Dari atas sm paling bawah. Yg tdk berhak mendapatkan pun dpt mbg yg penting ada 0rd4l,0,1 month ago,@Muh.Raihan-cd8yk,ladang korup51 . dari atas sama paling bawah. yang tidak berhak mendapatkan pun dapat mbg yang penting ada 0rd4l,112,19,negative,0.9855358600616455,ladang korup51  atas sama paling bawah hak dapat mbg penting 0rd4l,anger,0.6915535926818848
Ini lebih ke bisnis dan ngabisin uang negara 😂,0,1 month ago,@r.m.gchanel9355,ini lebih ke bisnis dan ngabisin uang negara,44,8,negative,0.8529226779937744,lebih bisnis ngabisin uang negara,anger,0.6921311020851135
"Tidak berman pa at , anak sekolah pintar di didik oleh guru  bukan dari makanan beracun atau mbg , bohong itu rakyat gapercaya itu akal akalan prabowo ,tai lu",0,1 month ago,@TaTang-lc7pm,"tidak berman pa at , anak sekolah pintar di didik oleh guru bukan dari makanan beracun atau mbg , bohong itu rakyat gapercaya itu akal akalan prabowo ,tai kamu",159,29,negative,0.9985809326171875,man pa at  anak sekolah pintar didik guru bukan makan racun mbg  bohong rakyat gapercaya akal akal prabowo tai kamu,anger,0.9645033478736877
"Dipaksa ada pas puasa aja janggal banget, jelas banget biar dana nya diambil terus +  pasti pemilu besok bakal diungkit ungkit (padahal gak ada yang  minta waktu itu🤡)",0,1 month ago,@jelipoter,"dipaksa ada pas puasa aja janggal banget, jelas banget biar dana nya diambil terus pasti pemilu besok bakal diungkit ungkit padahal tidak ada yang minta waktu itu",162,27,negative,0.9952749013900757,paksa pas puasa janggal banget jelas banget biar dana ambil terus milu besok bakal ungkit ungkit padahal minta waktu,anger,0.7020969390869141
"MBG Habisin duit Triliunan rupiah dari pajak rakyat habis di kloset, lalu perputaran ekonominya dimana...???",0,1 month ago,@Arniltola14,"mbg habisin duit triliunan rupiah dari pajak rakyat habis di kloset, lalu perputaran ekonominya dimana...",105,15,negative,0.9953587651252747,mbg habisin duit triliun rupiah pajak rakyat habis kloset lalu putar ekonomi mana,anger,0.9235351085662842
"setuju sih lebih butuh pendidikan daripada MBG ini, gua alhamdulillah ga kekurangan gizi, tapi ga bisa kuliah karena faktor biaya, jadi harus kerja dan biayai keluarga, coba lah pemerintah kasih pendidikan gratis minimal s1 buat yang kurang mampu, maju lah negara ini",0,1 month ago,@wisangdrillian,"setuju sih lebih butuh pendidikan daripada mbg ini, gua alhamdulillah tidak kekurangan gizi, tapi tidak bisa kuliah karena faktor biaya, jadi harus kerja dan biayai keluarga, coba lah pemerintah kasih pendidikan gratis minimal s1 untuk yang kurang mampu, maju lah negara ini",274,42,positive,0.9283562898635864,tuju lebih butuh didik mbg ini gua alhamdulillah kurang gizi kuliah faktor biaya kerja biaya keluarga coba perintah kasih didik gratis minimal s1 kurang mampu maju negara,happy,0.6778875589370728
Prabowo gampang dikadalin orang2 bodoh yg licik ... apalagi sama raja iblis yg lagi sakit kurap ... 😮,0,1 month ago,@saintcibin4442,prabowo gampang dikadalin orang2 bodoh yang licik ... apalagi sama raja iblis yang lagi sakit kurap ...,103,17,negative,0.9991148114204407,prabowo gampang dikadalin orang2 bodoh licik  sama raja iblis sakit kurap ,anger,0.9647388458251953
"Ini tuh emang niat cari cuan,,,proyek jualan nasi,camilan warung n tas belanja. Yg untung dah jls siapa. Jk memang niat ngurangin stunting n gk ada embel2 berbisnis,,, pasti duit bs langsung di kasi ke ortu2/ibu hamil yg kurang mampu sj. Yg terjadi orkay dapet, murid2 SMP/SMA pun dapat, kata gizi n gratisnya pun prankkk.",0,1 month ago,@Ss80824,"ini itu memang niat cari cuan,,proyek jualan nasi,camilan warung n tas belanja. yang untung dah jls siapa. jika memang niat ngurangin stunting n tidak ada embel2 berbisnis,, pasti duit bisa langsung di kasi ke ortu2 ibu hamil yang kurang mampu sj. yang terjadi orkay dapet, murid2 smp sma pun dapat, kata gizi n gratisnya pun prankk.",333,56,positive,0.6563464403152466,memang niat cari cuan proyek jual nasi camil warung n tas belanja untung dah jls siapa memang niat ngurangin stunting n embel2 bisnis duit langsung kasi ortu2 ibu hamil kurang mampu sj jadi orkay dapet murid2 smp sma dapat kata gizi n gratis prankk,anger,0.4142094552516937
"Belajar dari isriwil,china ( positifnya),soal dana pendidikan nya utk😂😂😂",0,1 month ago,@zipzikin7084,"belajar dari isriwil,china positifnya ,soal dana pendidikan nya untuk",69,9,neutral,0.9557207822799683,ajar isriwil china positif soal dana didik,happy,0.707876443862915
"Anggaran MBG dan KOPERASI MERAH PUTIH adalah cara halus mengalihkan uang negara untuk membayar BOKIR AMERIKA, CHINA & JEPANG dan BUNGA UTANG NEGARA. 

Agama berkedok pajak, sdh muak drama Konoha.. UUD dan Agama dijadikan meras rakyat.. Begitu banyaknya utang para mantan penguasa, sampai apa saja di pajak kepada rakyat 

✅ Pajak endaraan
✅ Pajak tanah dan bangunan
✅ Pajak bahan pangan
✅ Pajak transaksi jual beli
✅ Pajak BPJS
✅ Pajak penghasilan
✅ Pajak THR
✅ Pajak Bea Cukai
✅ pajak perusahaan
✅ Pajak Zakat😂😂😂

Hidup mencari nafkah hanya untuk ngurusi bayar pajak sampai mati, pada dasarnya Indonesia sudah diambang tumbang, koruptor di para elit partai merajalelah atas nama Rakyat😂😂

Rakyat Siap-siap menghadapi krisis.. Rakyat Siap-siap hadapi kenyataan..
Rakyat Siap-siap menjadi tumbal.. 
Rakyat Siap-siap hadapi permasalahan negara disebabkan oleh Pemimpin dan Wakil Rakyat",0,1 month ago,@nasabadiofficial409,"anggaran mbg dan koperasi merah putih adalah cara halus mengalihkan uang negara untuk membayar bokir amerika, china jepang dan bunga utang negara. agama berkedok pajak, sudah muak drama konoha.. uud dan agama dijadikan meras rakyat.. begitu banyaknya utang para mantan penguasa, sampai apa saja di pajak kepada rakyat pajak endaraan pajak tanah dan bangunan pajak bahan pangan pajak transaksi jual beli pajak bpjs pajak penghasilan pajak thr pajak bea cukai pajak perusahaan pajak zakat hidup mencari nafkah hanya untuk ngurusi bayar pajak sampai mati, pada dasarnya indonesia sudah diambang tumbang, koruptor di para elit partai merajalelah atas nama rakyat rakyat siap siap menghadapi krisis.. rakyat siap siap hadapi kenyataan.. rakyat siap siap menjadi tumbal.. rakyat siap siap hadapi permasalahan negara disebabkan oleh pemimpin dan wakil rakyat",851,126,negative,0.99793541431427,anggar mbg koperasi merah putih cara halus alih uang negara bayar bokir amerika china jepang bunga utang negara agama kedok pajak muak drama konoha uud agama jadi ras rakyat banyak utang mantan kuasa apa pajak rakyat pajak endaraan pajak tanah bangun pajak bahan pangan pajak transaksi jual beli pajak bpjs pajak hasil pajak thr pajak bea cukai pajak usaha pajak zakat hidup cari nafkah ngurusi bayar pajak mati dasar indonesia ambang tumbang koruptor elit partai merajalelah atas nama rakyat rakyat siap siap hadap krisis rakyat siap siap hadap nyata rakyat siap siap jadi tumbal rakyat siap siap hadap masalah negara sebab pimpin wakil rakyat,anger,0.9207650423049927
Emang kakek lansia ya gini. Suka kurang benar bikin program,0,1 month ago,@kaesangprastiya982,memang kakek lansia ya gini. suka kurang benar bikin program,60,10,negative,0.9986069798469543,memang kakek lansia gin suka kurang benar bikin program,sadness,0.5941129922866821
"Bukan ""Program"" itu tapi ""Proyek""",0,1 month ago,@zabirzabeer2041,bukan program itu tapi proyek,29,5,negative,0.979417622089386,bukan program proyek,happy,0.33210012316703796
"Bubarkan MBG, Kopdes. Berikan lapangan pekerjaan yg layak untuk orang tua. Urusan mkn  anak kembaliak ke ortunya.",0,1 month ago,@babihutan87-o3x4f,"bubarkan mbg, kopdes. berikan lapangan pekerjaan yang layak untuk orang tua. urusan mkn anak kembaliak ke ortunya.",114,17,negative,0.8408381342887878,bubar mbg kopdes ikan lapang kerja layak orang tua urus mkn anak kembaliak ortunya,anger,0.4959378242492676
"Jutaan rakyat kecil yg usaha jualan disekitar sekolah makin meringis,, jualan sepiiii,,  smentara apbn negara trus digerogoti sma KKN oligarki mbg yg panen duit,,",0,1 month ago,@salahbacakitab,"jutaan rakyat kecil yang usaha jualan disekitar sekolah makin meringis,, jualan sepii,, smentara anggaran pendapatan belanja negara negara trus digerogoti sma kkn oligarki mbg yang panen duit,,",193,27,negative,0.9976398944854736,juta rakyat kecil usaha jual sekitar sekolah makin mering jual sepi smentara anggar dapat belanja negara negara trus gerogot sma kkn oligarki mbg panen duit,anger,0.6716598868370056
Buset! Skrg minta sumbangan dr masyarakat😅😅😅,0,1 month ago,@ivonhiero1676,buset sekarang minta sumbangan dari masyarakat,46,6,neutral,0.9215322136878967,buset sekarang minta sumbang masyarakat,anger,0.4424317181110382
MBG....tetap bagus...hambatan banyak...memang hasilnya tidak langsung kelihatan...kami orang desa sederhana...bila gizi anak2 meningkat...kemampuan bersaing anak2 kita di masa depan akan semakin bagus...perut yg kenyang...akan membuat anak punya daya saing yg lebih baik...kalau toh masih ada korupsi...paling tidak yg menikmati hasil korupsi lebih merata...daripada program yg kelihatan bagus...tapi yg bisa korupsi cuma segelintir orang...karena budaya korupsi ini sudah mengakar ke semua sendi di semua sektor di negara ini...semoga anak2 yg menikmati MBG ini dapat memutus mata rantai korupsi kelak di masa depan...,1,1 month ago,@Hinoto1973,mbg....tetap bagus...hambatan banyak...memang hasilnya tidak langsung kelihatan...kami orang desa sederhana...bila gizi anak2 meningkat...kemampuan bersaing anak2 kita di masa depan akan semakin bagus...perut yang kenyang...akan membuat anak punya daya saing yang lebih baik...kalau toh masih ada korupsi...paling tidak yang menikmati hasil korupsi lebih merata...daripada program yang kelihatan bagus...tapi yang bisa korupsi cuma segelintir orang...karena budaya korupsi ini sudah mengakar ke semua sendi di semua sektor di negara ini...semoga anak2 yang menikmati mbg ini dapat memutus mata rantai korupsi kelak di masa depan...,631,81,positive,0.9858325719833374,mbg tetap bagus hambat banyak memang hasil langsung lihat kami orang desa sederhana bila gizi anak2 tingkat mampu saing anak2 masa depan makin bagus perut kenyang akan buat anak punya daya saing lebih baik kalau korupsi paling nikmat hasil korupsi lebih rata daripada program lihat bagus tapi korupsi cuma gelintir orang karena budaya korupsi akar semua sendi semua sektor negara ini moga anak2 nikmat mbg putus mata rantai korupsi kelak masa depan,happy,0.7740353941917419
"maaf kak kalau menguntungkan petani gak begitu juga ,soal nya hasil produksi petani harga di patok pemerintah ,contoh padi , cabe dll , jadi di sini yang paling di untungkan para pengelola  anggaran itu sendiri . maaf kalo komen saya salah ,tonlong koreksi",0,1 month ago,@Wongoraumum,"maaf kak kalau menguntungkan petani tidak begitu juga ,soal nya hasil produksi petani harga di patok pemerintah ,contoh padi , cabe dll , jadi di sini yang paling di untungkan para pengelola anggaran itu sendiri . maaf kalau komen saya salah ,tonlong koreksi",258,43,negative,0.6416232585906982,maaf kak untung tani soal hasil produksi tani harga patok perintah contoh padi  cabe  sini paling untung kelola anggar sendiri  maaf komen salah tonlong koreksi,anger,0.6104423403739929
MBG berjalan setahun saja sudah menjadi bom waktu. Tinggal tunggu aja keruntuhan ekonomi Indonesia nanti di tahun 2029. Dan di tahun tersebut janji politik perbaikan ekonomilah yg akan di gaungkan oleh si PENYEBAB BOM WAKTU ini.,0,1 month ago,@arifinhasibuan8746,mbg berjalan setahun saja sudah menjadi bom waktu. tinggal tunggu aja keruntuhan ekonomi indonesia nanti di tahun 2029. dan di tahun tersebut janji politik perbaikan ekonomilah yang akan di gaungkan oleh si penyebab bom waktu ini.,230,36,negative,0.9148594737052917,mbg jalan tahun jadi bom waktu tinggal tunggu runtuh ekonomi indonesia tahun 2029 tahun sebut janji politik baik ekonomi gaung si sebab bom waktu ini,anger,0.4186558127403259
"Kalau menurut gue, udah lah stop. Kalau kasihan ke anak yang gak makan, kasih ke anak yang emang gak mampu sekolah. Anak disekolahin berarti dia mampu. Kalau ingin membuka lapangan kerja, pendidikan gratiskan. Buat anak2 bangsa supaya cerdas dan pintar, supa bisa bikin mobi, motor, rudal, nuklir sendiri. Dengan begitu akan ada banyak lapangan pekerjaan. Lah ini progam investasi ke tai bukan ke otak.",0,1 month ago,@maul2024,"kalau menurut gue, sudah lah stop. kalau kasihan ke anak yang tidak makan, kasih ke anak yang memang tidak mampu sekolah. anak disekolahin berarti dia mampu. kalau ingin membuka lapangan kerja, pendidikan gratiskan. untuk anak2 bangsa supaya cerdas dan pintar, supa bisa bikin mobi, motor, rudal, nuklir sendiri. dengan begitu akan ada banyak lapangan pekerjaan. lah ini progam investasi ke tai bukan ke otak.",409,64,negative,0.5601524114608765,gue stop kasihan anak makan kasih anak memang mampu sekolah anak disekolahin arti mampu buka lapang kerja didik gratis anak2 bangsa cerdas pintar supa bikin mob motor rudal nuklir sendiri banyak lapang kerja progam investasi tai bukan otak,anger,0.6451110243797302
ini program paling tolol dan paling mengancam ketahanan ekonomi negara,0,1 month ago,@muammar4744,ini program paling tolol dan paling mengancam ketahanan ekonomi negara,70,10,negative,0.9921044111251831,program paling tolol paling ancam tahan ekonomi negara,anger,0.5597604513168335
"Program zolim, mitra memikirkan diri mekera sendri, semoga cepat dipanggil allah mereka zemua yg zolim tersebut",0,1 month ago,@RxFadli,"program zolim, mitra memikirkan diri mekera sendri, semoga cepat dipanggil allah mereka zemua yang zolim tersebut",113,16,negative,0.9967659711837769,program zolim mitra pikir diri mekera sendri moga cepat panggil allah zemua zolim sebut,sadness,0.6790210604667664
"Siapa bilang MBG beban negara, masyarakat tidak mengerti manfaat MBG, MBG sangat penting bagi pejabat2 kita bakan anak2nya anggota DPR kita juga sangat menikmati uangnya MBG, jd saya minta rakyat jgn terlalu komplen lah, kalau ada siswa2 kita yg keracuman, itu kan belum semua, yg mati pun paling beberapa orang aja, marilah kita bersabar, kalo pejabat2 kita udah kayaraya dan makmur baru MBG kita berhentikan",0,1 month ago,@dappzzz958,"siapa bilang mbg beban negara, masyarakat tidak mengerti manfaat mbg, mbg sangat penting bagi pejabat2 kita bakan anak2nya anggota dewan perwakilan rakyat kita juga sangat menikmati uangnya mbg, jadi saya minta rakyat jgn terlalu komplen lah, kalau ada siswa2 kita yang keracuman, itu kan belum semua, yang mati pun paling beberapa orang aja, marilah kita bersabar, kalau pejabat2 kita sudah kayaraya dan makmur baru mbg kita berhentikan",437,67,negative,0.978272557258606,siapa bilang mbg beban negara masyarakat erti manfaat mbg mbg sangat penting pejabat2 bak anak2nya anggota dewan wakil rakyat sangat nikmat uang mbg minta rakyat jgn terlalu komplen lah siswa2 keracuman semua mati paling beberapa orang aja mari sabar pejabat2 kayaraya makmur baru mbg henti,anger,0.9183576107025146
"MBG tdk salah programnya SANGAT BAGUS, syg ini Indonesia dmn pejabat dan rakyat sama sama KORUPTOR",0,1 month ago,@fitraabdillah4218,"mbg tidak salah programnya sangat bagus, syg ini indonesia dmn pejabat dan rakyat sama sama koruptor",100,16,positive,0.5669230818748474,mbg salah program sangat bagus syg indonesia dmn jabat rakyat sama sama koruptor,happy,0.5403216481208801
YG MENGATAKAN MBG ITU BERGIZI SIAPA..? KALAU CUMA SALAK ROTI 2RIBU.  DAN YG LAINNYA. GA SESUAI DGN STANDAR GIZI.   INI ADALAH OROGRAM KOROPSI TERSTRUKTUR BERJEMAAH.,1,1 month ago,@MuhammadZhaky68,yang mengatakan mbg itu bergizi siapa.. kalau cuma salak roti 2ribu. dan yang lainnya. tidak sesuai dengan standar gizi. ini adalah orogram koropsi terstruktur berjemaah.,170,25,negative,0.9971194267272949,kata mbg gizi siapa cuma salak roti 2ribu lain sesuai standar gizi orogram koropsi struktur jemaah,anger,0.6770521998405457
"Program ini sarana kampanye prabowo untuk 2029, semestinya dihentikan karena memakai anggaran negara guna kepentingan pribadi.",1,1 month ago,@elzebaoth1,"program ini sarana kampanye prabowo untuk 2029, semestinya dihentikan karena memakai anggaran negara guna kepentingan pribadi.",126,16,negative,0.9527786374092102,program sarana kampanye prabowo 2029 mesti henti pakai anggar negara penting pribadi,anger,0.7543191909790039
Itu kalau sampai 300 t umpama di bagi 34 propinsi itu SDH dapat berapa itu itu JD harapan kami 2 di daerah tolong progeram itu pekerja mbg itu TDK sebanyak harapan tukang di daerah itu berapa puluh JT tukang yg TDK dapat pekerjaan,0,1 month ago,@ananghatri1860,itu kalau sampai 300 triliun umpama di bagi 34 propinsi itu sudah dapat berapa itu itu jadi harapan kami 2 di daerah tolong progeram itu pekerja mbg itu tidak sebanyak harapan tukang di daerah itu berapa puluh jt tukang yang tidak dapat pekerjaan,246,43,negative,0.9717326164245605,300 triliun umpama 34 propinsi berapa harap 2 daerah progeram kerja mbg banyak harap tukang daerah berapa puluh jt tukang kerja,anger,0.7133808732032776
Assalamualaikum mf pa parasiden Ekonomi nasional kita lesu benar kami di daerah ni harapan kami pekerjaan yg tukang banyak nganggur apa LG kami yg bekerja di proyek sangat terpukul benar pa termasuk tukang 2 yg ada menunggu proyek malah banyak TDK kerja,0,1 month ago,@ananghatri1860,assalamualaikum mf pa parasiden ekonomi nasional kita lesu benar kami di daerah ini harapan kami pekerjaan yang tukang banyak nganggur apa lagi kami yang bekerja di proyek sangat terpukul benar pa termasuk tukang 2 yang ada menunggu proyek malah banyak tidak kerja,264,42,negative,0.990483283996582,assalamualaikum mf pa parasiden ekonomi nasional lesu benar daerah harap kerja tukang banyak nganggur apa kerja proyek sangat pukul benar pa masuk tukang 2 tunggu proyek malah banyak kerja,sadness,0.6871912479400635
"Terimakasih pak prabowo terus berjuang demi rakyatmu Indonesia 🇮🇩🇮🇩🇮🇩
lanjutkan program MBG dan koperasi merah putih rakyat sangat membutuhkan ❤❤❤",0,1 month ago,@GagangSapu-r9z,terimakasih bapak prabowo terus berjuang demi rakyatmu indonesia lanjutkan program mbg dan koperasi merah putih rakyat sangat membutuhkan,137,18,positive,0.9863605499267578,terimakasih bapak prabowo terus juang rakyat indonesia lanjut program mbg koperasi merah putih rakyat sangat butuh,happy,0.9160519242286682
Tetap bisa dibilang gizi itu roti sama dengan protein roti itu itukan protein trus buah buah kek salak itu sumber vitamin mungkin lu ngerasa mbg gak bergizi sama gua juga ngerasa ga bergizi banget karena isinya jajanan warung tapi tetep bergizi itu ada buah roti ada protein trus dapet vitamin gitu🙏,0,1 month ago,@GabrielLadana,tetap bisa dibilang gizi itu roti sama dengan protein roti itu itukan protein trus buah buah kek salak itu sumber vitamin mungkin kamu ngerasa mbg tidak bergizi sama gua juga ngerasa tidak bergizi banget karena isinya jajanan warung tapi tetep bergizi itu ada buah roti ada protein trus dapet vitamin gitu,305,51,positive,0.9755259156227112,tetap bilang gizi roti sama protein roti itu protein trus buah buah kek salak sumber vitamin mungkin kamu ngerasa mbg gizi sama gua ngerasa gizi banget isi jajan warung tetep gizi buah roti protein trus dapet vitamin gitu,happy,0.6085846424102783
"Kalo diliat dari realita lapangan, saya punya beberapa relasi yang bisa dibilang sedikit mensyukuri adanya MBG, karena anak nya ngga lagi perlu di buatkan bekal, tapi disisi lain, org tersebut pun menyayangkan hal lain yang jauh lebih banyak kurangnya ketimbang untungnya, salah satunya soal harga bahan baku yang naik, jadi ibarat nutup 1 lubang, tapi kebuka 2 - 3 celah lubang lainnya yang justru memperparah ekonomi mereka.

Belum lagi miss management skala nasional kek gini tuh saya yakin bisa bikin kemunduran dimasa depan, karena skalanya masive banget. 

Tunggu aja nanti, beberapa tahun kedepan. Saya rasa bakal ada kemunduran besar dari berbagai lini.",0,1 month ago,@AbeeeXD,"kalau diliat dari realita lapangan, saya punya beberapa relasi yang bisa dibilang sedikit mensyukuri adanya mbg, karena anak nya tidak lagi perlu di buatkan bekal, tapi disisi lain, orang tersebut pun menyayangkan hal lain yang jauh lebih banyak kurangnya ketimbang untungnya, salah satunya soal harga bahan baku yang naik, jadi ibarat nutup 1 lubang, tapi kebuka 2 3 celah lubang lainnya yang justru memperparah ekonomi mereka. belum lagi miss management skala nasional kek gini itu saya yakin bisa bikin kemunduran dimasa depan, karena skalanya masive banget. tunggu aja nanti, beberapa tahun kedepan. saya rasa bakal ada kemunduran besar dari berbagai lini.",660,101,negative,0.9858786463737488,liat realita lapang punya beberapa relasi bilang sedikit syukur ada mbg anak perlu buat bekal sisi lain orang sebut sayang jauh lebih banyak kurang ketimbang untung salah satu soal harga bahan baku naik ibarat nutup 1 lubang buka 2 3 celah lubang lain justru parah ekonomi mereka miss management skala nasional kek gin yakin bikin mundur masa depan skala masive banget tunggu nanti beberapa tahun depan rasa bakal mundur besar bagai lini,sadness,0.8986813426017761
"Bubar bubar bubar,. Kebijakan Pemerintahan Yang AMBIGU😂😅",0,1 month ago,@logica-Metafisik,"bubar bubar bubar,. kebijakan pemerintahan yang ambigu",54,7,neutral,0.741984486579895,bubar bubar bubar bijak perintah ambigu,anger,0.48640376329421997
"Para pemilik dapur mbg.
Siapa pemilik dapur mbg 
Yaitu para politisi politisi yg mengusung kemenangan Prabowo Gibran.
Itu fakta rata rata pemilik dapur mbg itu para politisi",0,1 month ago,@threwahyudi0805,para pemilik dapur mbg. siapa pemilik dapur mbg yaitu para politisi politisi yang mengusung kemenangan prabowo gibran. itu fakta rata rata pemilik dapur mbg itu para politisi,174,27,negative,0.8784362077713013,milik dapur mbg siapa milik dapur mbg politis politis usung menang prabowo gibran fakta rata rata milik dapur mbg politis,anger,0.6916409134864807
Katanya MBG itu punya rakyat pdhal aku yg Deket dgn dapur MBG TDK boleh minta AIR nya tolong jwb.trims.,0,1 month ago,@RelliWarliati,katanya mbg itu punya rakyat pdhal saya yang deket dengan dapur mbg tidak boleh minta air nya tolong jwb.trims.,111,19,negative,0.9348665475845337,kata mbg punya rakyat pdhal deket dapur mbg minta air jwb trims,anger,0.7078762650489807
"Susah sih kalo emang anaknya ogah ogahan makan, jujur gak semudah cukup bagikan dan wajibkan habiskan makanan yang dikasih. Justru yang ada anaknya makin stunting karena udah merasa makan padahal intake nutrisi yang didapat tidak seimbang terus dirumah malah gak mau makan samasekali.
Bahasan lain, ini baik untuk meningkatkan minat petani untuk berproduksi tetapi ternyata malah disalahkan karena ya memang petani diharuskan miskin dari pemerintah sedari awal.
UMKM gimana? saat dianggap kurang higienis dan kurang memenuhi jumlah secara kuantitatif masih bisa di tingkatkan dan upgrade qc. Namun saat ada ketidak seimbangan suplay dan demand ya wassalam.",0,1 month ago,@Akarrumput2000,"susah sih kalau memang anaknya ogah ogahan makan, jujur tidak semudah cukup bagikan dan wajibkan habiskan makanan yang dikasih. justru yang ada anaknya makin stunting karena sudah merasa makan padahal intake nutrisi yang didapat tidak seimbang terus dirumah malah tidak mau makan samasekali. bahasan lain, ini baik untuk meningkatkan minat petani untuk berproduksi tetapi ternyata malah disalahkan karena ya memang petani diharuskan miskin dari pemerintah sedari awal. usaha mikro kecil menengah gimana saat dianggap kurang higienis dan kurang memenuhi jumlah secara kuantitatif masih bisa di tingkatkan dan upgrade qc. namun saat ada ketidak seimbangan suplay dan demand ya wassalam.",684,99,negative,0.9955664277076721,susah memang anak ogah ogah makan jujur mudah cukup bagi wajib habis makan kasih justru anak makin stunting rasa makan padahal intake nutrisi dapat imbang terus rumah malah mau makan samasekali bahas lain baik tingkat minat tani produksi nyata malah salah memang tani harus miskin perintah dar awal usaha mikro kecil tengah gimana anggap kurang higienis kurang penuh jumlah kuantitatif tingkat upgrade qc tidak imbang suplay demand wassalam,sadness,0.7727946043014526
"MBG hanya banyak yg dikorupsi , nambah beban  pekerjaan guru , banyak buang waktu pemnelajaran anak² ..... lebih baik pemerintah buka pekerjaan seluas luasnya agar orang tua bisa bekerja , dpt gaji shg membantu keuangan keluarga  dan pastinya kekuarga dpt makan minum yg bergizi.",1,1 month ago,@Suwitoo-zw9gi,"mbg hanya banyak yang dikorupsi , nambah beban pekerjaan guru , banyak buang waktu pemnelajaran anak ..... lebih baik pemerintah buka pekerjaan seluas luasnya agar orang tua bisa bekerja , dapat gaji shg membantu keuangan keluarga dan pastinya kekuarga dapat makan minum yang bergizi.",284,44,negative,0.9411630630493164,mbg banyak korupsi  nambah beban kerja guru  banyak buang waktu pemnelajaran anak  lebih baik perintah buka kerja luas luas orang tua kerja  gaji shg bantu uang keluarga pasti kekuarga makan minum gizi,sadness,0.39609771966934204
"PROGRAM MBG JADI TAI
PROGRAM PENDIDIKAN GRATIS MENGHASILKAN
PRESIDEN YANG PINTAR 
MENTERI YANG BISA KERJA TIDAK ABS
INSINYUR
SARJANA
GURU
PROFESOR
HAKIM
JAKSA
POLISI
TENTARA
DLL",0,1 month ago,@EkoSusilo-p1t,program mbg jadi tai program pendidikan gratis menghasilkan presiden yang pintar menteri yang bisa kerja tidak abs insinyur sarjana guru profesor hakim jaksa polisi tentara dll,176,26,neutral,0.934255063533783,program mbg tai program didik gratis hasil presiden pintar menteri kerja abs insinyur sarjana guru profesor hakim jaksa polisi tentara,anger,0.8028138279914856
Ada pro kontra lah ini program tp yg paling membutuhkan program ini adalah daerah 3T dan ekonomi menengah kebawah,0,1 month ago,@TuruDek22,ada pro kontra lah ini program tapi yang paling membutuhkan program ini adalah daerah 3 triliun dan ekonomi menengah kebawah,124,20,negative,0.6288328766822815,pro kontra program paling butuh program daerah 3 triliun ekonomi tengah bawah,sadness,0.4002317190170288
"Yang terasa dlm setahun  usaha menengah kebawah tercekik sama program mbh/ kdmp,mohon untuk presiden segera hentikan, ketimpangan ekonomi semakin jauh antara sikaya/ simiskin,",0,1 month ago,@hendragunawan5834,"yang terasa dlm setahun usaha menengah kebawah tercekik sama program mbh kdmp,mohon untuk presiden segera hentikan, ketimpangan ekonomi semakin jauh antara sikaya simiskin,",172,23,negative,0.9491341710090637,asa dlm tahun usaha tengah bawah cekik sama program mbh kdmp mohon presiden segera henti timpang ekonomi makin jauh sikaya simiskin,sadness,0.7309167385101318
"Sudah, kembalikan saja namanya seperti janji kampanye Prabowo-Gibran, ""Makan Siang Gratis"", bergizi, basi, junk food atau beracun ya ga masalah, kan sesuai janji kampanye",0,1 month ago,@tinylunaticinahugeworld,"sudah, kembalikan saja namanya seperti janji kampanye prabowo gibran, makan siang gratis , bergizi, basi, junk food atau beracun ya tidak masalah, kan sesuai janji kampanye",172,26,negative,0.7261565327644348,sudah kembali nama janji kampanye prabowo gibran makan siang gratis  gizi basi junk food racun masalah sesuai janji kampanye,anger,0.6243209838867188
"Orang bekas stroke dilantik jd plesiden, uda😊h miring otaknnya",0,1 month ago,@rbas4344,"orang bekas stroke dilantik jadi plesiden, uda h miring otaknnya",64,10,negative,0.9785940647125244,orang bekas stroke lantik plesiden uda h miring otaknnya,anger,0.7287790179252625
Lebih bagus sekolah gratis dari pada makan gratis.Investasi ke toilet 300T setiap tahunnya bukan mainn😂😂,0,1 month ago,@kokoriskyism88,lebih bagus sekolah gratis dari pada makan gratis.investasi ke toilet 300 triliun setiap tahunnya bukan mainn,109,16,positive,0.6891091465950012,lebih bagus sekolah gratis makan gratis investasi toilet 300 triliun tahun bukan mainn,happy,0.3639356791973114
"Dgn input 335 T duit APBN,...out put nya cuma kotoran alias tinja,...luar biasa,...industri tinja terbesar di tata surya,...",0,1 month ago,@AthfalNabeel,"dengan input 335 triliun duit apbn,...out put nya cuma kotoran alias tinja,...luar biasa,...industri tinja terbesar di tata surya,...",133,18,positive,0.9768865704536438,input 335 triliun duit apbn out put cuma kotor alias tinja luar biasa industri tinja besar tata surya,happy,0.44040653109550476
"BPK presiden negara kita sudah surplus beras masyarakat kita tidak akan kelaparan , MBG itu untuk apa...!!!! Saat ini negara kita lebih butuh anggaran untuk situasi ekonomi  lebih baik di alihkan k bantuan tunai k.masyarakat.miskin yg terdampak langsung dgn krisis ekonomi saat ini bayangkan 100 triliun berputar di masyarakat seluruh indonesia akan menjaga kestabilan daya beli dan kondisi relatif aman ...",0,1 month ago,@MatheosRumahlatu,"bapak presiden negara kita sudah surplus beras masyarakat kita tidak akan kelaparan , mbg itu untuk apa... saat ini negara kita lebih butuh anggaran untuk situasi ekonomi lebih baik di alihkan k bantuan tunai k.masyarakat.miskin yang terdampak langsung dengan krisis ekonomi saat ini bayangkan 100 triliun berputar di masyarakat seluruh indonesia akan menjaga kestabilan daya beli dan kondisi relatif aman ...",409,61,positive,0.9367603063583374,bapak presiden negara surplus beras masyarakat lapar  mbg apa negara lebih butuh anggar situasi ekonomi lebih baik alih k bantu tunai k masyarakat miskin dampak langsung krisis ekonomi bayang 100 triliun putar masyarakat seluruh indonesia jaga stabil daya beli kondisi relatif aman ,happy,0.6116076707839966
PRABOWO DAN PENDUKUNG NYA GAK NGERTI INI,0,1 month ago,@teguhprassodjo3785,prabowo dan pendukung nya tidak ngerti ini,42,7,negative,0.9993405938148499,prabowo dukung ngerti,anger,0.8699941635131836
Mbg program bikin kotoran dan di koropsikan masuk kloset dan kantong pemilik dapur negara akan remuk karena cuma jadi tahi 335 T,0,1 month ago,@IndartoIndarto-vx7fg,mbg program bikin kotoran dan di koropsikan masuk kloset dan kantong pemilik dapur negara akan remuk karena cuma jadi tahi 335 triliun,134,22,negative,0.9971574544906616,mbg program bikin kotor koropsikan masuk kloset kantong milik dapur negara remuk cuma tahi 335 triliun,anger,0.9014768600463867
Dan yang Aneh nya President seolah tutup Mata dan Tutup Telinga terhadap keluhan makanan MBG yang jauh dari kata Bergizi,0,1 month ago,@zenzenzaenudin4536,dan yang aneh nya president seolah tutup mata dan tutup telinga terhadap keluhan makanan mbg yang jauh dari kata bergizi,120,20,negative,0.985529363155365,aneh president tutup mata tutup telinga keluh makan mbg jauh kata gizi,sadness,0.6202723383903503
"Ditambah lagi sasaran nya masih banyak yang ngga tepat guna, ada juga cerita yg saya dapet dari relasi saya yang lain, dimana kondisi ekonomi mereka lebih dari cukup, tapi yg disayangkan adalah tetep dapet MBG, perkara ""kasian, kalo dia ngga dapet nanti merasa dikucilkan karena teman teman lainnya dapet MBG""

Yang padahal justru dengan standar 10rb dimana banyak kasus makanan yg ngga layak, akhirnya bukan nya jadi blessing buat dia malah jadi curse, dia ngerasa terhinakan dengan makanan yg gak layak 😂",0,1 month ago,@AbeeeXD,"ditambah lagi sasaran nya masih banyak yang tidak tepat guna, ada juga cerita yang saya dapet dari relasi saya yang lain, dimana kondisi ekonomi mereka lebih dari cukup, tapi yang disayangkan adalah tetep dapet mbg, perkara kasian, kalau dia tidak dapet nanti merasa dikucilkan karena teman teman lainnya dapet mbg yang padahal justru dengan standar 10 ribu dimana banyak kasus makanan yang tidak layak, akhirnya bukan nya jadi blessing untuk dia malah jadi curse, dia ngerasa terhinakan dengan makanan yang tidak layak",519,82,negative,0.9971131086349487,tambah sasar banyak tepat guna cerita dapet relasi lain kondisi ekonomi lebih cukup sayang tetep dapet mbg perkara kasi dapet rasa kucil teman teman lain dapet mbg padahal justru standar 10 ribu banyak kasus makan layak akhir bukan blessing malah curse ngerasa hina makan layak,sadness,0.7710109949111938
"Saya Jadi Mikir Kritis
⚠️ Jangan jangan yang Di Bilang Akan Bubar 2030 benar!!, ini lah Yang Akan Membubarkan nya😅

Program Besar Saat Dunia Krisis Global :
1. Koperasi Merah Putih 
2. MBG",0,1 month ago,@logica-Metafisik,"saya jadi mikir kritis jangan jangan yang di bilang akan bubar 2030 benar , ini lah yang akan membubarkan nya program besar saat dunia krisis global 1. koperasi merah putih 2. mbg",179,32,negative,0.9952314496040344,mikir kritis jangan jangan bilang bubar 2030 benar  bubar program besar dunia krisis global 1 koperasi merah putih 2 mbg,anger,0.7345542907714844
"mbg dg anggaran 335 T masak asal2 lan tdk enak 70%  tdk di makan kok ngotot tetap masak, ini model apa ini.",0,1 month ago,@RobbyNatael,"mbg dengan anggaran 335 triliun masak asal2 lan tidak enak 70% tidak di makan kok ngotot tetap masak, ini model apa ini.",120,22,negative,0.9687447547912598,mbg anggar 335 triliun masak asal2 lan enak 70 makan kok ngotot tetap masak model apa ini,anger,0.8393586874008179
Program MBG pake uang rakyat. Tapi rakyat kritik MBG tidak di dengar malah akan di lanjutkan MBG. Janji memberantas korupsi omon omon malah menyediakan lahan koruptor MBG,0,1 month ago,@nanirochaeni4063,program mbg pake uang rakyat. tapi rakyat kritik mbg tidak di dengar malah akan di lanjutkan mbg. janji memberantas korupsi omon omon malah menyediakan lahan koruptor mbg,170,27,negative,0.9965949654579163,program mbg pake uang rakyat rakyat kritik mbg dengar malah lanjut mbg janji berantas korupsi omon omon malah sedia lahan koruptor mbg,anger,0.9641668200492859
"Prabowo itu mau tapi kurang mikir.
Pikirannya, dia mau MBG seperti sekolah2 di Tiongkok, Jepang atau Korea Selatan...tapi ga mikir korupsi, dan cuma bikin gemuk kateringnya.

Juga ga mikir kalo nampan cuma dicuci di selokan. (viral yang di Ciamis, kalo ga salah ingat).
Belon lagi kepala BGN-nya sama sekali buta soal nilai gizi.
Terakhir, kepala batu...setelah banyak viral...tetap juga dipertahankan yang ga bisa apa2,  yang ga mampu kerja.

Makanya aku pernah tulis komentar...
Tolong MBG sekalian disediakan untuk anggota DPR dan staf, Menteri2 dan Staf, Gubernur dan staf, walikota dan staf, camat dan staf, lurah dan staf serta untuk semua ASN.

Biar mereka juga merasakan makanan MBG itu.
Waktu ada MBG...uang makan hariannya harus distop...supaya yang ga suka, pilih2 makanan...ga bisa jajan di luar.",0,1 month ago,@yennykurnady1464,"prabowo itu mau tapi kurang mikir. pikirannya, dia mau mbg seperti sekolah2 di tiongkok, jepang atau korea selatan...tapi tidak mikir korupsi, dan cuma bikin gemuk kateringnya. juga tidak mikir kalau nampan cuma dicuci di selokan. viral yang di ciamis, kalau tidak salah ingat . belon lagi kepala badan gizi nasional nya sama sekali buta soal nilai gizi. terakhir, kepala batu...setelah banyak viral...tetap juga dipertahankan yang tidak bisa apa2, yang tidak mampu kerja. makanya saya pernah tulis komentar... tolong mbg sekalian disediakan untuk anggota dewan perwakilan rakyat dan staf, menteri2 dan staf, gubernur dan staf, walikota dan staf, camat dan staf, lurah dan staf serta untuk semua asn. biar mereka juga merasakan makanan mbg itu. waktu ada mbg...uang makan hariannya harus distop...supaya yang tidak suka, pilih2 makanan...ga bisa jajan di luar.",860,130,negative,0.9943830966949463,prabowo mau kurang mikir pikir mau mbg sekolah2 tiongkok jepang korea selatan tapi mikir korupsi cuma bikin gemuk katering mikir nampan cuma cuci selokan viral ciamis salah ingat  belon kepala badan gizi nasional sama sekali buta soal nilai gizi akhir kepala batu telah banyak viral tetap tahan apa2 mampu kerja makanya pernah tulis komentar mbg sekali sedia anggota dewan wakil rakyat staf menteri2 staf gubernur staf walikota staf camat staf lurah staf semua asn biar rasa makan mbg itu waktu mbg uang makan hari stop supaya suka pilih2 makan ga jajan luar,anger,0.8660410642623901
"Untuk kasus keracunan itu karena penyajian 

Untuk kasus makanan kurang layak ini adalah korupsi 
Eh netizen bukan pemerintah saja yg korupsi masyarakat juga banyak",0,1 month ago,@solusikehidupan99,untuk kasus keracunan itu karena penyajian untuk kasus makanan kurang layak ini adalah korupsi eh netizen bukan pemerintah saja yang korupsi masyarakat juga banyak,163,24,negative,0.9952089190483093,kasus racun saji kasus makan kurang layak korupsi eh netizen bukan perintah korupsi masyarakat banyak,sadness,0.5214366912841797
Uang 335trilyun kalau dibagi280jt penduduk Indonesia rakyat lebih makmur lebih maju,0,1 month ago,@CahyaSaputra-c7t,uang 335trilyun kalau dibagi280 juta penduduk indonesia rakyat lebih makmur lebih maju,86,12,positive,0.8850398063659668,uang 335trilyun dibagi280 juta duduk indonesia rakyat lebih makmur lebih maju,happy,0.5842970013618469
"Kalau begini terus kapan rakyat ini hidup merdeka sampai sekarang rakyat masih hidup seperti jaman penjajahan semua kena pajak  
anehnya para elit pejabat malah GK pajak",0,1 month ago,@CahyaSaputra-c7t,kalau begini terus kapan rakyat ini hidup merdeka sampai sekarang rakyat masih hidup seperti jaman penjajahan semua kena pajak anehnya para elit pejabat malah tidak pajak,170,26,negative,0.9991569519042969,begini terus kapan rakyat hidup merdeka sekarang rakyat hidup jaman jajah semua kena pajak aneh elit jabat malah pajak,anger,0.8119754791259766
"Uniknya.. Ketika ada kunjungan pusat, yg di sajikan enak².. 
Anak saya sendiri masih sekolah PAUD, Kalau di suruh makan ndak mau.. Sampai di kumpulin hampir satu tas.. 
😢😢😢",0,1 month ago,@haninpriyoko4876,"uniknya.. ketika ada kunjungan pusat, yang di sajikan enak .. anak saya sendiri masih sekolah paud, kalau di suruh makan ndak mau.. sampai di kumpulin hampir satu tas..",168,28,positive,0.9485504031181335,unik kunjung pusat saji enak  anak sendiri sekolah paud suruh makan ndak mau kumpulin hampir satu tas,happy,0.8162357211112976
Prabowo cari nama pake MBG padahal itu ide yg bodoh...,0,1 month ago,@salmahanifa6506,prabowo cari nama pake mbg padahal itu ide yang bodoh...,56,10,negative,0.9990550875663757,prabowo cari nama pake mbg padahal ide bodoh,anger,0.9105218052864075
Biaya MBG bisa mengakibatka anggaran APBN bisa amburadul soalnya secara pelan pasti korupsi merajalela dimana2 baik pusat maupun daerah semuanya tergantung penilian masing2 daerah aja,0,1 month ago,@HendritaKusuma,biaya mbg bisa mengakibatka anggaran anggaran pendapatan belanja negara bisa amburadul soalnya secara pelan pasti korupsi merajalela dimana2 baik pusat maupun daerah semuanya tergantung penilian masing2 daerah aja,213,28,negative,0.9925438165664673,biaya mbg mengakibatka anggar anggar dapat belanja negara amburadul soal pelan korupsi rajalela dimana2 baik pusat maupun daerah semua gantung penilian masing2 daerah,fear,0.6857418417930603
"APBN SAMPAI GOYANG, MSH SAJA WOWOK KERAS KEPALA. APA HARUS RAKYAT BOIKOT SE INDONESIA ??",0,1 month ago,@Jojon_borneo,"anggaran pendapatan belanja negara sampai goyang, masih saja wowok keras kepala. apa harus rakyat boikot se indonesia",117,17,negative,0.9941571950912476,anggar dapat belanja negara goyang wowok keras kepala apa rakyat boikot se indonesia,anger,0.9200712442398071
"Jika ada 1000 orang yang menolak MBG, maka aku ada di antaranya. Jika ada 1 oranh yang menolak MBG, maka itu adalah saya. Jika tidak ada seorangpun yang menolak MBG, berarti saya sudah tidak ada di dunia ini.",0,1 month ago,@benyprasetyo9747,"jika ada 100 orang yang menolak mbg, maka saya ada di antaranya. jika ada 1 oranh yang menolak mbg, maka itu adalah saya. jika tidak ada seorangpun yang menolak mbg, berarti saya sudah tidak ada di dunia ini.",208,38,negative,0.9568688273429871,100 orang tolak mbg antara 1 oranh tolak mbg saya orang tolak mbg arti dunia ini,anger,0.40481072664260864
"MBG BAGI SELURUH RAKYAT NKRI KALO KORUPSI KKN CUMA BUAT KLUARGA/KRABAT RAKYAT KEBAGIAN BAYAR UTANGNYA DOANG,YG REWEL MBG DIA YG IRI KORUPSINYA KETAUAN KALO KE YG LAIN NGOMONGNYA KORUPTOR2 TAUNYA DIRIPRIBADI N KLUARGA KENYANG DUIT RAKYAT SAMPE ANAK/CUCU BAU KENCUR PUNYA HARTA TRILIUNAN DR MANA TUHHH REKENING TITIPAN ALIAS GENDUTTT JAYA SLALU MBG TRUTAMA BUAT PLOSOK N YG DIKOTA2 PUN REBUTAN MBG SHAT/SUKSES SLALU PAK PRESIDEN PRABOWO BSRT WAPRES N SMUA YG DUKUNG RAKYAT KECIL🙏🙏🙏🇮🇩🇮🇩",0,1 month ago,@YuyunYuningsih-l1p,"mbg bagi seluruh rakyat nkri kalau korupsi kkn cuma untuk kluarga krabat rakyat kebagian bayar utangnya doang,yg rewel mbg dia yang iri korupsinya ketauan kalau ke yang lain ngomongnya koruptor2 taunya diripribadi n kluarga kenyang duit rakyat sampe anak cucu bau kencur punya harta triliunan dari mana tuhh rekening titipan alias gendutt jaya slalu mbg trutama untuk plosok n yang dikota2 pun rebutan mbg shat sukses slalu bapak presiden prabowo bsrt wapres n smua yang dukung rakyat kecil",490,78,positive,0.51015305519104,mbg seluruh rakyat nkri korupsi kkn cuma kluarga krabat rakyat bagi bayar utang doang yg rewel mbg iri korupsi tau ngomongnya koruptor2 tau diripribadi n kluarga kenyang duit rakyat sampe anak cucu bau kencur punya harta triliun mana tuhh rekening titip alias gendutt jaya slalu mbg trutama plosok n dikota2 rebut mbg shat sukses slalu bapak presiden prabowo bsrt wapres n smua dukung rakyat kecil,anger,0.8616935014724731
"Yg dpt manfaat adalah yg punya dapur,,, dan kebanyakan yg punya dapur aparat dan pejabat,, jd program ini interfensi bikin,, yang kaya makin kaya yg miskin makin miskin,,, dan agenda politik th2029 bisa kt lihat,",0,1 month ago,@muhktarom6969,"yang dapat manfaat adalah yang punya dapur,, dan kebanyakan yang punya dapur aparat dan pejabat,, jadi program ini interfensi bikin,, yang kaya makin kaya yang miskin makin miskin,, dan agenda politik th2029 bisa kt lihat,",222,35,negative,0.737861692905426,manfaat punya dapur banyak punya dapur aparat jabat program interfensi bikin kaya makin kaya miskin makin miskin agenda politik th2029 kt lihat,anger,0.32849058508872986
"MBGadalah parasit negara, maka setuju di hapus saja",0,1 month ago,@AhmadCarita-xx3qv,"mbgadalah parasit negara, maka setuju di hapus saja",51,8,negative,0.901451051235199,mbgadalah parasit negara tuju hapus,anger,0.4172440469264984
"Ssi  bowo  apa  si  botak,. Bos  mbg  beracun",0,1 month ago,@AgusBudianto-l5b8r,"ssi bowo apa si botak,. bos mbg beracun",39,8,negative,0.9982280135154724,ssi bowo apa si botak bos mbg racun,anger,0.7681149840354919
DELE REBUS UBI REBOS MANA ADA GIZI DASAR GOBLOGGGG,0,1 month ago,@Mutohar-y3u,dele rebus ubi rebos mana ada gizi dasar goblogg,48,9,negative,0.6409322619438171,dele rebus ubi rebos mana gizi dasar goblogg,sadness,0.5440394282341003
UNTUK KRONI NYA Prabowo KOROPSI KOROPSI BERJAMAAH HUTANG BUDI ...,0,1 month ago,@Mutohar-y3u,untuk kroni nya prabowo koropsi koropsi berjamaah hutang budi ...,65,10,neutral,0.9978961944580078,kroni prabowo koropsi koropsi jamaah hutang budi ,sadness,0.5512291789054871
"7:20 kalo kata pro MBG yg sok stoik maah
"" Yah itu udah jadi konsekuensi, setiap ada keuntungan, pasti ada orang yg dirugikan ""

Padahal harapannya gk seperti itu, soalnya Negara harus pro sama rakyat nya, bukan ke sebagian kalangan berduit yg mencurangi pasar. Apalagi ampe dijadikan mesin duit pribadi bagi pejabat itu. Sama aja kita selama ini nyawer perut gendut dan otak sengklek mereka dong. 😂",0,1 month ago,@davidnuryanto2940,"7 20 kalau kata pro mbg yang sok stoik maah yah itu sudah jadi konsekuensi, setiap ada keuntungan, pasti ada orang yang dirugikan padahal harapannya tidak seperti itu, soalnya negara harus pro sama rakyat nya, bukan ke sebagian kalangan berduit yang mencurangi pasar. apalagi ampe dijadikan mesin duit pribadi bagi pejabat itu. sama aja kita selama ini nyawer perut gendut dan otak sengklek mereka dong.",403,65,negative,0.9978761672973633,7 20 kata pro mbg sok stoik maah yah konsekuensi untung orang rugi padahal harap itu soal negara pro sama rakyat nya bukan bagi kalang duit curang pasar ampe jadi mesin duit pribadi jabat itu sama lama nyawer perut gendut otak sengklek dong,anger,0.9238242506980896
"Staff disuruh WFH, biar irit
Zakat mau di ambil buat MBG
Ini program Tarik Ulur demi Maling Berkedok Gizi",0,1 month ago,@achmadjusuf9552,"staff disuruh wfh, biar irit zakat mau di ambil untuk mbg ini program tarik ulur demi maling berkedok gizi",106,19,negative,0.9933611154556274,staff suruh wfh biar irit zakat mau ambil mbg program tarik ulur maling kedok gizi,anger,0.8959420919418335
"MBG keuntunganya untuk wowo dan kloninya, MBG yang beracun untuk anak didik kalau bisa jangan di stop dulu wowo diberi MBG penyebab anak anak murid keracunan, biar dia merasakan keracunan.",0,1 month ago,@Junaedi-u1x,"mbg keuntunganya untuk wowo dan kloninya, mbg yang beracun untuk anak didik kalau bisa jangan di stop dulu wowo diberi mbg penyebab anak anak murid keracunan, biar dia merasakan keracunan.",188,30,positive,0.6574376821517944,mbg keuntunganya wowo klon mbg racun anak didik jangan stop dulu wowo beri mbg sebab anak anak murid racun biar rasa racun,fear,0.5057620406150818
"Ini solusi sebenarnya, apalagi mungkin pak prabowo melihat situasi hampir (amit2) perang dunia ketiga. Jadi, pemerintah sebenarnya harus menyediakan ketahanan pangan nasional untuk menghadapi krisis. Mbg juga berfungsi buat memutar roda ekonomi, khususnya di sektor pertanian. Petani yang selama ini (banyak) yang miskin bisa tambah untung dengan program ini karena hasil bumi mereka diserap. Selain ketahanan pangan, pak presiden juga harus memperhatikan ketahanan energi juga (yang saya maksud, program sawit, etanol, elektrifikasi, dll) biar gak bergantung pada bbm impor. Memang, prosesnya lambat dan banyak huru hara, tapi tetap harus didukung …


Jangan hujat saya, plis🙏",0,1 month ago,@aniferamedia,"ini solusi sebenarnya, apalagi mungkin bapak prabowo melihat situasi hampir amit2 perang dunia ketiga. jadi, pemerintah sebenarnya harus menyediakan ketahanan pangan nasional untuk menghadapi krisis. mbg juga berfungsi untuk memutar roda ekonomi, khususnya di sektor pertanian. petani yang selama ini banyak yang miskin bisa tambah untung dengan program ini karena hasil bumi mereka diserap. selain ketahanan pangan, bapak presiden juga harus memperhatikan ketahanan energi juga yang saya maksud, program sawit, etanol, elektrifikasi, dll biar tidak bergantung pada bbm impor. memang, prosesnya lambat dan banyak huru hara, tapi tetap harus didukung jangan hujat saya, plis",673,94,positive,0.8786303400993347,solusi benar mungkin bapak prabowo lihat situasi hampir amit2 perang dunia tiga jadi perintah benar sedia tahan pangan nasional hadap krisis mbg fungsi putar roda ekonomi khusus sektor tani tani lama banyak miskin tambah untung program hasil bumi serap tahan pangan bapak presiden perhati tahan energi maksud program sawit etanol elektrifikasi biar gantung bbm impor memang proses lambat banyak huru hara tetap dukung jangan hujat saya plis,happy,0.3443398177623749
Menuju 2045 indonesia morak marik😢,0,1 month ago,@senimantakraw623,menuju 2045 indonesia morak marik,33,5,neutral,0.977161705493927,tuju 2045 indonesia morak marik,happy,0.7413803935050964
"Inflasi makin naik, usaha mikro bersaing dengan program MBG yg dikelola oleh pihak tertentu",0,1 month ago,@agunksaputra3499,"inflasi makin naik, usaha mikro bersaing dengan program mbg yang dikelola oleh pihak tertentu",93,14,neutral,0.9357685446739197,inflasi makin naik usaha mikro saing program mbg kelola pihak tentu,anger,0.4496323764324188
"Menurut sy, MBG boleh2 saja,, tp jangan sapu rata di semua daerah. Baiknya di daerah yg masih tertinggal secara ekonomi, itupun disampling dlu berhasil apa kaga, feedback masyarakat kayak apa,, kalo gagal ya stop aja. Kalo berhasil baru deh diterapin di area yg lebih besar, baru brtahap diterapin secara nasional. Itu baru namanya pemerintah pusatnya pinter. Kalo langsung main jebrat jebret kayak gini kan keliatan jah*tnya",0,1 month ago,@abcdefgh-s3w7i,"menurut sy, mbg boleh2 saja,, tapi jangan sapu rata di semua daerah. baiknya di daerah yang masih tertinggal secara ekonomi, itupun disampling dulu berhasil apa kaga, feedback masyarakat kayak apa,, kalau gagal ya stop aja. kalau berhasil baru deh diterapin di area yang lebih besar, baru brtahap diterapin secara nasional. itu baru namanya pemerintah pusatnya pinter. kalau langsung main jebrat jebret kayak gini kan keliatan jah tnya",435,67,negative,0.9133647084236145,sy mbg boleh2 saja jangan sapu rata semua daerah baik daerah tinggal ekonomi itu sampling dulu hasil apa kaga feedback masyarakat kayak apa gagal stop aja hasil baru deh diterapin area lebih besar baru brtahap diterapin nasional baru nama perintah pusat pinter langsung main jebrat jebret kayak gin liat jah tnya,anger,0.7324772477149963
Semoga pak prabowo iseng liat vidio ini,0,1 month ago,@ekocahyo001,semoga bapak prabowo iseng liat vidio ini,41,7,neutral,0.8695105314254761,moga bapak prabowo iseng liat vidio,happy,0.837189793586731
MBG & kopdes itu cuma jalur distribusi korupsi,0,1 month ago,@boby_surya,mbg kopdes itu cuma jalur distribusi korupsi,44,7,neutral,0.650488018989563,mbg kopdes cuma jalur distribusi korupsi,anger,0.481289267539978
"PROGRAM MBG. ACAK ADUT , KORUPSI BERJEMAAH",0,1 month ago,@Luthfie0505,"program mbg. acak adut , korupsi berjemaah",42,7,negative,0.9980498552322388,program mbg acak adut  korupsi jemaah,anger,0.7880869507789612
Ketika Indonesia dipimpin oleh pihak tidak normal,0,1 month ago,@ArjunMalvin-vi6gt,ketika indonesia dipimpin oleh pihak tidak normal,49,7,negative,0.9785978198051453,indonesia pimpin pihak normal,sadness,0.5515469312667847
"Pogram MBG itu untuk koropsi lah yang selalu di paksakan ,  wo wo ini tidak mendengarkan  suara Rakyat yg menolak MBG ini ada apa wo apa nunggu Indonesia bangkrut dengan pogram MBG ini yg menyedot uang Rakyat treliyunan rupiah yg tidak ada manfaatnya , lebih baik untuk membangun jalan 2 yg sama rusak yg pemerintah daerah tidak mampu membangun jalan 2 yg rusak akibat ivisiensi keputusanmu wo sekarang Rakyat sangat mencekik jalan pada bodol nggak di bangun juga akibat MBG .",0,1 month ago,@hambali8442,"pogram mbg itu untuk koropsi lah yang selalu di paksakan , wo wo ini tidak mendengarkan suara rakyat yang menolak mbg ini ada apa wo apa nunggu indonesia bangkrut dengan pogram mbg ini yang menyedot uang rakyat treliyunan rupiah yang tidak ada manfaatnya , lebih baik untuk membangun jalan 2 yang sama rusak yang pemerintah daerah tidak mampu membangun jalan 2 yang rusak akibat ivisiensi keputusanmu wo sekarang rakyat sangat mencekik jalan pada bodol tidak di bangun juga akibat mbg .",486,81,negative,0.9984014630317688,pogram mbg koropsi selalu paksa  wo wo dengar suara rakyat tolak mbg apa wo apa nunggu indonesia bangkrut pogram mbg sedot uang rakyat treliyunan rupiah manfaat  lebih baik bangun jalan 2 sama rusak perintah daerah mampu bangun jalan 2 rusak akibat ivisiensi putus wo sekarang rakyat sangat cekik jalan bodol bangun akibat mbg ,anger,0.8729895353317261
"indonesia ini saling adu domba..
saling menjatuhkan..
gk setuju ini itu..emgnya ngerti apa sih.mbg di desa desa jelas cukup membantu kok dn menjadi tmbahan lapangan kerja..
jdi otak otak kotor mreka yg bilang ini itu protes adanya mbg kalian bisa apaa",0,1 month ago,@KurniaBob-rh6kv,indonesia ini saling adu domba.. saling menjatuhkan.. tidak setuju ini itu..emgnya ngerti apa sih.mbg di desa desa jelas cukup membantu kok dn menjadi tmbahan lapangan kerja.. jadi otak otak kotor mreka yang bilang ini itu protes adanya mbg kalian bisa apaa,257,41,negative,0.944463312625885,indonesia saling adu domba saling jatuh tuju itu emgnya ngerti apa sih mbg desa desa jelas cukup bantu kok dn jadi tmbahan lapang kerja otak otak kotor mreka bilang protes ada mbg kalian apaa,anger,0.8970193862915039
"Wowo kau menyuruh rakyat berhemat...tapi kau malah boros, menghabiskan dana triliunan untuk MBG...pikir dulu sebelum kau ngomong.",0,1 month ago,@budiono-y5j,"wowo kau menyuruh rakyat berhemat...tapi kau malah boros, menghabiskan dana triliunan untuk mbg...pikir dulu sebelum kau ngomong.",129,17,negative,0.9964021444320679,wowo kau suruh rakyat hemat tapi kau malah boros habis dana triliun mbg pikir dulu kau ngomong,anger,0.8878599405288696
"Yg ada jd beban apbn, lebih besar keburukannya daripada kebaikannya",0,1 month ago,@alexxander4815,"yang ada jadi beban apbn, lebih besar keburukannya daripada kebaikannya",71,10,negative,0.9978001713752747,beban apbn lebih besar keburu baik,sadness,0.7630496025085449
Mending uangnya kasih ke masyarakat yang membutuhkan dari pada mbg yang cuma menguntungkan pihak tertentu,0,1 month ago,@Arrogan87,mending uangnya kasih ke masyarakat yang membutuhkan dari pada mbg yang cuma menguntungkan pihak tertentu,105,15,negative,0.9802547097206116,mending uang kasih masyarakat butuh mbg cuma untung pihak tentu,anger,0.7127955555915833
"Negara yang kuat adalah negara yang bisa menjamin rakyatnya tidak lapar. Anggaran ratusan triliun memang besar, tapi sebanding dengan hasil yang akan kita petik 10-15 tahun ke depan: sumber daya manusia yang unggul dan sehat. Prioritas pemerintah saat ini sudah tepat, karena manusia adalah aset terpenting bangsa. Mari kita kawal bersama agar program mulia ini tepat sasaran dan bebas dari penyelewengan. Semangat membangun bangsa!",0,1 month ago,@narasi.negeri,"negara yang kuat adalah negara yang bisa menjamin rakyatnya tidak lapar. anggaran ratusan triliun memang besar, tapi sebanding dengan hasil yang akan kita petik 10 15 tahun ke depan sumber daya manusia yang unggul dan sehat. prioritas pemerintah saat ini sudah tepat, karena manusia adalah aset terpenting bangsa. mari kita kawal bersama agar program mulia ini tepat sasaran dan bebas dari penyelewengan. semangat membangun bangsa",430,65,positive,0.9869263172149658,negara kuat negara jamin rakyat lapar anggar ratus triliun memang besar banding hasil petik 10 15 tahun depan sumber daya manusia unggul sehat prioritas perintah tepat manusia aset penting bangsa kawal sama program mulia tepat sasar bebas seleweng semangat bangun bangsa,happy,0.7870661616325378
"Melihat skala program ini, Indonesia sedang melakukan intervensi ekonomi yang berani dan masif. Tantangan tata kelola pasti ada di setiap kebijakan besar, tapi itu bukan alasan untuk tidak melangkah. Justru dengan adanya MBG, kita dipaksa untuk memperkuat sistem logistik pangan dan koperasi kita. Jika ini berhasil, Indonesia akan punya ketahanan pangan yang sangat solid dari hulu ke hilir. Optimis program ini sukses!",0,1 month ago,@ruang.negeri,"melihat skala program ini, indonesia sedang melakukan intervensi ekonomi yang berani dan masif. tantangan tata kelola pasti ada di setiap kebijakan besar, tapi itu bukan alasan untuk tidak melangkah. justru dengan adanya mbg, kita dipaksa untuk memperkuat sistem logistik pangan dan koperasi kita. jika ini berhasil, indonesia akan punya ketahanan pangan yang sangat solid dari hulu ke hilir. optimis program ini sukses",419,62,positive,0.985595703125,lihat skala program ini indonesia sedang laku intervensi ekonomi berani masif tantang tata kelola bijak besar bukan alas lang justru ada mbg paksa kuat sistem logistik pangan koperasi kita hasil indonesia punya tahan pangan sangat solid hulu hilir optimis program sukses,happy,0.6959638595581055
"Hanya menguntungkan salah satu pihak dan tidak merata, sama aja, menyengsarakan rakyat. Solusi darimana nya",0,1 month ago,@AlfinShofiulUmam,"hanya menguntungkan salah satu pihak dan tidak merata, sama aja, menyengsarakan rakyat. solusi darimana nya",107,15,negative,0.9983230233192444,untung salah satu pihak rata sama aja sengsara rakyat solusi darimana,anger,0.7174919247627258
"​ @AlfinShofiulUmam membuka lapangan kerja, menyediakan gizi (memang belum merata, tapi bertahap), memutar roda ekonomi, menguntungkan petani/peternak (yg selama ini banyak yg miskin pastinya terbantu oleh program mbg), menyerap hasil bumi supaya menjaga harga jual, menyediakan ketahanan pangan di situasi krisis (contohnya seperti di sumatra), dll

Ironisnya, rakyat cenderung terus menyalahkan tanpa konteks yg jelas. Dikasih makan gratis, dibilang salah. Gk dikasih makan, malah banyak kelaparan. Puyeng kali jadi pemerintah",0,1 month ago,@aniferamedia,"membuka lapangan kerja, menyediakan gizi memang belum merata, tapi bertahap , memutar roda ekonomi, menguntungkan petani peternak yang selama ini banyak yang miskin pastinya terbantu oleh program mbg , menyerap hasil bumi supaya menjaga harga jual, menyediakan ketahanan pangan di situasi krisis contohnya seperti di sumatra , dll ironisnya, rakyat cenderung terus menyalahkan tanpa konteks yang jelas. dikasih makan gratis, dibilang salah. tidak dikasih makan, malah banyak kelaparan. puyeng kali jadi pemerintah",513,72,positive,0.6757089495658875,buka lapang kerja sedia gizi memang rata tahap  putar roda ekonomi untung tani ternak lama banyak miskin pasti bantu program mbg  serap hasil bumi jaga harga jual sedia tahan pangan situasi krisis contoh sumatra  ironis rakyat cenderung terus salah konteks jelas kasih makan gratis bilang salah kasih makan malah banyak lapar puyeng kali perintah,sadness,0.5184468626976013
"Terima kasih pemerintah atas program Makan Bergizi Gratis ini. Sebagai orang tua, kami sangat terbantu karena gizi anak di sekolah jadi lebih terjamin dan meringankan beban pengeluaran harian. Anak-anak jadi lebih semangat belajar dan konsentrasinya meningkat. Semoga program ini terus berjalan lancar dan pengawasannya diperketat agar kualitas makanannya tetap terjaga dengan baik. Maju terus Indonesia!",0,1 month ago,@sudut.negeri,"terima kasih pemerintah atas program makan bergizi gratis ini. sebagai orang tua, kami sangat terbantu karena gizi anak di sekolah jadi lebih terjamin dan meringankan beban pengeluaran harian. anak anak jadi lebih semangat belajar dan konsentrasinya meningkat. semoga program ini terus berjalan lancar dan pengawasannya diperketat agar kualitas makanannya tetap terjaga dengan baik. maju terus indonesia",403,56,positive,0.9963700771331787,terima kasih perintah atas program makan gizi gratis ini orang tua sangat bantu gizi anak sekolah lebih jamin ringan beban keluar hari anak anak lebih semangat ajar konsentrasi tingkat moga program terus jalan lancar awas ketat kualitas makan tetap jaga baik maju terus indonesia,happy,0.9560781717300415
"Sangat setuju kalau program ini jadi motor penggerak ekonomi rakyat. Bayangkan ribuan dapur SPPG menyerap jutaan tenaga kerja dan membeli bahan baku langsung dari petani dan peternak lokal. Ini adalah bentuk redistribusi ekonomi yang nyata, di mana uang negara langsung berputar di tingkat desa dan kecamatan. Petani kita punya kepastian pasar, dan ekonomi lokal pasti hidup kembali!",0,1 month ago,@catatan.negeri,"sangat setuju kalau program ini jadi motor penggerak ekonomi rakyat. bayangkan ribuan dapur satuan pelayanan pemenuhan gizi menyerap jutaan tenaga kerja dan membeli bahan baku langsung dari petani dan peternak lokal. ini adalah bentuk redistribusi ekonomi yang nyata, di mana uang negara langsung berputar di tingkat desa dan kecamatan. petani kita punya kepastian pasar, dan ekonomi lokal pasti hidup kembali",409,60,positive,0.9766792058944702,sangat tuju program motor gerak ekonomi rakyat bayang ribu dapur satu layan penuh gizi serap juta tenaga kerja beli bahan baku langsung tani ternak lokal bentuk redistribusi ekonomi nyata mana uang negara langsung putar tingkat desa camat tani punya pasti pasar ekonomi lokal hidup,happy,0.7407661080360413
"Program MBG adalah investasi jangka panjang yang sangat visioner. Kita tidak bisa bicara kualitas pendidikan jika anak-anak kita masih lapar atau kekurangan gizi (stunting). Memperbaiki gizi dari sekolah adalah fondasi utama untuk mencetak generasi emas 2045 yang produktif. Ini bukan sekadar bantuan sosial, tapi strategi besar untuk memutus rantai kemiskinan secara struktural. Dukung penuh keberlanjutan program ini!",0,1 month ago,@bicara.negeri,"program mbg adalah investasi jangka panjang yang sangat visioner. kita tidak bisa bicara kualitas pendidikan jika anak anak kita masih lapar atau kekurangan gizi stunting . memperbaiki gizi dari sekolah adalah fondasi utama untuk mencetak generasi emas 2045 yang produktif. ini bukan sekadar bantuan sosial, tapi strategi besar untuk memutus rantai kemiskinan secara struktural. dukung penuh keberlanjutan program ini",417,59,positive,0.9543819427490234,program mbg investasi jangka panjang sangat visioner bicara kualitas didik anak anak lapar kurang gizi stunting  baik gizi sekolah fondasi utama cetak generasi emas 2045 produktif bukan sekadar bantu sosial strategi besar putus rantai miskin struktural dukung penuh lanjut program,happy,0.6588355302810669
MBG bikin warung makan sepi . Banyak guru sekolah sekitar wilayah jadi gak pernah makan ditoko . Hadeuhhh …,0,1 month ago,@ramramrakaka,mbg bikin warung makan sepi . banyak guru sekolah sekitar wilayah jadi tidak pernah makan ditoko . hadeuhh,106,18,negative,0.9835011959075928,mbg bikin warung makan sepi  banyak guru sekolah wilayah pernah makan toko  hadeuhh,anger,0.3728128671646118
Relawan ganti jadi ormas jj,0,1 month ago,@thekingalucard8702,relawan ganti jadi ormas jj,27,5,neutral,0.9984819293022156,rawan ganti ormas jj,anger,0.6817788481712341
"Beban baru, semua aspek pendidikan, kesehatan dan lainnya di kesampingkan demi kelancaran BGN",1,1 month ago,@dimasa.p1394,"beban baru, semua aspek pendidikan, kesehatan dan lainnya di kesampingkan demi kelancaran badan gizi nasional",109,15,neutral,0.5152902603149414,beban baru semua aspek didik sehat lain samping lancar badan gizi nasional,sadness,0.45159682631492615
program mbg bikin pemborosan penguluran uang negara rakyat kecil yang kena dampaknya pajak di naikkan rakyat kecil menjerit paling enak jaman  nya bapak Harto rakyat makmur rakyat lebih tenang tidak jaman sekarang bikin rakyat sesangra,0,1 month ago,@MulYadi-rf6yv,program mbg bikin pemborosan penguluran uang negara rakyat kecil yang kena dampaknya pajak di naikkan rakyat kecil menjerit paling enak jaman nya bapak harto rakyat makmur rakyat lebih tenang tidak jaman sekarang bikin rakyat sesangra,234,35,negative,0.9672952890396118,program mbg bikin boros ulur uang negara rakyat kecil kena dampak pajak naik rakyat kecil jerit paling enak jaman bapak harto rakyat makmur rakyat lebih tenang jaman sekarang bikin rakyat sesangra,anger,0.9510521292686462
Jika ditanya kepada sepenerima tentang mbg.pasti siswa mengatakan sangat terima kasih.karena itu kan udah terseting.wqltu dn siapa yg datang untuk sidak.trm kasih,0,1 month ago,@SuheriLubis-t1q,jika ditanya kepada sepenerima tentang mbg.pasti siswa mengatakan sangat terima kasih.karena itu kan sudah terseting.wqltu dn siapa yang datang untuk sidak.trm kasih,165,22,positive,0.8452219367027283,tanya terima mbg pasti siswa kata sangat terima kasih karena ting wqltu dn siapa datang sidak trm kasih,happy,0.4861092269420624
mestinya mbg itu diadakan di daerah2 yang emang masih tinggi angka stuntingnya sesimpel itu J*****K,0,1 month ago,@ProjectLumiora,mestinya mbg itu diadakan di daerah2 yang memang masih tinggi angka stuntingnya sesimpel itu j k,96,16,negative,0.5724400281906128,mesti mbg ada daerah2 memang tinggi angka stuntingnya simpel j k,sadness,0.5160949230194092
Buang buang duit tapi nggak ada manfaatnya,0,1 month ago,@Dawer1243,buang buang duit tapi tidak ada manfaatnya,42,7,negative,0.9968371391296387,buang buang duit manfaat,anger,0.4514640271663666
"Program tak mmbawa kemajuan negara yg nyata,adanya, mbg hanya akan mnghancurkan negara yg tk mmbutuhkan wktu lama.",0,1 month ago,@ariwidodo8960,"program tidak mmbawa kemajuan negara yang nyata,adanya, mbg hanya akan mnghancurkan negara yang tk mmbutuhkan wktu lama.",120,17,negative,0.995925784111023,program mmbawa maju negara nyata ada mbg mnghancurkan negara tk mmbutuhkan wktu lama,anger,0.6649158000946045
Bubarkan ... Program Bikin tahi dan koropsi negara akan rapuh  uang negara akan banyak yg jadi kotoran,0,1 month ago,@IndartoIndarto-vx7fg,bubarkan ... program bikin tahi dan koropsi negara akan rapuh uang negara akan banyak yang jadi kotoran,103,17,negative,0.8406350612640381,bubar  program bikin tahi koropsi negara rapuh uang negara banyak kotor,anger,0.7165887951850891
Mbg program bagus libur masih di kasih jin yg makan yg ada bukan bergizi yg bergizi ya pejabatnya korupsi yg ada bukan bergizib,0,1 month ago,@answerhendra6786,mbg program bagus libur masih di kasih jin yang makan yang ada bukan bergizi yang bergizi ya pejabatnya korupsi yang ada bukan bergizib,135,23,negative,0.9982163310050964,mbg program bagus libur kasih jin makan bukan gizi gizi jabat korupsi bukan bergizib,anger,0.7791730165481567
"Kisah Nabi Sulaiman AS yang ingin memberi makan seluruh makhluk adalah pengajaran tentang kekuasaan Allah SWT yang mutlak atas rezeki. Meskipun Nabi Sulaiman telah menyiapkan makanan seperti gunung dengan bantuan jin dan manusia, seekor ikan raksasa mampu melahap semuanya dalam sekejap, menyadarkan beliau bahwa hanya Allah yang menjamin rezeki seluruh makhluk. 

Berikut poin-poin penting kisah tersebut:
Niat Syukur: Nabi Sulaiman AS, yang dikaruniai kekayaan dan kemampuan berbicara dengan hewan, berniat menjamu semua makhluk Allah selama satu hari sebagai rasa syukur.

Persiapan Besar: Beliau memerintahkan jin dan manusia untuk memasak makanan dalam jumlah raksasa yang membutuhkan waktu puluhan hari untuk menyiapkannya.

Ujian Ikan Raksasa: Saat jamuan dimulai di pinggir laut, seekor ikan paus raksasa keluar dan memakan semua persediaan makanan hingga habis dalam sekejap.

Ikan Belum Kenyang: Ikan tersebut mengatakan ia masih lapar dan mengungkapkan bahwa Allah memberinya makanan dalam jumlah tiga kali lipat dari yang disediakan Nabi Sulaiman setiap harinya.

Hikmah: Nabi Sulaiman bersujud mengakui kekuasaan Allah, menyadari bahwa tak ada manusia yang mampu menanggung rezeki makhluk-Nya, melainkan Allah semata.",0,1 month ago,@ainulandysudarmoko6232,"kisah nabi sulaiman as yang ingin memberi makan seluruh makhluk adalah pengajaran tentang kekuasaan allah swt yang mutlak atas rezeki. meskipun nabi sulaiman telah menyiapkan makanan seperti gunung dengan bantuan jin dan manusia, seekor ikan raksasa mampu melahap semuanya dalam sekejap, menyadarkan beliau bahwa hanya allah yang menjamin rezeki seluruh makhluk. berikut poin poin penting kisah tersebut niat syukur nabi sulaiman as, yang dikaruniai kekayaan dan kemampuan berbicara dengan hewan, berniat menjamu semua makhluk allah selama satu hari sebagai rasa syukur. persiapan besar beliau memerintahkan jin dan manusia untuk memasak makanan dalam jumlah raksasa yang membutuhkan waktu puluhan hari untuk menyiapkannya. ujian ikan raksasa saat jamuan dimulai di pinggir laut, seekor ikan paus raksasa keluar dan memakan semua persediaan makanan hingga habis dalam sekejap. ikan belum kenyang ikan tersebut mengatakan ia masih lapar dan mengungkapkan bahwa allah memberinya makanan dalam jumlah tiga kali lipat dari yang disediakan nabi sulaiman setiap harinya. hikmah nabi sulaiman bersujud mengakui kekuasaan allah, menyadari bahwa tidak ada manusia yang mampu menanggung rezeki makhluk nya, melainkan allah semata.",1220,172,positive,0.9518234729766846,kisah nabi sulaiman as beri makan seluruh makhluk ajar kuasa allah swt mutlak atas rezeki meski nabi sulaiman siap makan gunung bantu jin manusia ekor ikan raksasa mampu lahap semua kejap sadar beliau allah jamin rezeki seluruh makhluk ikut poin poin penting kisah sebut niat syukur nabi sulaiman as karunia kaya mampu bicara hewan niat jamu semua makhluk allah lama satu hari rasa syukur siap besar beliau perintah jin manusia masak makan jumlah raksasa butuh waktu puluh hari siap uji ikan raksasa jamu mulai pinggir laut ekor ikan paus raksasa keluar makan semua sedia makan hingga habis kejap ikan kenyang ikan sebut kata lapar ungkap allah beri makan jumlah tiga kali lipat sedia nabi sulaiman hari hikmah nabi sulaiman sujud aku kuasa allah sadar manusia mampu tanggung rezeki makhluk nya allah semata,happy,0.7648983597755432
MBG bermanfaat untuk peluang korupsi.,1,1 month ago,@jamilm1986,mbg bermanfaat untuk peluang korupsi.,37,5,negative,0.6629410982131958,mbg manfaat peluang korupsi,fear,0.3062877058982849
"Menurut keyakinan saya, mengapa progam MBG di utamakan bahkan yg mengakibatkan efisiensi anggaran ini terjadi, sekali lagi menurut keyakinan saya program ini di jadikan ladang untuk bekal di pemilu yg akan  datang, coba cek mayoritas pemilik dapur sppgnya.
Memang niat pemerintah untuk progam ini sudah sangat baik, namun niat baik tidaklah cukup kalo pelaksanaan operasionalnya belum atau bahkan jauh dri kata ""benar"".",0,1 month ago,@RereGan13,"menurut keyakinan saya, mengapa progam mbg di utamakan bahkan yang mengakibatkan efisiensi anggaran ini terjadi, sekali lagi menurut keyakinan saya program ini di jadikan ladang untuk bekal di pemilu yang akan datang, coba cek mayoritas pemilik dapur sppgnya. memang niat pemerintah untuk progam ini sudah sangat baik, namun niat baik tidaklah cukup kalau pelaksanaan operasionalnya belum atau bahkan jauh dri kata benar .",422,63,positive,0.7012414932250977,yakin saya progam mbg utama bahkan akibat efisiensi anggar jadi sekali yakin program jadi ladang bekal milu datang coba cek mayoritas milik dapur sppgnya memang niat perintah progam sangat baik niat baik tidak cukup laksana operasional bahkan jauh dri kata benar ,sadness,0.6118079423904419
"MBG= Susah lihat orang senang
TIPIKAL KARAKTER INDONESIA YAKNI CRAB MENTALITY!",0,1 month ago,@andersjan25,mbg susah lihat orang senang tipikal karakter indonesia yakni crab mentality,76,11,negative,0.9930543303489685,mbg susah lihat orang senang tipikal karakter indonesia crab mentality,sadness,0.42174533009529114
KembaLi ke jaman presiden Suharto jaman sekarang ini mbg gratis makan mbg gratis,0,1 month ago,@DickyLamongan,kembali ke jaman presiden suharto jaman sekarang ini mbg gratis makan mbg gratis,80,13,neutral,0.8005476593971252,jaman presiden suharto jaman sekarang mbg gratis makan mbg gratis,happy,0.4768840968608856
"Ternyata Aku dulu pilih Oresiden yang salah,",0,1 month ago,@egatanaka6730,"ternyata saya dulu pilih oresiden yang salah,",45,7,negative,0.9841133952140808,nyata dulu pilih oresiden salah,sadness,0.4990578293800354
"Boleh saja melanjutkan program mbg, tapi😊bg pantau dengan ketat agar program ini tidak di korupsi supaya makanannya lebih berkwalitas,",0,1 month ago,@HeriyandiHeriyandi-o5e,"boleh saja melanjutkan program mbg, tapi bg pantau dengan ketat agar program ini tidak di korupsi supaya makanannya lebih berkwalitas,",134,20,positive,0.7404687404632568,lanjut program mbg bg pantau ketat program korupsi makan lebih berkwalitas,happy,0.528702974319458
MBG untuk siapa? Untuk 2029 🥀🇮🇩,0,1 month ago,@ervanandre,mbg untuk siapa untuk 2029,26,5,neutral,0.9841927886009216,mbg siapa 2029,happy,0.5154904723167419
Maksut MBG memang bagus yg bikin jelek itu koruptor nya dan pengawasan nya,0,1 month ago,@arieffirmansyahguess8642,maksut mbg memang bagus yang bikin jelek itu koruptor nya dan pengawasan nya,76,13,positive,0.9008424282073975,maksut mbg memang bagus bikin jelek koruptor awas,anger,0.607968807220459
"“90% orang yang nonton ini… pasti klik…”

“Dan mereka bakal nyesel dalam 3 hari…”

“Kamu mau jadi 10% yang cerdas… atau 90% yang nyesel? cepetan klik aku”",0,1 month ago,@jedasejenak82,90% orang yang nonton ini pasti klik dan mereka bakal nyesel dalam 3 hari kamu mau jadi 10% yang cerdas atau 90% yang nyesel cepetan klik saya,142,27,negative,0.9935092329978943,90 orang nonton klik bakal nyesel 3 hari kamu mau 10 cerdas 90 nyesel cepetan klik,anger,0.5932226777076721
Klau memaksakan rkyt dusa2 nya harus di pertangug jawab.di akherat besuk,0,1 month ago,@yulianprastomo167,kalau memaksakan rkyt dusa2 nya harus di pertangug jawab.di akherat besuk,73,11,negative,0.9314642548561096,paksa rkyt dusa2 pertangug jawab di akherat besuk,fear,0.5586325526237488
Kami sebagae rkyt kecil sangat berat dengan adanya mbg ikonomi tmbh seret harga2 sembako tmbh mhal psr 2 tmbh sepi kami ngk setuju,0,1 month ago,@yulianprastomo167,kami sebagae rkyt kecil sangat berat dengan adanya mbg ikonomi tmbh seret harga2 sembako tmbh mhal psr 2 tmbh sepi kami ngk setuju,130,23,negative,0.9373148679733276,sebagae rkyt kecil sangat berat ada mbg ikonomi tmbh seret harga2 sembako tmbh mhal psr 2 tmbh sepi ngk tuju,sadness,0.7764061689376831
No King ... No King ...,0,1 month ago,@alexandergb1000,no king ... no king ...,23,6,negative,0.8724155426025391,no king  no king ,anger,0.48150634765625
Dapur mbg potong langsung jalur distribusi. Ibu saya pedagang ayam di pasar. Bikin harga ayam mahal dan sekarang sepi pembeli .,0,1 month ago,@Antasena007,dapur mbg potong langsung jalur distribusi. ibu saya pedagang ayam di pasar. bikin harga ayam mahal dan sekarang sepi pembeli .,127,21,negative,0.9323302507400513,dapur mbg potong langsung jalur distribusi ibu dagang ayam pasar bikin harga ayam mahal sekarang sepi beli ,sadness,0.5190227031707764
Mbg meneh mbg meneh teko bubarke nopo to .,0,1 month ago,@asrofi67w68,mbg meneh mbg meneh teko bubarke nopo to .,42,9,negative,0.9764363765716553,mbg teh mbg teh teko bubarke nopo to ,anger,0.9324876070022583
kaya belum makan aja ngomong nya,0,1 month ago,@AnsariRahman-Sr,kaya belum makan aja ngomong nya,32,6,negative,0.9972654581069946,kaya makan ngomong,anger,0.7034986615180969
"Initnya penerima mbg sengaja di naikkan jadi 83 juta orang karna semakin banyak penerima mbg, semakin cuan komplotan prabowo",0,1 month ago,@Hasannasbiiiii,"initnya penerima mbg sengaja di naikkan jadi 83 juta orang karna semakin banyak penerima mbg, semakin cuan komplotan prabowo",124,19,negative,0.9224602580070496,initnya terima mbg sengaja naik 83 juta orang karna makin banyak terima mbg makin cuan komplot prabowo,anger,0.5833253264427185
Wkwkw bekerja sama dengan pihak swasta atau timses pas kampanye min?😂,0,1 month ago,@Hasannasbiiiii,wkwkw bekerja sama dengan pihak swasta atau timses pas kampanye min,67,11,neutral,0.9662346839904785,wkwkw kerja sama pihak swasta timses pas kampanye min,happy,0.5615608096122742
MBG beban pemerintah.   Mana lestoran Sepi JD sppg .  Yg ad gudang kosong jdi dapur sppg,0,1 month ago,@arijamari2426,mbg beban pemerintah. mana lestoran sepi jadi satuan pelayanan pemenuhan gizi . yang ad gudang kosong jadi dapur satuan pelayanan pemenuhan gizi,144,22,negative,0.8603132963180542,mbg beban perintah mana lestoran sepi satu layan penuh gizi  ad gudang kosong dapur satu layan penuh gizi,sadness,0.5225436687469482
Manfaat pastinya adalah mengamankan suara dan posisi 2 periode yg di tanam sejak dini. Liciknya para pejabat demi ambisi menjadi mo 1,0,1 month ago,@demmygwarouw,manfaat pastinya adalah mengamankan suara dan posisi 2 periode yang di tanam sejak dini. liciknya para pejabat demi ambisi menjadi mo 1,135,22,positive,0.49385103583335876,manfaat pasti aman suara posisi 2 periode tanam sejak dini licik jabat ambisi jadi mo 1,happy,0.4806986153125763
Harus di lawan emang nih pemerintah sekarang 😂,0,1 month ago,@mandarachaturanga,harus di lawan memang ini pemerintah sekarang,45,7,negative,0.9989908337593079,lawan memang perintah sekarang,anger,0.7382882237434387
"MBG membangkrutkan usaha masyarakat kecil,memberi peluang pejabat korupsi ber jamakah.",3,1 month ago,@PakWasis-b8g,"mbg membangkrutkan usaha masyarakat kecil,memberi peluang pejabat korupsi ber jamakah.",86,10,negative,0.911657452583313,mbg bangkrut usaha masyarakat kecil beri peluang jabat korupsi ber jamakah,anger,0.6587048768997192
"■ MBG Menciptakan Lap Kerja & Gaji:

Tiap SPPG dibutuhkan 18-25 staf, dg gaji:
· Supervisor/Kepala Dapur: Rp4 - 7 juta
· Ahli Gizi & Akuntan: ± Rp5 juta 
· Juru Masak Utama: Rp3 - 5 juta
· Asisten Koki/Prep/Packing: Rp2 - 3,8 juta
· Driver/Petugas Distribusi: Rp2,5 - 4,5 juta
· Bagian Cuci & Sanitasi: Rp2 - 3 juta

--> Semuanya dikali x 24.000-an SPPG (Feb 2025)
--> inilah gaji yg diterima masyarakat/bln berkat program MBG

■ MBG Mensejahterakan Pedagang Sayur & Pasar Lokal:

Kebutuhan 1 SPPG untuk sekali masak (melayani ±3.000 penerima) sangat besar :

· Telur: 3.000 - 3.300 butir (disediakan 2 kali seminggu)
· Ayam: 350 ekor (setara 2,6 ton per bulan)
· Beras: 5 ton per bulan
· Sayur: 350 kg
· Susu: 450 liter

--> ini dikali 24.000-an SPPG, total.ada 61Jt-an penerima makanan MBG se-Indonesia (Feb 2025)

--> Dana yang beredar sangat besar. Sekitar 70% anggaran SPPG (Rp1 miliar/bulan) digunakan untuk belanja bahan baku, yang 95-99% bersumber dari produk pertanian lokal .

■ TESTIMONI:

• Kadin Indonesia mencatat sektor pertanian dan peternakan mengalami pertumbuhan berkat program ini.

• Kenaikan Harga Komoditas: Wali Kota Tangerang secara spesifik menyebut bahwa program MBG berkontribusi pada kenaikan harga komoditas seperti cabai, telur, dan ayam, yang secara langsung menguntungkan petani dan pedagang.

• Perubahan Kebiasaan: Petani yang sempat berhenti mulai menanam lagi karena ada jaminan pembelian, bahkan ada yang mengubah pola tanam untuk memenuhi permintaan SPPG.

• Pasar Pasti (Captive Market): 
Banyak SPPG yang memenuhi 85% kebutuhan pangannya dari radius terdekat.

• Pemasok Lokal: Setiap SPPG memberdayakan minimal 15 pemasok lokal, mulai dari petani sayur, pemasok telur, hingga distributor ayam .

■ KESIMPULAN:

• Program ini membuka lapangan kerja massal, terutama bagi warga lokal dan ibu rumah tangga, dengan pendapatan signifikan di atas rata-rata upah harian.

• Program ini mengubah SPPG menjadi ""denyut nadi ekonomi baru"" di tingkat desa, menciptakan ekosistem yang melibatkan petani, pedagang pasar, dan koperasi desa.",0,1 month ago,@adralia23,"mbg menciptakan lap kerja gaji tiap satuan pelayanan pemenuhan gizi dibutuhkan 18 25 staf, dengan gaji supervisor kepala dapur rp4 7 juta ahli gizi akuntan rp5 juta juru masak utama rp3 5 juta asisten koki prep packing rp2 3,8 juta driver petugas distribusi rp2,5 4,5 juta bagian cuci sanitasi rp2 3 juta semuanya dikali x 24.00 an satuan pelayanan pemenuhan gizi feb 2025 inilah gaji yang diterima masyarakat bln berkat program mbg mbg mensejahterakan pedagang sayur pasar lokal kebutuhan 1 satuan pelayanan pemenuhan gizi untuk sekali masak melayani 3.00 penerima sangat besar telur 3.00 3.300 butir disediakan 2 kali seminggu ayam 350 ekor setara 2,6 ton per bulan beras 5 ton per bulan sayur 350 kg susu 450 liter ini dikali 24.00 an sppg, total.ada 61 juta an penerima makanan mbg se indonesia feb 2025 dana yang beredar sangat besar. sekitar 70% anggaran satuan pelayanan pemenuhan gizi rp1 miliar bulan digunakan untuk belanja bahan baku, yang 95 99% bersumber dari produk pertanian lokal . testimoni kadin indonesia mencatat sektor pertanian dan peternakan mengalami pertumbuhan berkat program ini. kenaikan harga komoditas wali kota tangerang secara spesifik menyebut bahwa program mbg berkontribusi pada kenaikan harga komoditas seperti cabai, telur, dan ayam, yang secara langsung menguntungkan petani dan pedagang. perubahan kebiasaan petani yang sempat berhenti mulai menanam lagi karena ada jaminan pembelian, bahkan ada yang mengubah pola tanam untuk memenuhi permintaan sppg. pasar pasti captive market banyak satuan pelayanan pemenuhan gizi yang memenuhi 85% kebutuhan pangannya dari radius terdekat. pemasok lokal setiap satuan pelayanan pemenuhan gizi memberdayakan minimal 15 pemasok lokal, mulai dari petani sayur, pemasok telur, hingga distributor ayam . kesimpulan program ini membuka lapangan kerja massal, terutama bagi warga lokal dan ibu rumah tangga, dengan pendapatan signifikan di atas rata rata upah harian. program ini mengubah satuan pelayanan pemenuhan gizi menjadi denyut nadi ekonomi baru di tingkat desa, menciptakan ekosistem yang melibatkan petani, pedagang pasar, dan koperasi desa.",2122,317,neutral,0.8917677998542786,mbg cipta lap kerja gaji tiap satu layan penuh gizi butuh 18 25 staf gaji supervisor kepala dapur rp4 7 juta ahli gizi akuntan rp5 juta juru masak utama rp3 5 juta asisten koki prep packing rp2 3 8 juta driver tugas distribusi rp2 5 4 5 juta bagi cuci sanitasi rp2 3 juta semua kali x 24 00 an satu layan penuh gizi feb 2025 ini gaji terima masyarakat bln berkat program mbg mbg sejahtera dagang sayur pasar lokal butuh 1 satu layan penuh gizi sekali masak layan 3 00 terima sangat besar telur 3 00 3 300 butir sedia 2 kali minggu ayam 350 ekor tara 2 6 ton per bulan beras 5 ton per bulan sayur 350 kg susu 450 liter kali 24 00 an sppg total ada 61 juta an terima makan mbg se indonesia feb 2025 dana edar sangat besar 70 anggar satu layan penuh gizi rp1 miliar bulan guna belanja bahan baku 95 99 sumber produk tani lokal  testimoni kadin indonesia catat sektor tani terna alami tumbuh berkat program ini naik harga komoditas wali kota tangerang spesifik sebut program mbg kontribusi naik harga komoditas cabai telur ayam langsung untung tani dagang ubah biasa tani sempat henti mulai tanam jamin beli bahkan ubah pola tanam penuh minta sppg pasar captive market banyak satu layan penuh gizi penuh 85 butuh pangan radius dekat pasok lokal satu layan penuh gizi daya minimal 15 pasok lokal mulai tani sayur pasok telur hingga distributor ayam  simpul program buka lapang kerja massal utama warga lokal ibu rumah tangga dapat signifikan atas rata rata upah hari program ubah satu layan penuh gizi jadi denyut nadi ekonomi baru tingkat desa cipta ekosistem libat tani dagang pasar koperasi desa,sadness,0.6704399585723877
Itu yang dislike punya masalah apa sih?,0,1 month ago,@Dabedeedabedoo,itu yang dislike punya masalah apa sih,38,7,negative,0.9950254559516907,dislike punya masalah apa,anger,0.6282071471214294
SPPG ADALAH BISNIS PALING MENGUNTUNGKAN,0,1 month ago,@NurRachmat-kk2vl,satuan pelayanan pemenuhan gizi adalah bisnis paling menguntungkan,66,8,positive,0.6755980849266052,satu layan penuh gizi bisnis paling untung,happy,0.8037139177322388
"Padahal ada yg lebih penting daripada MBG, fasilitas gedung/ruang kelas di sekolah, fasilitas olahraga di sekolah2, juga gaji guru yg sangat tidak layak.",0,1 month ago,@muhammadrobby4428,"padahal ada yang lebih penting daripada mbg, fasilitas gedung ruang kelas di sekolah, fasilitas olahraga di sekolah2, juga gaji guru yang sangat tidak layak.",157,24,negative,0.9985355138778687,padahal lebih penting mbg fasilitas gedung ruang kelas sekolah fasilitas olahraga sekolah2 gaji guru sangat layak,sadness,0.5700529217720032
"Bagus sih mbg secara ide tapi perlu di evaluasi dalam prakteknya. Ya dari pada buat infrastruktur gk jelas mending uangnya buat para petani, peternak dan nelayan.",3,1 month ago,@Gidek99,"bagus sih mbg secara ide tapi perlu di evaluasi dalam prakteknya. ya dari pada untuk infrastruktur tidak jelas mending uangnya untuk para petani, peternak dan nelayan.",167,26,negative,0.738416850566864,bagus mbg ide perlu evaluasi praktek infrastruktur jelas mending uang tani ternak nelayan,anger,0.558307945728302
Program awal dari kehancuran negara Indonesia,0,1 month ago,@Angleramatiranborneo88,program awal dari kehancuran negara indonesia,45,6,negative,0.8629162907600403,program awal hancur negara indonesia,sadness,0.5209404230117798
Tolol tunjukkan bukti klo mbg memotong dana anggaran  pendidikan,0,1 month ago,@wahyusuradichannel,tolol tunjukkan bukti kalau mbg memotong dana anggaran pendidikan,65,9,negative,0.8423033952713013,tolol tunjuk bukti mbg potong dana anggar didik,anger,0.6576218008995056
Untuk pemerintah lah bukan untuk rakyat yg jelas yg kerja di mbg seperti karyawan mbg itu terlihat berkah karena ada diwaktu halal bihalal lusuh terlihat karena sepupu ku punya dapur mbg ada sih beberapa orang kerja di mbg tapi terlihat miskin saja nya karena mungkin gaji nya habis untuk ee seperti nya betul mbg tidak berkah itu fakta wajah di banding yg juallan ranginang 🤣🤣🤣🤣🤣😂😂😂😂🎉🎉🎉,0,1 month ago,@imassuryati8471,untuk pemerintah lah bukan untuk rakyat yang jelas yang kerja di mbg seperti karyawan mbg itu terlihat berkah karena ada diwaktu halal bihalal lusuh terlihat karena sepupu ku punya dapur mbg ada sih beberapa orang kerja di mbg tapi terlihat miskin saja nya karena mungkin gaji nya habis untuk ee seperti nya betul mbg tidak berkah itu fakta wajah di banding yang juallan ranginang,380,64,negative,0.9907158613204956,perintah bukan rakyat jelas kerja mbg karyawan mbg lihat berkah waktu halal bihalal lusuh lihat sepupu ku punya dapur mbg beberapa orang kerja mbg lihat miskin mungkin gaji habis ee betul mbg berkah fakta wajah banding juallan ranginang,sadness,0.6365076899528503
Aku yakin mbg tidak bisa ngurangi anak setanting,0,1 month ago,@yadikento3648,saya yakin mbg tidak bisa ngurangi anak setanting,49,8,positive,0.9689299464225769,yakin mbg ngurangi anak setanting,fear,0.4147898256778717
Sudah benar kita masuk surga jalur warga Indonesia yg terdzolimi negara,0,1 month ago,@setyokoaris,sudah benar kita masuk surga jalur warga indonesia yang terdzolimi negara,73,11,negative,0.9930631518363953,benar masuk surga jalur warga indonesia terdzolimi negara,happy,0.44179195165634155
"Mbg buang2 duit TDK ada manpa,atnya mengeruk APBN",0,1 month ago,@ailanajwa-d5u,"mbg buang2 duit tidak ada manpa,atnya mengeruk anggaran pendapatan belanja negara",81,11,negative,0.992403507232666,mbg buang2 duit manpa atnya keruk anggar dapat belanja negara,anger,0.9338935017585754
MBG adalah Program Bagus dan Harus di Lanjutkan,0,1 month ago,@tan98938,mbg adalah program bagus dan harus di lanjutkan,47,8,positive,0.9319280982017517,mbg program bagus lanjut,happy,0.8028147220611572
"MBG untuk rakyat lah..............
hanya yang sirik yang minta MBG dihentikan.
Jajanan anak sekarang; bakso 5-10 ribu, cilor, semprol, dll 5 ribu.
banyak anak yang ga sarapan, dan ga juga punya uang untuk jajan.

MBG? nasi saja paling tidak 3 ribu, plus lauk, buah susu, anggap 9-10 ribu.
Anak sekarang bisa makan, dan fakta yang jajan pun banyak mengurangi jajanan.
Dulu anak ku sering mengeluh ga ada nasi di sekolah, sementara harus pulang setiap hari jam 14:30.
Sekarang, merasa tenang, karena ada MBG.

Btw, Celios sudah melakukan survey sendiri tentang MBG, Hasil nya 81.3% masyarakat mendukung program MBG.",0,1 month ago,@muhamadfaizal2991,"mbg untuk rakyat lah.............. hanya yang sirik yang minta mbg dihentikan. jajanan anak sekarang bakso 5 10 ribu, cilor, semprol, dll 5 ribu. banyak anak yang tidak sarapan, dan tidak juga punya uang untuk jajan. mbg nasi saja paling tidak 3 ribu, plus lauk, buah susu, anggap 9 10 ribu. anak sekarang bisa makan, dan fakta yang jajan pun banyak mengurangi jajanan. dulu anak ku sering mengeluh tidak ada nasi di sekolah, sementara harus pulang setiap hari jam 14 30. sekarang, merasa tenang, karena ada mbg. btw, celios sudah melakukan survey sendiri tentang mbg, hasil nya 81.3% masyarakat mendukung program mbg.",618,101,positive,0.8078723549842834,mbg rakyat lah sirik minta mbg henti jajan anak sekarang bakso 5 10 ribu cilor semprol 5 ribu banyak anak sarap punya uang jajan mbg nasi paling 3 ribu plus lauk buah susu anggap 9 10 ribu anak sekarang makan fakta jajan banyak kurang jajan dulu anak ku sering keluh nasi sekolah pulang hari jam 14 30 sekarang rasa tenang mbg btw celios laku survey sendiri mbg hasil 81 3 masyarakat dukung program mbg,anger,0.40437963604927063
Jelas untuk dirinya sendiri dan keluarganya,1,1 month ago,@alfian_93,jelas untuk dirinya sendiri dan keluarganya,43,6,negative,0.7385677099227905,jelas diri sendiri keluarga,happy,0.3155992031097412
"Enak kali gratis,,,,,itu uang hasil pajak seluruh rakyat indonesia......",0,1 month ago,@ekosusilo3023,"enak kali gratis,,itu uang hasil pajak seluruh rakyat indonesia......",69,9,negative,0.5714207887649536,enak kali gratis itu uang hasil pajak seluruh rakyat indonesia,anger,0.677216649055481
"Program memuakan, merampok uang negara buat korupsi berprogram dan berjemaah, biadab, zolim, kurang ajar",0,1 month ago,@akhmaduthan9912,"program memuakan, merampok uang negara untuk korupsi berprogram dan berjemaah, biadab, zolim, kurang ajar",105,14,negative,0.9990180730819702,program mua rampok uang negara korupsi program jemaah biadab zolim kurang ajar,anger,0.9204664826393127
"Negara lain pusing subsidi indo foya"" 🤟",0,1 month ago,@wawanlistanto5607,negara lain pusing subsidi indo foya,36,6,negative,0.9933748841285706,negara pusing subsidi indo foya,anger,0.7438875436782837
"Hasil nya diukur sukses tidaknya cuma dari jumlah porsi makanan yang dibagikan, jumlah dapur yang dibangun dan jumlah dana pemerintah yang dikeluarjan. Tidak ada ukuran lain. Tidak sesuai dengan tujuan yang dipakai alasan di laksanakannya program ini, menghilangkan stunting. Hilangnya stunting itu nggak bisa diukur.",0,1 month ago,@RoyIndrasyah,"hasil nya diukur sukses tidaknya cuma dari jumlah porsi makanan yang dibagikan, jumlah dapur yang dibangun dan jumlah dana pemerintah yang dikeluarjan. tidak ada ukuran lain. tidak sesuai dengan tujuan yang dipakai alasan di laksanakannya program ini, menghilangkan stunting. hilangnya stunting itu tidak bisa diukur.",317,45,negative,0.9890538454055786,hasil ukur sukses tidak cuma jumlah porsi makan bagi jumlah dapur bangun jumlah dana perintah dikeluarjan ukur lain sesuai tuju pakai alas laksana program ini hilang stunting hilang stunting ukur,sadness,0.43812131881713867
"Rumahku sebelahan ma MBG, jadi sedikit banyak tau ""rahasia dapur""nya.
1. Kepemilikan MBG kebanyakan dimiliki anggota keluarga pejabat, kalo bukan, maka bakal susah daftarnya.
2. Sekarang banyak dapur yang yang mulai makin sikut karena makin banyak porsi makin gede bayarannya.
3. Distribusi jelek
4. Banyak makanan kebuang
5. Banyak bahan makanan masuk ke relawan

Sebenernya ada lebih banyak lagi",0,1 month ago,@rakabcahthekill4666,"rumahku sebelahan ma mbg, jadi sedikit banyak tau rahasia dapur nya. 1. kepemilikan mbg kebanyakan dimiliki anggota keluarga pejabat, kalau bukan, maka bakal susah daftarnya. 2. sekarang banyak dapur yang yang mulai makin sikut karena makin banyak porsi makin gede bayarannya. 3. distribusi jelek 4. banyak makanan kebuang 5. banyak bahan makanan masuk ke relawan sebenernya ada lebih banyak lagi",396,60,negative,0.9189054369926453,rumah belah ma mbg sedikit banyak tau rahasia dapur nya 1 milik mbg banyak milik anggota keluarga jabat bukan bakal susah daftar 2 sekarang banyak dapur mulai makin sikut makin banyak porsi makin gede bayar 3 distribusi jelek 4 banyak makan buang 5 banyak bahan makan masuk rawan sebenernya lebih banyak,sadness,0.5611922740936279
"Jujur programnya sangat-sangat bagus cuma pengelolaannya tidak jelas, apalagi di desa-desa, giliran disuarakan malah di intimidasi atau bahkan di kriminalisasi oleh pengelola dari tingkat desa, kabupaten bahkan nasional.",0,1 month ago,@cholee8673,"jujur programnya sangat sangat bagus cuma pengelolaannya tidak jelas, apalagi di desa desa, giliran disuarakan malah di intimidasi atau bahkan di kriminalisasi oleh pengelola dari tingkat desa, kabupaten bahkan nasional.",220,30,negative,0.9947056174278259,jujur program sangat sangat bagus cuma kelola jelas desa desa gilir suara malah intimidasi bahkan kriminalisasi kelola tingkat desa kabupaten bahkan nasional,anger,0.6550658941268921
Mbg dihapus kan tidak bisa koropsi maka tetap ngotot dijalankan 4:22  sampai negara ini mau dijual,0,1 month ago,@CahyaSaputra-c7t,mbg dihapus kan tidak bisa koropsi maka tetap ngotot dijalankan 4 22 sampai negara ini mau dijual,97,17,negative,0.9897350072860718,mbg hapus koropsi tetap ngotot jalan 4 22 negara mau jual,anger,0.8537912368774414
"Infografis Keracunan Makanan Massal MBG yang Riil 2026

A. Metode Perhitungan Tingkat Keracunan yang Benar Berbasis Prinsip Epidemiologi

Data yang digunakan:

a. Total penerima MBG 2026= 60, 2 juta anak (Kompas, 13 Februari 2026).

b. Jumlah anak keracunan makanan MBG (jumlah anak sakit) = 28.000 anak (Kontan, 13 Februari 2026).

Ditanya:  Attack Rate per Individu (versi Epidemiologi)? 1 dari berapa anak yang mengalami keracunan?

Dijawab: 

Rumus Standar:

 Attack Rate per Individu (Anak) = Jumlah anak keracunan makanan MBG ÷ jumlah anak terekspos (total penerima MBG) x 100

Proses perhitungan:

Attack rate per individu (%) = 28.000 ÷ 
60.200.000 x 100

Attack rate per individu  (%) = 0,0465%

Interpretasi:

a. Angka attack rate per individu sekitar 0,0465%, yang berarti sekitar 1 dari setiap 2.150 anak penerima MBG mengalami keracunan makanan (dihitung dengan 60.200.000 ÷ 28.000 = 2.150).

b. Metode ini valid dan diakui secara internasional dalam bidang epidemiologi, karena fokus pada unit individu yang menjadi target utama program.

c. Meskipun persentase terlihat kecil, angka ini sangat signifikan karena menyangkut keselamatan dan kesehatan jutaan anak di seluruh Indonesia.

B. Perhitungan yang Dinyatakan Presiden dalam Konteks Program MBG

Masalah Utama:

Presiden membandingkan jumlah kasus keracunan dengan jumlah porsi makanan, bukan jumlah penerima individu.

Data yang digunakan:

a. Jumlah kasus keracunan MBG= 28.000 (Kontan, 13 Februari 2026).

Jumlah porsi MBG= 4,5 miliar (Pernyataan Presiden Prabowo Subianto, 13 Februari 2026).

Rumus yang digunakan:

Attack Rate per Porsi (%) = Jumlah kasus keracunan ÷ jumlah porsi x 100

Proses Perhitungan:

28.000 ÷ 4.500.000.000 x 100 = 0,0006%

Interpretasi:

a. Secara perhitungan matematika tidak terdapat kesalahan, namun tidak sesuai dengan prinsip kesehatan masyarakat. Sebab, satu anak penerima MBG dapat mengonsumsi lebih dari 250 porsi makanan dalam setahun, sehingga satu individu bisa terhitung berkali-kali dalam perhitungan berbasis porsi.

b. Pendekatan ini cenderung mengurangi persepsi risiko yang sebenarnya dialami oleh setiap anak, sehingga sulit untuk mengidentifikasi dampak kesehatan secara langsung pada populasi target program.

Gambaran Risiko yang Sebenarnya (Insight Kunci)
 
a. Menghitung attack rate per individu lebih tepat dan relevan untuk mengevaluasi risiko kesehatan masyarakat, karena mengukur dampak pada unit yang menjadi fokus intervensi.

b. Penggunaan porsi sebagai pembagi dalam perhitungan cenderung mengecilkan skala masalah keracunan, yang berpotensi menghambat langkah-langkah pengawasan kualitas dan perbaikan sistem yang lebih ketat di lapangan.

Rekomendasi Kebijakan yang Komprehensif
 
1. Standarisasi Metode Pengukuran Risiko
 
Menetapkan attack rate per individu sebagai metrik utama dalam pelaporan perkembangan program MBG, agar konsisten dengan standar epidemiologi global dan memberikan gambaran akurat tentang dampak kesehatan pada anak-anak. Data yang dilaporkan harus mencakup distribusi kasus per wilayah dan kelompok usia untuk memudahkan identifikasi titik rawan.
 
2. Evaluasi Akar Penyebab Kasus Keracunan
 
Melaksanakan penyelidikan menyeluruh terhadap setiap kasus keracunan, mencakup:
 
a) Pemeriksaan mutu bahan baku mulai dari sumber produksi hingga kedatangan di dapur SPPG

b) Evaluasi proses pengolahan, penyimpanan, dan distribusi makanan di Satuan Pelayanan Pemenuhan Gizi (SPPG)

c)  Audit sistem rantai pasokan dan efektivitas pengawasan yang sudah berjalan

d) Tujuan utama: Mengatasi faktor risiko secara menyeluruh dan mencapai target zero error dalam 12 bulan ke depan
 
3. Peningkatan Transparansi Data dan Komunikasi Publik
 
a) Memberikan laporan berkala (bulanan) kepada masyarakat tentang jumlah penerima, distribusi kasus keracunan per provinsi/kabupaten, dan langkah-langkah perbaikan yang dilakukan.

b) Menyelenggarakan rapat informasi publik secara berkala untuk menjelaskan perbedaan antara perhitungan risiko per individu dan per porsi, serta menjawab pertanyaan dari masyarakat.

c) Membuat dashboard data MBG yang dapat diakses secara terbuka oleh publik untuk memastikan akuntabilitas.
 
4. Penguatan Sistem Pengawasan dan Mutu
 
a) Meningkatkan frekuensi pemantauan terhadap seluruh SPPG menjadi minimal 2-3 kali per minggu.

b) Memberikan pelatihan berkelanjutan kepada operator dapur, penjamah makanan, dan petugas terkait tentang standar keamanan pangan dan praktik higiene yang baik.

c) Melakukan verifikasi berkala terhadap pemasok bahan baku dan menetapkan daftar pemasok terpercaya yang memiliki sertifikasi mutu.

d) Menegakkan penerapan standar operasional prosedur (SOP) keamanan pangan dengan membuat checklist inspeksi yang jelas dan terukur.
 
5. Sinkronisasi Tujuan Program yang Seimbang
 
Memastikan bahwa tujuan utama peningkatan status gizi anak dan dampak positif terhadap ekonomi desa (melalui penyerapan tenaga kerja dan pasar terjamin bagi petani/nelayan) tidak mengorbankan aspek keamanan pangan, dengan langkah:
 
a) Mengalokasikan minimal 15% dari anggaran total MBG untuk pengawasan mutu dan keamanan pangan

b) Menyusun peta jalan sinergi antara program gizi dan program ekonomi desa

c) Membentuk tim koordinasi lintas sektor (Kementerian Kesehatan, Kementerian Pertanian, Kementerian Pendidikan) untuk memastikan sinkronisasi program
 
6. Pemanfaatan Infrastruktur Kesehatan yang Ada Sebagai Pengawas Lapangan
 
Menetapkan Puskesmas dan Posyandu sebagai pihak pengawas lapangan resmi untuk dapur-dapur SPPG-MBG. Kedua lembaga ini merupakan infrastruktur negara yang sudah terbentuk sejak lama, teruji keandalan, tersebar merata hingga pelosok daerah, dan memiliki kapasitas yang mumpuni dalam surveilans kesehatan, inspeksi sanitasi, serta merespons Kejadian Luar Biasa (KLB). Pemanfaatan infrastruktur yang ada juga dapat mencegah munculnya struktur kemitraan baru yang berpotensi menyediakan ruang bagi praktik pencarian rente dalam jaringan patronase.
 
a. Peran Puskesmas:
 
1. Melakukan inspeksi sanitasi dan keamanan pangan secara rutin dan melekat, minimal 2-3 kali per minggu, termasuk selama jam produksi dini hari untuk memastikan kepatuhan pada proses produksi

2. Memeriksa pola memasak, suhu penyimpanan bahan baku dan makanan jadi, serta jalur distribusi makanan ke sekolah

3. Melakukan uji cepat (organoleptik, uji keamanan dasar harian) di lokasi SPPG dan sekolah, dengan laporan digital real-time yang terintegrasi ke dashboard Badan Gizi Nasional (BGN)

4. Membina dan melaksanakan tes kesehatan berkala bagi penjamah makanan, memantau kondisi kesehatan penerima MBG, serta memberikan perawatan medis awal pada kasus keracunan

5. Menyusun laporan evaluasi bulanan untuk Dinas Kesehatan Kabupaten/Kota, serta melakukan pendidikan dan penyuluhan tentang gizi seimbang dan kehigienesan kepada operator SPPG dan masyarakat

6. Membantu memantau penerimaan dan konsumsi makanan MBG, terutama di sekolah dasar pedesaan yang memiliki akses terbatas terhadap fasilitas kesehatan
 
b. Peran Posyandu:
 
1. Bertindak sebagai pemantau distribusi MBG untuk kelompok non-sekolah (balita, ibu hamil, dan ibu menyusui)

2. Memberikan pendidikan dasar tentang higiene makanan dan gizi kepada orang tua peserta MBG

3. Menjadi saluran komunikasi cepat untuk melaporkan tanda-tanda keracunan atau Kejadian Luar Biasa (KLB) ke Puskesmas terkait

4. Petugas Posyandu akan mendapatkan pelatihan khusus tentang standar keamanan pangan MBG dan cara melakukan pemantauan yang efektif
 
Kolaborasi dan Dukungan yang Diperlukan:

Kolaborasi Puskesmas, Posyandu, dan SPPG-MBG membentuk rantai pemantauan berlapis yang mencakup empat pilar utama:
 
1. Pemeriksaan Administratif: Verifikasi sertifikasi, dokumentasi proses produksi, dan catatan mutu bahan baku.

2. Pemeriksaan Lapangan: Penilaian kebersihan lingkungan, sanitasi peralatan, dan praktik kerja operator.

3. Pendidikan Masyarakat: Sosialisasi pentingnya keamanan pangan dan perilaku hidup bersih dan sehat.

4. Sanksi dan Tindakan Korektif: Penonaktifan sementara atau permanen SPPG yang tidak mematuhi standar inspeksi, serta pendampingan untuk perbaikan sistem.
 
Untuk mendukung kolaborasi ini:
 
1. Diperlukan penambahan 2-4 tenaga medis khusus per puskesmas yang fokus menangani program MBG.

2. Dialokasikan anggaran bersama antara pemerintah pusat dan daerah untuk biaya operasional, pelatihan, dan peralatan inspeksi.

3. Melakukan revisi pedoman teknis dan peraturan terkait MBG agar mengakomodasi peran Puskesmas dan Posyandu sebagai pengawas lapangan.
 
Catatan Penting tentang Sertifikasi:

Meskipun Surat Edaran Kementerian Kesehatan HK.02.02/C.I/4202/2025 mewajibkan Sertifikat Laik Higiene Sanitasi (SLHS) sebagai syarat operasional, sertifikat ini hanya menjadi standar hukum minimum dan tidak menjamin keamanan pangan mutlak. Program MBG harus menerapkan prinsip ""keamanan pangan sebagai prioritas utama"" tanpa mencari keuntungan di setiap tingkatan implementasi. Selain itu, perlu diantisipasi risiko penyalahgunaan proses sertifikasi yang dapat menjadi ladang korupsi, seperti kasus yang pernah terjadi terkait pemerasan sertifikat K3. Oleh karena itu, proses sertifikasi harus dilakukan secara transparan dengan pengawasan independen dan mekanisme pengaduan yang mudah diakses oleh masyarakat.
 
Kesimpulan
 
Program MBG memiliki potensi besar untuk meningkatkan status gizi anak dan mendorong ekonomi desa. Namun, keamanan pangan harus menjadi prioritas utama yang tidak dapat dikorbankan. Dengan menerapkan metode pengukuran yang tepat, memperkuat sistem pengawasan melalui infrastruktur yang sudah ada, dan menjaga transparansi serta akuntabilitas, program ini dapat berjalan efektif dan aman bagi jutaan anak Indonesia.",0,1 month ago,@rafaelmanalu5926,"infografis keracunan makanan massal mbg yang riil 2026 a. metode perhitungan tingkat keracunan yang benar berbasis prinsip epidemiologi data yang digunakan a. total penerima mbg 2026 60, 2 juta anak kompas, 13 februari 2026 . b. jumlah anak keracunan makanan mbg jumlah anak sakit 28.00 anak kontan, 13 februari 2026 . ditanya attack rate per individu versi epidemiologi 1 dari berapa anak yang mengalami keracunan dijawab rumus standar attack rate per individu anak jumlah anak keracunan makanan mbg jumlah anak terekspos total penerima mbg x 100 proses perhitungan attack rate per individu % 28.00 60.200.00 x 100 attack rate per individu % 0,0465% interpretasi a. angka attack rate per individu sekitar 0,0465%, yang berarti sekitar 1 dari setiap 2.150 anak penerima mbg mengalami keracunan makanan dihitung dengan 60.200.00 28.00 2.150 . b. metode ini valid dan diakui secara internasional dalam bidang epidemiologi, karena fokus pada unit individu yang menjadi target utama program. c. meskipun persentase terlihat kecil, angka ini sangat signifikan karena menyangkut keselamatan dan kesehatan jutaan anak di seluruh indonesia. b. perhitungan yang dinyatakan presiden dalam konteks program mbg masalah utama presiden membandingkan jumlah kasus keracunan dengan jumlah porsi makanan, bukan jumlah penerima individu. data yang digunakan a. jumlah kasus keracunan mbg 28.00 kontan, 13 februari 2026 . jumlah porsi mbg 4,5 miliar pernyataan presiden prabowo subianto, 13 februari 2026 . rumus yang digunakan attack rate per porsi % jumlah kasus keracunan jumlah porsi x 100 proses perhitungan 28.00 4.500.00.00 x 100 0,006% interpretasi a. secara perhitungan matematika tidak terdapat kesalahan, namun tidak sesuai dengan prinsip kesehatan masyarakat. sebab, satu anak penerima mbg dapat mengonsumsi lebih dari 250 porsi makanan dalam setahun, sehingga satu individu bisa terhitung berkali kali dalam perhitungan berbasis porsi. b. pendekatan ini cenderung mengurangi persepsi risiko yang sebenarnya dialami oleh setiap anak, sehingga sulit untuk mengidentifikasi dampak kesehatan secara langsung pada populasi target program. gambaran risiko yang sebenarnya insight kunci a. menghitung attack rate per individu lebih tepat dan relevan untuk mengevaluasi risiko kesehatan masyarakat, karena mengukur dampak pada unit yang menjadi fokus intervensi. b. penggunaan porsi sebagai pembagi dalam perhitungan cenderung mengecilkan skala masalah keracunan, yang berpotensi menghambat langkah langkah pengawasan kualitas dan perbaikan sistem yang lebih ketat di lapangan. rekomendasi kebijakan yang komprehensif 1. standarisasi metode pengukuran risiko menetapkan attack rate per individu sebagai metrik utama dalam pelaporan perkembangan program mbg, agar konsisten dengan standar epidemiologi global dan memberikan gambaran akurat tentang dampak kesehatan pada anak anak. data yang dilaporkan harus mencakup distribusi kasus per wilayah dan kelompok usia untuk memudahkan identifikasi titik rawan. 2. evaluasi akar penyebab kasus keracunan melaksanakan penyelidikan menyeluruh terhadap setiap kasus keracunan, mencakup a pemeriksaan mutu bahan baku mulai dari sumber produksi hingga kedatangan di dapur satuan pelayanan pemenuhan gizi b evaluasi proses pengolahan, penyimpanan, dan distribusi makanan di satuan pelayanan pemenuhan gizi satuan pelayanan pemenuhan gizi c audit sistem rantai pasokan dan efektivitas pengawasan yang sudah berjalan d tujuan utama mengatasi faktor risiko secara menyeluruh dan mencapai target zero error dalam 12 bulan ke depan 3. peningkatan transparansi data dan komunikasi publik a memberikan laporan berkala bulanan kepada masyarakat tentang jumlah penerima, distribusi kasus keracunan per provinsi kabupaten, dan langkah langkah perbaikan yang dilakukan. b menyelenggarakan rapat informasi publik secara berkala untuk menjelaskan perbedaan antara perhitungan risiko per individu dan per porsi, serta menjawab pertanyaan dari masyarakat. c membuat dashboard data mbg yang dapat diakses secara terbuka oleh publik untuk memastikan akuntabilitas. 4. penguatan sistem pengawasan dan mutu a meningkatkan frekuensi pemantauan terhadap seluruh satuan pelayanan pemenuhan gizi menjadi minimal 2 3 kali per minggu. b memberikan pelatihan berkelanjutan kepada operator dapur, penjamah makanan, dan petugas terkait tentang standar keamanan pangan dan praktik higiene yang baik. c melakukan verifikasi berkala terhadap pemasok bahan baku dan menetapkan daftar pemasok terpercaya yang memiliki sertifikasi mutu. d menegakkan penerapan standar operasional prosedur sop keamanan pangan dengan membuat checklist inspeksi yang jelas dan terukur. 5. sinkronisasi tujuan program yang seimbang memastikan bahwa tujuan utama peningkatan status gizi anak dan dampak positif terhadap ekonomi desa melalui penyerapan tenaga kerja dan pasar terjamin bagi petani nelayan tidak mengorbankan aspek keamanan pangan, dengan langkah a mengalokasikan minimal 15% dari anggaran total mbg untuk pengawasan mutu dan keamanan pangan b menyusun peta jalan sinergi antara program gizi dan program ekonomi desa c membentuk tim koordinasi lintas sektor kementerian kesehatan, kementerian pertanian, kementerian pendidikan untuk memastikan sinkronisasi program 6. pemanfaatan infrastruktur kesehatan yang ada sebagai pengawas lapangan menetapkan puskesmas dan posyandu sebagai pihak pengawas lapangan resmi untuk dapur dapur satuan pelayanan pemenuhan gizi mbg. kedua lembaga ini merupakan infrastruktur negara yang sudah terbentuk sejak lama, teruji keandalan, tersebar merata hingga pelosok daerah, dan memiliki kapasitas yang mumpuni dalam surveilans kesehatan, inspeksi sanitasi, serta merespons kejadian luar biasa klb . pemanfaatan infrastruktur yang ada juga dapat mencegah munculnya struktur kemitraan baru yang berpotensi menyediakan ruang bagi praktik pencarian rente dalam jaringan patronase. a. peran puskesmas 1. melakukan inspeksi sanitasi dan keamanan pangan secara rutin dan melekat, minimal 2 3 kali per minggu, termasuk selama jam produksi dini hari untuk memastikan kepatuhan pada proses produksi 2. memeriksa pola memasak, suhu penyimpanan bahan baku dan makanan jadi, serta jalur distribusi makanan ke sekolah 3. melakukan uji cepat organoleptik, uji keamanan dasar harian di lokasi satuan pelayanan pemenuhan gizi dan sekolah, dengan laporan digital real time yang terintegrasi ke dashboard badan gizi nasional badan gizi nasional 4. membina dan melaksanakan tes kesehatan berkala bagi penjamah makanan, memantau kondisi kesehatan penerima mbg, serta memberikan perawatan medis awal pada kasus keracunan 5. menyusun laporan evaluasi bulanan untuk dinas kesehatan kabupaten kota, serta melakukan pendidikan dan penyuluhan tentang gizi seimbang dan kehigienesan kepada operator satuan pelayanan pemenuhan gizi dan masyarakat 6. membantu memantau penerimaan dan konsumsi makanan mbg, terutama di sekolah dasar pedesaan yang memiliki akses terbatas terhadap fasilitas kesehatan b. peran posyandu 1. bertindak sebagai pemantau distribusi mbg untuk kelompok non sekolah balita, ibu hamil, dan ibu menyusui 2. memberikan pendidikan dasar tentang higiene makanan dan gizi kepada orang tua peserta mbg 3. menjadi saluran komunikasi cepat untuk melaporkan tanda tanda keracunan atau kejadian luar biasa klb ke puskesmas terkait 4. petugas posyandu akan mendapatkan pelatihan khusus tentang standar keamanan pangan mbg dan cara melakukan pemantauan yang efektif kolaborasi dan dukungan yang diperlukan kolaborasi puskesmas, posyandu, dan satuan pelayanan pemenuhan gizi mbg membentuk rantai pemantauan berlapis yang mencakup empat pilar utama 1. pemeriksaan administratif verifikasi sertifikasi, dokumentasi proses produksi, dan catatan mutu bahan baku. 2. pemeriksaan lapangan penilaian kebersihan lingkungan, sanitasi peralatan, dan praktik kerja operator. 3. pendidikan masyarakat sosialisasi pentingnya keamanan pangan dan perilaku hidup bersih dan sehat. 4. sanksi dan tindakan korektif penonaktifan sementara atau permanen satuan pelayanan pemenuhan gizi yang tidak mematuhi standar inspeksi, serta pendampingan untuk perbaikan sistem. untuk mendukung kolaborasi ini 1. diperlukan penambahan 2 4 tenaga medis khusus per puskesmas yang fokus menangani program mbg. 2. dialokasikan anggaran bersama antara pemerintah pusat dan daerah untuk biaya operasional, pelatihan, dan peralatan inspeksi. 3. melakukan revisi pedoman teknis dan peraturan terkait mbg agar mengakomodasi peran puskesmas dan posyandu sebagai pengawas lapangan. catatan penting tentang sertifikasi meskipun surat edaran kementerian kesehatan hk.02.02 c.i 4202 2025 mewajibkan sertifikat laik higiene sanitasi slhs sebagai syarat operasional, sertifikat ini hanya menjadi standar hukum minimum dan tidak menjamin keamanan pangan mutlak. program mbg harus menerapkan prinsip keamanan pangan sebagai prioritas utama tanpa mencari keuntungan di setiap tingkatan implementasi. selain itu, perlu diantisipasi risiko penyalahgunaan proses sertifikasi yang dapat menjadi ladang korupsi, seperti kasus yang pernah terjadi terkait pemerasan sertifikat k3. oleh karena itu, proses sertifikasi harus dilakukan secara transparan dengan pengawasan independen dan mekanisme pengaduan yang mudah diakses oleh masyarakat. kesimpulan program mbg memiliki potensi besar untuk meningkatkan status gizi anak dan mendorong ekonomi desa. namun, keamanan pangan harus menjadi prioritas utama yang tidak dapat dikorbankan. dengan menerapkan metode pengukuran yang tepat, memperkuat sistem pengawasan melalui infrastruktur yang sudah ada, dan menjaga transparansi serta akuntabilitas, program ini dapat berjalan efektif dan aman bagi jutaan anak indonesia.",9700,1313,negative,0.5500293970108032,infografis racun makan massal mbg riil 2026 a metode hitung tingkat racun benar bas prinsip epidemiologi data guna a total terima mbg 2026 60 2 juta anak kompas 13 februari 2026  b jumlah anak racun makan mbg jumlah anak sakit 28 00 anak kontan 13 februari 2026  tanya attack rate per individu versi epidemiologi 1 berapa anak alami racun jawab rumus standar attack rate per individu anak jumlah anak racun makan mbg jumlah anak ekspos total terima mbg x 100 proses hitung attack rate per individu  28 00 60 200 00 x 100 attack rate per individu  0 0465 interpretasi a angka attack rate per individu 0 0465 arti 1 2 150 anak terima mbg alami racun makan hitung 60 200 00 28 00 2 150  b metode valid aku internasional bidang epidemiologi fokus unit individu jadi target utama program c meski persentase lihat kecil angka sangat signifikan sangkut selamat sehat juta anak seluruh indonesia b hitung nyata presiden konteks program mbg masalah utama presiden banding jumlah kasus racun jumlah porsi makan bukan jumlah terima individu data guna a jumlah kasus racun mbg 28 00 kontan 13 februari 2026  jumlah porsi mbg 4 5 miliar nyata presiden prabowo subianto 13 februari 2026  rumus guna attack rate per porsi  jumlah kasus racun jumlah porsi x 100 proses hitung 28 00 4 500 00 00 x 100 0 006 interpretasi a hitung matematika dapat salah sesuai prinsip sehat masyarakat sebab satu anak terima mbg konsumsi lebih 250 porsi makan tahun satu individu hitung kali kali hitung bas porsi b dekat cenderung kurang persepsi risiko benar alami anak sulit identifikasi dampak sehat langsung populasi target program gambar risiko benar insight kunci a hitung attack rate per individu lebih tepat relevan evaluasi risiko sehat masyarakat ukur dampak unit jadi fokus intervensi b guna porsi bagi hitung cenderung kecil skala masalah racun potensi hambat langkah langkah awas kualitas baik sistem lebih ketat lapang rekomendasi bijak komprehensif 1 standar metode ukur risiko tetap attack rate per individu metrik utama lapor kembang program mbg konsisten standar epidemiologi global beri gambar akurat dampak sehat anak anak data lapor cakup distribusi kasus per wilayah kelompok usia mudah identifikasi titik rawan 2 evaluasi akar sebab kasus racun laksana lidi seluruh kasus racun cakup a periksa mutu bahan baku mulai sumber produksi hingga datang dapur satu layan penuh gizi b evaluasi proses olah simpan distribusi makan satu layan penuh gizi satu layan penuh gizi c audit sistem rantai pasok efektivitas awas jalan d tuju utama atas faktor risiko seluruh capai target zero error 12 bulan depan 3 tingkat transparansi data komunikasi publik a beri lapor kala bulan masyarakat jumlah terima distribusi kasus racun per provinsi kabupaten langkah langkah baik laku b selenggara rapat informasi publik kala jelas beda hitung risiko per individu per porsi jawab tanya masyarakat c buat dashboard data mbg akses buka publik pasti akuntabilitas 4 kuat sistem awas mutu a tingkat frekuensi pantau seluruh satu layan penuh gizi jadi minimal 2 3 kali per minggu b beri latih lanjut operator dapur jamah makan tugas kait standar aman pangan praktik higiene baik c laku verifikasi kala pasok bahan baku tetap daftar pasok percaya milik sertifikasi mutu d tegak terap standar operasional prosedur sop aman pangan buat checklist inspeksi jelas ukur 5 sinkronisasi tuju program imbang pasti tuju utama tingkat status gizi anak dampak positif ekonomi desa lalu serap tenaga kerja pasar jamin tani nelayan korban aspek aman pangan langkah a alokasi minimal 15 anggar total mbg awas mutu aman pangan b susun peta jalan sinergi program gizi program ekonomi desa c bentuk tim koordinasi lintas sektor menteri sehat menteri tani menteri didik pasti sinkronisasi program 6 manfaat infrastruktur sehat awas lapang tetap puskesmas posyandu pihak awas lapang resmi dapur dapur satu layan penuh gizi mbg dua lembaga rupa infrastruktur negara bentuk sejak lama uji andal sebar rata hingga pelosok daerah milik kapasitas mumpuni surveilans sehat inspeksi sanitasi respons jadi luar biasa klb  manfaat infrastruktur cegah muncul struktur mitra baru potensi sedia ruang praktik cari rente jaring patronase a peran puskesmas 1 laku inspeksi sanitasi aman pangan rutin lekat minimal 2 3 kali per minggu masuk lama jam produksi dini hari pasti patuh proses produksi 2 periksa pola masak suhu simpan bahan baku makan jadi jalur distribusi makan sekolah 3 laku uji cepat organoleptik uji aman dasar hari lokasi satu layan penuh gizi sekolah lapor digital real time integrasi dashboard badan gizi nasional badan gizi nasional 4 bina laksana tes sehat kala jamah makan pantau kondisi sehat terima mbg beri awat medis awal kasus racun 5 susun lapor evaluasi bulan dinas sehat kabupaten kota laku didik suluh gizi imbang kehigienesan operator satu layan penuh gizi masyarakat 6 bantu pantau terima konsumsi makan mbg utama sekolah dasar desa milik akses batas fasilitas sehat b peran posyandu 1 tindak pantau distribusi mbg kelompok non sekolah balita ibu hamil ibu susu 2 beri didik dasar higiene makan gizi orang tua serta mbg 3 jadi salur komunikasi cepat lapor tanda tanda racun jadi luar biasa klb puskesmas kait 4 tugas posyandu dapat latih khusus standar aman pangan mbg cara laku pantau efektif kolaborasi dukung perlu kolaborasi puskesmas posyandu satu layan penuh gizi mbg bentuk rantai pantau lap cakup empat pilar utama 1 periksa administratif verifikasi sertifikasi dokumentasi proses produksi catat mutu bahan baku 2 periksa lapang nilai bersih lingkung sanitasi alat praktik kerja operator 3 didik masyarakat sosialisasi penting aman pangan perilaku hidup bersih sehat 4 sanksi tindak korektif nonaktif permanen satu layan penuh gizi patuh standar inspeksi damping baik sistem dukung kolaborasi 1 perlu tambah 2 4 tenaga medis khusus per puskesmas fokus tangan program mbg 2 alokasi anggar sama perintah pusat daerah biaya operasional latih alat inspeksi 3 laku revisi pedoman teknis atur kait mbg akomodasi peran puskesmas posyandu awas lapang catat penting sertifikasi meski surat edar menteri sehat hk 02 02 c i 4202 2025 wajib sertifikat laik higiene sanitasi slhs syarat operasional sertifikat jadi standar hukum minimum jamin aman pangan mutlak program mbg terap prinsip aman pangan prioritas utama cari untung tingkat implementasi itu perlu antisipasi risiko penyalahgunaan proses sertifikasi jadi ladang korupsi kasus pernah jadi kait peras sertifikat k3 itu proses sertifikasi laku transparan awas independen mekanisme adu mudah akses masyarakat simpul program mbg milik potensi besar tingkat status gizi anak dorong ekonomi desa namun aman pangan jadi prioritas utama korban terap metode ukur tepat kuat sistem awas lalu infrastruktur ada jaga transparansi akuntabilitas program jalan efektif aman juta anak indonesia,sadness,0.7173996567726135
"Banyak rakyat yang tidak butuh MBG, tetapi pekerja yang ngotot harus MBG?. Korupsi tersistematis",0,1 month ago,@ciris4181,"banyak rakyat yang tidak butuh mbg, tetapi pekerja yang ngotot harus mbg . korupsi tersistematis",96,15,negative,0.994056224822998,banyak rakyat butuh mbg kerja ngotot mbg  korupsi sistematis,anger,0.8850327134132385
Program MBG.buat orang kaya bukan orang miskin oy. Berapa ratus triliun ini proyek musafir meninggal jaman nya jokowi dulu ada bantuan langsung dari buat MBG.mendinggan buat kesehatan sama pendidikan dan perumahan.,0,1 month ago,@PupuSupriyatman,program mbg.buat orang kaya bukan orang miskin oy. berapa ratus triliun ini proyek musafir meninggal jaman nya jokowi dulu ada bantuan langsung dari untuk mbg.mendinggan untuk kesehatan sama pendidikan dan perumahan.,216,31,negative,0.7351382970809937,program mbg buat orang kaya bukan orang miskin oy berapa ratus triliun proyek musafir tinggal jaman jokowi dulu bantu langsung mbg mendinggan sehat sama didik rumah,anger,0.4067331552505493
Pak Mbg gak merata sekolah anaku juga ga dapat sekolah lain pada dapat saya dari kota Blitar pak 😢,0,1 month ago,@temancerita4572,bapak mbg tidak merata sekolah anaku juga tidak dapat sekolah lain pada dapat saya dari kota blitar bapak,105,18,negative,0.9839107990264893,bapak mbg rata sekolah ana sekolah kota blitar bapak,sadness,0.8147435784339905
"Progam kalau tidak ada riset nya ya amburadul. 
Indonesia memiliki presiden yang salah.",0,1 month ago,@JalaludinRumi-j6n,progam kalau tidak ada riset nya ya amburadul. indonesia memiliki presiden yang salah.,86,13,negative,0.9989237189292908,progam riset amburadul indonesia milik presiden salah,anger,0.6905843615531921
"Pak Presiden : MBG untuk mengatasi stunting, lebih baik dana utk makan anak daripada di korupsi

Saya : Daripada Dana ratusan triliun perhari dikorupsi mending tak kasih Asupan bergizi untuk semua ibu Hamil kalangan menengah ke bawah full sampai lahir. Jika Dana tersebut masih sisa akan ku buat pengadaan fasilitas, program pendidikan sekolah rakyat yang visioner, modern disertai program karakter dan agama yang kuat.

Itulah jalan menuju cita"" SDM bangsa unggul tanpa doyan korupsi",0,1 month ago,@Mr.Zee27,"bapak presiden mbg untuk mengatasi stunting, lebih baik dana untuk makan anak daripada di korupsi saya daripada dana ratusan triliun perhari dikorupsi mending tidak kasih asupan bergizi untuk semua ibu hamil kalangan menengah ke bawah full sampai lahir. jika dana tersebut masih sisa akan ku untuk pengadaan fasilitas, program pendidikan sekolah rakyat yang visioner, modern disertai program karakter dan agama yang kuat. itulah jalan menuju cita sumber daya manusia bangsa unggul tanpa doyan korupsi",500,74,positive,0.9061404466629028,bapak presiden mbg atas stunting lebih baik dana makan anak korupsi dana ratus triliun hari korupsi mending kasih asupan gizi semua ibu hamil kalang tengah bawah full lahir dana sebut sisa ku ada fasilitas program didik sekolah rakyat visioner modern serta program karakter agama kuat jalan tuju cita sumber daya manusia bangsa unggul doyan korupsi,anger,0.44160836935043335
"Program MBG kacau alias amburadul.👋
Kualitas makanannya parah.😊
STOP MBG!🙏
Cuma buang2 duit APBN.🤑",0,1 month ago,@loinggrit8702,program mbg kacau alias amburadul. kualitas makanannya parah. stop mbg cuma buang2 duit apbn.,93,14,negative,0.9992672801017761,program mbg kacau alias amburadul kualitas makan parah stop mbg cuma buang2 duit apbn,anger,0.8491580486297607
Ini rasio aja ! Siapa yg dkt dgn lemari itulah yg mdpt mamfaat nya !,0,1 month ago,@MNasir-w8p,ini rasio aja siapa yang dkt dengan lemari itulah yang mdpt mamfaat nya,71,13,positive,0.46856018900871277,rasio siapa dkt lemari mdpt mamfaat,anger,0.5810262560844421
rakyat indonesia banyak yang miskin,0,1 month ago,@juliekenatipuoktamamatjuliecha,rakyat indonesia banyak yang miskin,35,5,negative,0.9972150325775146,rakyat indonesia banyak miskin,sadness,0.6892449855804443
mbg bagus kok demi allah tapi lebih bagus kuliah gratis  juga ada,0,1 month ago,@juliekenatipuoktamamatjuliecha,mbg bagus kok demi allah tapi lebih bagus kuliah gratis juga ada,64,12,positive,0.8129427433013916,mbg bagus kok allah lebih bagus kuliah gratis,happy,0.603140652179718
MBG ITU PROGRAM KORUPSI PENDUKUNGNYA WOWO-JOKOWI; GANTI REJIM WAJIB DITANGKAP &ADILI -HUKUM BERAT,0,1 month ago,@tenjobertani3347,mbg itu program korupsi pendukungnya wowo jokowi ganti rejim wajib ditangkap adili hukum berat,94,14,negative,0.8650195002555847,mbg program korupsi dukung wowo jokowi ganti rejim wajib tangkap adil hukum berat,anger,0.947002649307251
Mana ada korupsi kalau ada pasti ditangkap,0,1 month ago,@ongkekandarjo,mana ada korupsi kalau ada pasti ditangkap,42,7,negative,0.9911395907402039,mana korupsi tangkap,anger,0.43846505880355835
"Sama aja kayak APBN dibagikan rutin tiap bulan buat para pemilik dapur sppg beserta 1,65 karyawan MBG. Produk dari program MBG yang seharusnya jadi fokus malah cuma formalitas seadanya aja",0,1 month ago,@ttt.217,"sama aja kayak anggaran pendapatan belanja negara dibagikan rutin tiap bulan untuk para pemilik dapur satuan pelayanan pemenuhan gizi beserta 1,65 karyawan mbg. produk dari program mbg yang seharusnya jadi fokus malah cuma formalitas seadanya aja",246,36,negative,0.9888840913772583,sama kayak anggar dapat belanja negara bagi rutin tiap bulan milik dapur satu layan penuh gizi serta 1 65 karyawan mbg produk program mbg fokus malah cuma formalitas ada,sadness,0.7593259811401367
"Faktanya gara-gara ada MBG harga bahan pangan pokok jadi naik karena permintaan dipasar juga naik, masyarakat kalangan menengah kebawah yang paling merasakan dampak negatif adanya program MBG",0,1 month ago,@ttt.217,"faktanya gara gara ada mbg harga bahan pangan pokok jadi naik karena permintaan dipasar juga naik, masyarakat kalangan menengah kebawah yang paling merasakan dampak negatif adanya program mbg",191,28,negative,0.5847887396812439,fakta gara gara mbg harga bahan pangan pokok naik minta pasar naik masyarakat kalang tengah bawah paling rasa dampak negatif ada program mbg,sadness,0.6166843175888062
Triliun rupiah berakhir di septitank,1,1 month ago,@sofiarival4656,triliun rupiah berakhir di septitank,36,5,neutral,0.9766295552253723,triliun rupiah akhir septitank,happy,0.6446548104286194
MBG yang jelas nggak ada manfaat sama sekali buat rakyat ini program biadap bikinan jokowi cuma menguntungkan para maling dan bajingan dan merugikan negara 300 triliun tiap tahun kenapa nggak di bubarkan apakakh pemerintah dan presiden nya benar benar sudah gila kok malah bangga mroduksi Maling Bergizi  dungguh menjijikan kelakuan para pejabat dan penguasa yang mendzalimi rakyat,0,1 month ago,@mr.combat774,mbg yang jelas tidak ada manfaat sama sekali untuk rakyat ini program biadap bikinan jokowi cuma menguntungkan para maling dan bajingan dan merugikan negara 300 triliun tiap tahun kenapa tidak di bubarkan apakakh pemerintah dan presiden nya benar benar sudah gila kok malah bangga mroduksi maling bergizi dungguh menjijikan kelakuan para pejabat dan penguasa yang mendzalimi rakyat,381,57,negative,0.998349666595459,mbg jelas manfaat sama sekali rakyat program biadap bikin jokowi cuma untung maling bajing rugi negara 300 triliun tiap tahun bubar apakakh perintah presiden benar benar gila kok malah bangga mroduksi maling gizi dungguh jijik laku jabat kuasa mendzalimi rakyat,anger,0.9363440275192261
Kasihan ya masyarakat harus terbebani utang negara karena kebijakan pemimpin,0,1 month ago,@rafelbokur11,kasihan ya masyarakat harus terbebani utang negara karena kebijakan pemimpin,76,10,negative,0.9985601305961609,kasihan masyarakat beban utang negara bijak pimpin,sadness,0.7800774574279785
"Bagaimana masyarakat tau soal buka nya MBG, sedangkan pada saat ini saya sekolah tidak ada mbg yang di salurkan, padahal minggu lalu sempat di liburkan 5 hari, negara hemat beberapa T, bayangkan 1 hari mereka untung  tanpa mengasih timbal balik ke siswa",0,1 month ago,@rafelbokur11,"bagaimana masyarakat tau soal buka nya mbg, sedangkan pada saat ini saya sekolah tidak ada mbg yang di salurkan, padahal minggu lalu sempat di liburkan 5 hari, negara hemat beberapa t, bayangkan 1 hari mereka untung tanpa mengasih timbal balik ke siswa",252,42,negative,0.9840784072875977,bagaimana masyarakat tau soal buka mbg sekolah mbg salur padahal minggu lalu sempat libur 5 hari negara hemat beberapa t bayang 1 hari untung asih timbal balik siswa,anger,0.5274295210838318
"Wooo kamu itu aadar gk, yg mejadikan kamu prwsiden itu rakyat, tp kenapa kamu tuli dngan keluhan rkyat?",0,1 month ago,@RAFFI._.EXEBOY,"woo kamu itu aadar gk, yang mejadikan kamu prwsiden itu rakyat, tapi kenapa kamu tuli dngan keluhan rkyat",105,18,negative,0.9954107403755188,woo kamu aadar gk mejadikan kamu prwsiden rakyat kamu tuli dngan keluh rkyat,anger,0.9095142483711243
Presiden hrs turun tangkap pelaku yg korupsi progam bgs TPI d korup BKN otak manusia,0,1 month ago,@AyundaAfareen,presiden harus turun tangkap pelaku yang korupsi progam bagus tpi d korup bkn otak manusia,90,15,negative,0.992364764213562,presiden turun tangkap laku korupsi progam bagus tpi d korup bkn otak manusia,anger,0.7789790630340576
"Gua lebih ridho duit pajak gua buat bangun infrastruktur, kaya pas jaman pria solo, ada trans-jawa, mrt, lrt, bendungan, belum pemerataan harga bbm di seluruh negeri, mangkanya gua rajin bayar pajak, tapi semenjak jaman ini, ada MBG, yang menurut gua itu jelas² itu proyek bagi² hasil ke pendukungnya dan mencari pendukung baru untuk pilpres 2029, karena sejatinya rakyat itu lebih suka di kasih makan yang ijo ijo dibandingkan dengan dikasih makan infrastruktur😂😂",1,1 month ago,@fernandaauzriel5707,"gua lebih ridho duit pajak gua untuk bangun infrastruktur, kaya pas jaman pria solo, ada trans jawa, mrt, lrt, bendungan, belum pemerataan harga bbm di seluruh negeri, mangkanya gua rajin bayar pajak, tapi semenjak jaman ini, ada mbg, yang menurut gua itu jelas itu proyek bagi hasil ke pendukungnya dan mencari pendukung baru untuk pilpres 2029, karena sejatinya rakyat itu lebih suka di kasih makan yang ijo ijo dibandingkan dengan dikasih makan infrastruktur",461,73,negative,0.8991169929504395,gua lebih ridho duit pajak gua bangun infrastruktur kaya pas jaman pria solo trans jawa mrt lrt bendung perata harga bbm seluruh negeri mangkanya gua rajin bayar pajak semenjak jaman ini mbg gua jelas proyek hasil dukung cari dukung baru pilpres 2029 sejati rakyat lebih suka kasih makan ijo ijo banding kasih makan infrastruktur,anger,0.6695072054862976
"Batasi MBG hanya untuk Daerah 3T saja (Tertinggal, Terdepan dan Terluar) maka otomatis uang APBN bisa dihemat banyak tidak sampai 300 Triliun lebih...",0,1 month ago,@muhammadafriansyah9700,"batasi mbg hanya untuk daerah 3 triliun saja tertinggal, terdepan dan terluar maka otomatis uang anggaran pendapatan belanja negara bisa dihemat banyak tidak sampai 300 triliun lebih...",185,27,negative,0.4916132986545563,batas mbg daerah 3 triliun tinggal depan luar otomatis uang anggar dapat belanja negara hemat banyak 300 triliun lebih,anger,0.5692569613456726
"Biar negara bangkrut yg penting program tetap jalan,tidak usah peduli rakyat",1,1 month ago,@ibumasri7085,"biar negara bangkrut yang penting program tetap jalan,tidak usah peduli rakyat",78,11,negative,0.9724177122116089,biar negara bangkrut penting program tetap jalan tidak usah peduli rakyat,anger,0.6732025742530823
MBG UNTUK PARA ELIT !!..,0,1 month ago,@agisadi2806,mbg untuk para elit ..,22,5,negative,0.8887671232223511,mbg elit ,anger,0.6319041848182678
"jangan dilupakan bahwa MBG itu sistem nya semua modal awal di tanggung mitra dengan arti memang untuk beberapa orang mampu untuk menerima syarat itu, bukan berarti hanya orang yang memiliki relasi. jadi mohon di revisi untuk pernyataan nya. kalau untuk masalah permintaan berapa kuota nah itu saya baru setuju, karena rata rata memang menggunakan relasi. kok bisa? ya tergantung sudut pandang, kalau relasi nya antar sekolah ya sebagai asas kepercayaan kualitas, tapi kalau di luar itu ya asas bagi bagi hasil.",0,1 month ago,@saifulilmi6302,"jangan dilupakan bahwa mbg itu sistem nya semua modal awal di tanggung mitra dengan arti memang untuk beberapa orang mampu untuk menerima syarat itu, bukan berarti hanya orang yang memiliki relasi. jadi mohon di revisi untuk pernyataan nya. kalau untuk masalah permintaan berapa kuota nah itu saya baru setuju, karena rata rata memang menggunakan relasi. kok bisa ya tergantung sudut pandang, kalau relasi nya antar sekolah ya sebagai asas kepercayaan kualitas, tapi kalau di luar itu ya asas bagi bagi hasil.",509,81,negative,0.6819657683372498,jangan lupa mbg sistem semua modal awal tanggung mitra arti memang beberapa orang mampu terima syarat itu bukan arti orang milik relasi mohon revisi nyata nya masalah minta berapa kuota nah baru tuju rata rata memang guna relasi kok gantung sudut pandang relasi antar sekolah asas percaya kualitas luar asas hasil,anger,0.3281252384185791
Ngomu juga dapet dana asing kah ?,0,1 month ago,@sulanisulani-k1n,ngomu juga dapet dana asing kah,31,6,negative,0.6008213758468628,ngomu dapet dana asing,happy,0.5279699563980103
"Sebagus apapun program pemerintah tetap akan berakhir buruk, sebab yg menjalankan programnya kebanyakan bajingan yang hanya ganti warna..",0,2 months ago,@bentolalala,"sebagus apapun program pemerintah tetap akan berakhir buruk, sebab yang menjalankan programnya kebanyakan bajingan yang hanya ganti warna..",139,18,negative,0.9976363182067871,bagus apa program perintah tetap akhir buruk jalan program banyak bajing ganti warna,sadness,0.5261551737785339
"Presiden ganpunya program kerja sm sekali , hanya MBG, itu juga proyek titipan Jokowi, Presiden Slalu dpt menerima laporan palsu, tdk sm dgn kejadian di lapangan dri dapur ke dapur, presiden Slalu di zbohongin terus dlm laporan kepsla BGN
kly presiden di Bohongin Terus sm Bawahan itu nm nya pembofohan pelecehan penghinaan terhdp presiden,
MEGA PROYEK SENGAJA DI BENTUK HANYANUTK AJANG KORUPSI,
MBG LADANG KORUPSI YG HRS DI BUBARKAN DI STOP",0,2 months ago,@Sabarulloh-v4j,"presiden ganpunya program kerja sama sekali , hanya mbg, itu juga proyek titipan jokowi, presiden slalu dapat menerima laporan palsu, tidak sama dengan kejadian di lapangan dri dapur ke dapur, presiden slalu di zbohongin terus dlm laporan kepsla badan gizi nasional kly presiden di bohongin terus sama bawahan itu nm nya pembofohan pelecehan penghinaan terhdp presiden, mega proyek sengaja di bentuk hanyanutk ajang korupsi, mbg ladang korupsi yang harus di bubarkan di stop",474,73,negative,0.998350977897644,presiden ganpunya program kerja sama sekali  mbg proyek titip jokowi presiden slalu terima lapor palsu sama jadi lapang dri dapur dapur presiden slalu zbohongin terus dlm lapor kepsla badan gizi nasional kly presiden bohongin terus sama bawah nm pembofohan leceh hina terhdp presiden mega proyek sengaja bentuk hanyanutk ajang korupsi mbg ladang korupsi bubar stop,anger,0.9198893308639526
"Sebenarnya MBG seharusnya cukup hanya untuk bumil hingga balita agar cukup pemenuhan gizi  untuk pencegahan stunting, untuk sd hingga sma di stop dialihkan untuk kebutuhan pendidikan seperti fasilitas sekolah dan kelayakan guru² non pns",0,2 months ago,@saiduntrojan,"sebenarnya mbg seharusnya cukup hanya untuk bumil hingga balita agar cukup pemenuhan gizi untuk pencegahan stunting, untuk sd hingga sma di stop dialihkan untuk kebutuhan pendidikan seperti fasilitas sekolah dan kelayakan guru non pns",234,34,neutral,0.8827225565910339,benar mbg cukup bumil hingga balita cukup penuh gizi cegah stunting sd hingga sma stop alih butuh didik fasilitas sekolah layak guru non pns,sadness,0.7275663614273071
"PEMERINTAHAN BUSUK !
ANTI KRITIK !
JABATAN TAK SESUAI DGN KEMAPUAN DAN OTAK YANG MINIMUM !
BEBEREPA KALI NYALON GAGAL, SEKALINYA JADI PRESIDEN MALAH TAMBAG GAGAL😂",0,2 months ago,@alhamdulillah-i6j,"pemerintahan busuk anti kritik jabatan tidak sesuai dengan kemapuan dan otak yang minimum beberepa kali nyalon gagal, sekalinya jadi presiden malah tambag gagal",160,23,negative,0.9980489015579224,perintah busuk anti kritik jabat sesuai kemapuan otak minimum beberepa kali nyalon gagal sekali presiden malah tambag gagal,anger,0.8861162066459656
"Saya bukan mengajak berprasangka buruk, tpi kita sbg masyarakat sipil melihat program negara jgn terlalu polos😅",0,2 months ago,@androidxplaystation4006,"saya bukan mengajak berprasangka buruk, tpi kita sbg masyarakat sipil melihat program negara jgn terlalu polos",110,16,negative,0.7363603115081787,bukan ajak prasangka buruk tpi sbg masyarakat sipil lihat program negara jgn terlalu polos,anger,0.2894398868083954
"trus tambahan, untuk masalah independensi pangan memang adalah salah satu tujuan akhir pemerintah. kalau mau swasembada memang hal tersebut harus di  kontrol oleh negara (kontrol yang baik).",0,1 month ago,@saifulilmi6302,"trus tambahan, untuk masalah independensi pangan memang adalah salah satu tujuan akhir pemerintah. kalau mau swasembada memang hal tersebut harus di kontrol oleh negara kontrol yang baik .",188,28,neutral,0.43713128566741943,trus tambah masalah independensi pangan memang salah satu tuju akhir perintah mau swasembada memang sebut kontrol negara kontrol baik ,fear,0.3915213942527771
"trus tambahan lagi, untuk masalah memotong anggaran pendidikan, beberapa hari lalu ada informasi dari pemerintah pusat bahwa itu sama sekali tidak benar. jika dari statement tersebut benar maka memang tidak ada pemotongan namun pemerintaah memiliki anggaran besar yang tersimpan dan secara tiba tiba di gunakan untuk MBG. dan dalam program ini memang berkaitan dengan pendidikan menurut pemerintah pusat. dengan arti MBG dan Pendidikan Adalah kesatuan namun fokus utama nya berbeda.",0,1 month ago,@saifulilmi6302,"trus tambahan lagi, untuk masalah memotong anggaran pendidikan, beberapa hari lalu ada informasi dari pemerintah pusat bahwa itu sama sekali tidak benar. jika dari statement tersebut benar maka memang tidak ada pemotongan namun pemerintaah memiliki anggaran besar yang tersimpan dan secara tiba tiba di gunakan untuk mbg. dan dalam program ini memang berkaitan dengan pendidikan menurut pemerintah pusat. dengan arti mbg dan pendidikan adalah kesatuan namun fokus utama nya berbeda.",482,70,negative,0.8957605957984924,trus tambah lagi masalah potong anggar didik beberapa hari lalu informasi perintah pusat sama sekali benar statement sebut benar memang potong pemerintaah milik anggar besar simpan tiba tiba guna mbg program memang kait didik perintah pusat arti mbg didik satu fokus utama beda,fear,0.4032057523727417
"Jelas2 ini program salah gak bermutu dan gak jelas ,,   yg bisa menyetop ini cuma rakyat , ketika rakyat sudah bersuara dan tidak di dengar2 , pasti ada harinya rakyat akan turun karna udah muak dengan kebodohan ini",0,2 months ago,@tryanbillalbillal4887,"jelas2 ini program salah tidak bermutu dan tidak jelas ,, yang bisa menyetop ini cuma rakyat , ketika rakyat sudah bersuara dan tidak di dengar2 , pasti ada harinya rakyat akan turun karna sudah muak dengan kebodohan ini",220,38,negative,0.998565137386322,jelas2 program salah mutu jelas  setop cuma rakyat  rakyat suara dengar2  hari rakyat turun karna muak bodoh,anger,0.9035804867744446
Next nya ada KDMP yg akan nyuplai ke SPPG bisinis nya Muter di kingkungan nya sendiri 😂,0,2 months ago,@basitprabu7324,next nya ada kdmp yang akan nyuplai ke satuan pelayanan pemenuhan gizi bisinis nya muter di kingkungan nya sendiri,114,19,neutral,0.7611182332038879,next kdmp nyuplai satu layan penuh gizi bisinis muter kingkungan sendiri,happy,0.6810281872749329
"Menurut gw bukan skala prioritas, tapi masalah teknis yang harus matang sehingga distribusi bisa sesuai tujuan awal.

Lanjutkan MBG",1,2 months ago,@dismaadisurya,"menurut saya bukan skala prioritas, tapi masalah teknis yang harus matang sehingga distribusi bisa sesuai tujuan awal. lanjutkan mbg",132,19,positive,0.8087648749351501,bukan skala prioritas masalah teknis matang distribusi sesuai tuju awal lanjut mbg,sadness,0.4704085886478424
"DPR kerja santai santai gaji gila gila'an, Konoha konoha, kesejahteraan rakyat hanya omon omon",0,2 months ago,@andiemwl1992,"dewan perwakilan rakyat kerja santai santai gaji gila gila an, konoha konoha, kesejahteraan rakyat hanya omon omon",114,17,negative,0.9983817338943481,dewan wakil rakyat kerja santai santai gaji gila gila an konoha konoha sejahtera rakyat omon omon,anger,0.7913510203361511
Penguasa uzhur brkata MBG itu inpestasi .... 😂😂,0,2 months ago,@sitimisyati8677,penguasa uzhur brkata mbg itu inpestasi ....,44,7,neutral,0.9475762248039246,kuasa uzhur brkata mbg inpestasi ,anger,0.9078803062438965
Kan. Tr. Lanjut. Ke. Enakan. Koropsi. Br. Jamaah... Koplak,0,2 months ago,@aguszandra12,kan. tr. lanjut. ke. enakan. koropsi. br. jamaah... koplak,58,9,negative,0.950135350227356,kan tr lanjut ke enak koropsi br jamaah koplak,sadness,0.4211943745613098
"Sebenarnya sedari awal sudah keluar jalur dari tujuan. Tujuan presiden nengatakan untuk menghindari stunting, sedangkan mbg malah diberikan untuk seluruh kalangan bukan yang sedang benar-benar membutuhkan",0,2 months ago,@telorajaib5662,"sebenarnya sedari awal sudah keluar jalur dari tujuan. tujuan presiden nengatakan untuk menghindari stunting, sedangkan mbg malah diberikan untuk seluruh kalangan bukan yang sedang benar benar membutuhkan",204,27,negative,0.9856675267219543,benar dar awal keluar jalur tuju tuju presiden nengatakan hindar stunting mbg malah beri seluruh kalang bukan sedang benar benar butuh,sadness,0.5046660900115967
"kalo mau tau mbg bermanfaat atau cuma bisnis ya liat aja tu kepala BGN, mukanya aja ijo",0,2 months ago,@caturgunawan87,"kalau mau tau mbg bermanfaat atau cuma bisnis ya liat aja itu kepala bgn, mukanya aja ijo",89,17,negative,0.9785763621330261,mau tau mbg manfaat cuma bisnis liat kepala bgn muka ijo,anger,0.40686702728271484
"Mbg gak ada manfaat buat negara ,, dan rakyat bnyak yg nyari duit.. hanya ngabisin uang negara tanpa keuntungan.. kayak lo punya perusahaan tapi keuntunganya hanya buat makan.. gak ada timbal balik buat perusaan",0,2 months ago,@akasachannel2784,"mbg tidak ada manfaat untuk negara ,, dan rakyat bnyak yang nyari duit.. hanya ngabisin uang negara tanpa keuntungan.. kayak kamu punya perusahaan tapi keuntunganya hanya untuk makan.. tidak ada timbal balik untuk perusaan",222,34,negative,0.9968473315238953,mbg manfaat negara  rakyat bnyak nyari duit ngabisin uang negara untung kayak kamu punya usaha keuntunganya makan timbal balik rusa,anger,0.8055875301361084
"Dan gara2 program ini investor pada kabur, harga pokok melambung, kita pedagang kecil sangat terdampak, paling parahnya anggarannya di korupsi dapur2 di daerah, parah",0,2 months ago,@GensyDorwell-m3s,"dan gara2 program ini investor pada kabur, harga pokok melambung, kita pedagang kecil sangat terdampak, paling parahnya anggarannya di korupsi dapur2 di daerah, parah",166,24,negative,0.9965842962265015,gara2 program investor kabur harga pokok lambung dagang kecil sangat dampak paling parah anggar korupsi dapur2 daerah parah,sadness,0.6239996552467346
program goblok berjamaah. krn lum siap tp d paksakan,0,2 months ago,@alvionitalee1307,program goblok berjamaah. karena lum siap tapi d paksakan,57,9,negative,0.9988746047019958,program goblok jamaah lum siap d paksa,anger,0.5731286406517029
Dari awal gua g se7 dengn adanya MBG krna cuma menmbh ruang korupsi baru buat orang2 nakal.....fkta yg sampai keurid2 cuma 6ribu rupiah mau brgizi gmnaaa uang 6ribu rupiah....dh gtu pemerinth mrsa jd phlawan ngasih mkn sehari skli aj...emak gua dari orok ngasih gua mkn sehari3kli kg bgtu2 amt suaranya.,0,2 months ago,@hendrapermana355,dari awal gua g se7 dengn adanya mbg karena cuma menmbh ruang korupsi baru untuk orang2 nakal.....fkta yang sampai keurid2 cuma 6ribu rupiah mau brgizi gmnaa uang 6ribu rupiah....dh gtu pemerinth mrsa jadi phlawan ngasih mkn sehari skli aj...emak gua dari orok ngasih gua mkn sehari3kli kg bgtu2 amt suaranya.,309,50,negative,0.998035728931427,awal gua g se7 dengn ada mbg cuma menmbh ruang korupsi baru orang2 nakal fkta keurid2 cuma 6ribu rupiah mau brgizi gmnaa uang 6ribu rupiah dh gtu pemerinth mrsa phlawan ngasih mkn hari skli aj emak gua orok ngasih gua mkn sehari3kli kg bgtu2 amt suara,anger,0.8911881446838379
"MBG adalah proyek yang sangat-sangat dipaksakan oleh penguasa karena terlanjur menjadi janji kampanye pilpres kemarin. Apa pun akan dikorbankan demi proyek ambisius presiden. Kendati fakta di lapangan program MBG ini sama sekali tidak berfaedah dan cenderung menjadi lahan korupsi besar-besaran.
Aksi menghambur-hamburkan uang rakyat ini sangat merugikan APBN dan sangat banyak kerugian yang diakibatkan oleh program abal-abal ini.
Rezim ini terlalu bobrok !",0,2 months ago,@Soegale,mbg adalah proyek yang sangat sangat dipaksakan oleh penguasa karena terlanjur menjadi janji kampanye pilpres kemarin. apa pun akan dikorbankan demi proyek ambisius presiden. kendati fakta di lapangan program mbg ini sama sekali tidak berfaedah dan cenderung menjadi lahan korupsi besar besaran. aksi menghambur hamburkan uang rakyat ini sangat merugikan anggaran pendapatan belanja negara dan sangat banyak kerugian yang diakibatkan oleh program abal abal ini. rezim ini terlalu bobrok,486,69,negative,0.9967785477638245,mbg proyek sangat sangat paksa kuasa lanjur jadi janji kampanye pilpres kemarin apa korban proyek ambisius presiden kendati fakta lapang program mbg sama sekali faedah cenderung jadi lahan korupsi besar besar aksi hambur hambur uang rakyat sangat rugi anggar dapat belanja negara sangat banyak rugi akibat program abal abal ini rezim terlalu bobrok,anger,0.6926281452178955
"Anak ga minta,, dianggap smua miskin.. akhirnya 2030 makanan dikontrol bill gates,,,hrus mau makan daging sintetis",1,2 months ago,@morisnaga9847,"anak tidak minta,, dianggap smua miskin.. akhirnya 2030 makanan dikontrol bill gates,,hrus mau makan daging sintetis",116,16,negative,0.9983698725700378,anak minta anggap smua miskin akhir 2030 makan kontrol bill gates hrus mau makan daging sintetis,anger,0.8829077482223511
"ki looo nii looo presiden tua klo di beri  ingatan yaa jawab nya mbg ada uang itu uang siapaaa 
giiilaaa 
gono kuwii kok wani nya  akan mendamaikan itan as wong dianya prabowo ikutan as  yaa ndak mungkin tooo",0,2 months ago,@rasyiidahayu4504,ki loo nii loo presiden tua kalau di beri ingatan yaa jawab nya mbg ada uang itu uang siapaa giilaa gono kuwii kok wani nya akan mendamaikan itan as wong dianya prabowo ikutan as yaa ndak mungkin too,199,38,negative,0.9855256676673889,ki loo nii loo presiden tua beri ingat yaa jawab mbg uang uang siapaa giilaa gono kuwii kok wani damai itan as wong dia prabowo ikut as yaa ndak mungkin too,anger,0.979802668094635
"3:31 
Pemerintah Presiden Prabowo Subianto resmi menaikkan Harga Pembelian Pemerintah (HPP) gabah kering panen (GKP) tingkat petani menjadi Rp6.500 per kilogram, berlaku efektif mulai 15 Januari 2025. Kebijakan ini bertujuan melindungi pendapatan petani agar tidak merugi, meningkatkan kesejahteraan, dan memperkuat kedaulatan pangan nasional.",0,2 months ago,@valentinoaldriansidabutar6191,"3 31 pemerintah presiden prabowo subianto resmi menaikkan harga pembelian pemerintah hpp gabah kering panen gkp tingkat petani menjadi rp6.500 per kilogram, berlaku efektif mulai 15 januari 2025. kebijakan ini bertujuan melindungi pendapatan petani agar tidak merugi, meningkatkan kesejahteraan, dan memperkuat kedaulatan pangan nasional.",338,44,neutral,0.9959220886230469,3 31 perintah presiden prabowo subianto resmi naik harga beli perintah hpp gabah kering panen gkp tingkat tani jadi rp6 500 per kilogram laku efektif mulai 15 januari 2025 bijak tuju lindung dapat tani rugi tingkat sejahtera kuat daulat pangan nasional,happy,0.5519576668739319
"Jangan sampai kita memberi makan anak-anak hari ini, tapi mengorbankan kualitas universitas atau laboratorium tempat mereka akan bekerja di masa depan. Anggaran harus tetap menjamin porsi besar untuk R&D (Research & Development) agar kita tidak hanya menjadi pasar, tapi menjadi produsen teknologi.",0,2 months ago,@gunturdwipurwanto2087,"jangan sampai kita memberi makan anak anak hari ini, tapi mengorbankan kualitas universitas atau laboratorium tempat mereka akan bekerja di masa depan. anggaran harus tetap menjamin porsi besar untuk r d research development agar kita tidak hanya menjadi pasar, tapi menjadi produsen teknologi.",294,43,positive,0.44995903968811035,jangan beri makan anak anak hari ini korban kualitas universitas laboratorium tempat kerja masa depan anggar tetap jamin porsi besar r d research development jadi pasar jadi produsen teknologi,sadness,0.4027416408061981
Semoga para penghiat semua rezim segera mendapat balasan serimpal azab yg mengenaskan kasian selueu.ekyat hidup sengsara,0,2 months ago,@ChuriatiRochma-cy4vy,semoga para penghiat semua rezim segera mendapat balasan serimpal azab yang mengenaskan kasian selueu.ekyat hidup sengsara,122,16,negative,0.9974473714828491,moga penghiat semua rezim segera dapat balas serimpal azab enas kasi selueu ekyat hidup sengsara,sadness,0.7348614931106567
Mantaaap MBG harus dilanjutkan menampung pekerjaan dan mengurangi stunting gizi anak tanpa banyak teori,0,2 months ago,@Popor.,mantaap mbg harus dilanjutkan menampung pekerjaan dan mengurangi stunting gizi anak tanpa banyak teori,102,14,negative,0.39163511991500854,mantaap mbg lanjut tampung kerja kurang stunting gizi anak banyak teori,happy,0.5985424518585205
"HATI HATI  INI YG PUNYA CHANEL KALAU KELUAR RUMAH BUNGKUS MUKA PAKE KRESEK MBG
NANTI ADA YG NYIRAM AIR MANI LAGI DI JALAN,",0,2 months ago,@up.vlog76,"hati hati ini yang punya chanel kalau keluar rumah bungkus muka pake kresek mbg nanti ada yang nyiram air mani lagi di jalan,",125,23,negative,0.9872308373451233,hati hati punya chanel keluar rumah bungkus muka pake kresek mbg nyiram air mani jalan,fear,0.7945964336395264
"Coba 30 tahun yg lalu sudah ada MBG, nga kebayang skrng seperti apa. Dulu sarapan iya kalo ada. Kalo ada itu pun nasi campur air garam, makan singkong, makan pisang rebus. Blm tentu siang bisa makan. Bersyukur buat ank2 skrng dikasih makan gratis sama pemerintah.",0,2 months ago,@yosuwalenon,"coba 30 tahun yang lalu sudah ada mbg, nga kebayang skrng seperti apa. dulu sarapan iya kalau ada. kalau ada itu pun nasi campur air garam, makan singkong, makan pisang rebus. belum tentu siang bisa makan. bersyukur untuk ank2 skrng dikasih makan gratis sama pemerintah.",270,45,positive,0.9859704375267029,coba 30 tahun lalu mbg nga bayang skrng apa dulu sarap iya ada nasi campur air garam makan singkong makan pisang rebus siang makan syukur ank2 skrng kasih makan gratis sama perintah,sadness,0.6613976359367371
Yg kocaknye mknan kaya gitu katanye bisa ningkatkan IQ jd 100...😂😂😂eh dh  jln 1 thn iq jeblok di bawah 75...berhentilah bodohin rakyat... Cari usaha jgn yg nyatut nyatutlah... Haram... 😂😂😂,0,2 months ago,@AlifahFaturahmah,yang kocaknye mknan kaya gitu katanye bisa ningkatkan iq jadi 100... eh dh jln 1 thn iq jeblok di bawah 75...berhentilah bodohin rakyat... cari usaha jgn yang nyatut nyatutlah... haram...,187,30,negative,0.9972556233406067,kocaknye mknan kaya gitu katanye ningkatkan iq 100 eh dh jln 1 thn iq jeblok bawah 75 henti bodohin rakyat cari usaha jgn nyatut nyatutlah haram,anger,0.9547895193099976
"Stunting gizi itu Muali Dari pembentukan janin jika, orang tua atau induk nya kurang, gizi kompleks seperti protein karbohidrat sehat buah buahan dan sayur dalam waktu 1,000 hari dari pembentukan janin hingga usia 2 tahun, sudah di pastikan anak itu stunting, jadi MBG hanyalah investasi, dari makanan lalu di keluarkan jadi tinja di WC ,",0,2 months ago,@IrfanFanta,"stunting gizi itu muali dari pembentukan janin jika, orang tua atau induk nya kurang, gizi kompleks seperti protein karbohidrat sehat buah buahan dan sayur dalam waktu 1,00 hari dari pembentukan janin hingga usia 2 tahun, sudah di pastikan anak itu stunting, jadi mbg hanyalah investasi, dari makanan lalu di keluarkan jadi tinja di wc ,",337,55,negative,0.7982180714607239,stunting gizi mual bentuk janin jika orang tua induk kurang gizi kompleks protein karbohidrat sehat buah buah sayur waktu 1 00 hari bentuk janin hingga usia 2 tahun pasti anak stunting mbg hanya investasi makan lalu keluar tinja wc ,sadness,0.5837831497192383
Lebih baik uang nya kasih orang gc punya Yg tidak mampu pakkk,0,2 months ago,@rozzasakeshi2612,lebih baik uang nya kasih orang gc punya yang tidak mampu pakk,62,12,negative,0.9889401793479919,lebih baik uang kasih orang gc punya mampu pakk,anger,0.716471254825592
"MBG itu teknik presiden bagi bagi fulus kepada timsenya ,dan partai politik pendukungnya,Dana gila gilaan,tapi harga menunya yg didapat siswa hanya 6000 rupiah,tapi dana yg dikeluarkan pemerintah 15000 rupiah ,apalagi dapur MBG dapat intensif 6juta/hari setiap dapur mbg,",0,2 months ago,@SariYati-m5k,"mbg itu teknik presiden bagi bagi fulus kepada timsenya ,dan partai politik pendukungnya,dana gila gilaan,tapi harga menunya yang didapat siswa hanya 600 rupiah,tapi dana yang dikeluarkan pemerintah 1500 rupiah ,apalagi dapur mbg dapat intensif 6juta hari setiap dapur mbg,",273,39,negative,0.5029551982879639,mbg teknik presiden fulus timsenya dan partai politik dukung dana gila gila tapi harga menu dapat siswa 600 rupiah tapi dana keluar perintah 1500 rupiah apalagi dapur mbg intensif 6juta hari dapur mbg,anger,0.5042151212692261
"Dgn akal sehat berpikir,TDK ada sama sekali manfaatnya mbg,justru ada benarnya yg dikatakan ketua BEM UGM,bahwa cari dan buat pilpres periode ke 2 dgn dibungkus omon2 manis,miris liatnya proyek ini,padahal UUD: mencerdaskan kehidupan bangsa justru dana pendidikan yg dipangkas,sengaja agar SDM negara kita TDK maju2 seperti jaman kolonial agar rakyat mudah dibodoh2in dlm proyek 5thnan dgn disiram bansos & uang tunai(pilpres,pilkada),",0,2 months ago,@YopiTumanan-g9y,"dengan akal sehat berpikir,tdk ada sama sekali manfaatnya mbg,justru ada benarnya yang dikatakan ketua bem ugm,bahwa cari dan untuk pilpres periode ke 2 dengan dibungkus omon2 manis,miris liatnya proyek ini,padahal uud mencerdaskan kehidupan bangsa justru dana pendidikan yang dipangkas,sengaja agar sumber daya manusia negara kita tidak maju2 seperti jaman kolonial agar rakyat mudah dibodoh2in dlm proyek 5thnan dengan disiram bansos uang tunai pilpres,pilkada ,",464,64,negative,0.9937347769737244,akal sehat pikir tdk sama sekali manfaat mbg justru benar kata ketua bem ugm bahwa cari pilpres periode 2 bungkus omon2 manis miris liat proyek ini padahal uud cerdas hidup bangsa justru dana didik pangkas sengaja sumber daya manusia negara maju2 jaman kolonial rakyat mudah dibodoh2in dlm proyek 5thnan siram bansos uang tunai pilpres pilkada ,anger,0.8064098358154297
"Di negara maju warganya disuruh diet, di negara miskin warganya disuruh makan",0,2 months ago,@kumanmangat,"di negara maju warganya disuruh diet, di negara miskin warganya disuruh makan",77,12,negative,0.904864490032196,negara maju warga suruh diet negara miskin warga suruh makan,anger,0.5347853899002075
MBG di persiapkan untuk 2029 oleh sebab itu di thn tersebut harus kita menangkan lg agar MBG tetap berjalan 😂😂,0,2 months ago,@ArwanaEmas-l2i,mbg di persiapkan untuk 2029 oleh sebab itu di thn tersebut harus kita menangkan lagi agar mbg tetap berjalan,109,19,neutral,0.6437132954597473,mbg siap 2029 thn sebut menang mbg tetap jalan,happy,0.7749524116516113
"MBG itu bukan lagi di sebut program tapi proyek, ditempat saya sendiri SPPG itu di kelola polisi ini saja jelas sudah melenceng dari tugas kepolisian",0,2 months ago,@hasan0185,"mbg itu bukan lagi di sebut program tapi proyek, ditempat saya sendiri satuan pelayanan pemenuhan gizi itu di kelola polisi ini saja jelas sudah melenceng dari tugas kepolisian",176,28,negative,0.9502786993980408,mbg bukan sebut program proyek tempat sendiri satu layan penuh gizi kelola polisi jelas lenceng tugas polisi,anger,0.37828636169433594
"MBG tidak ada manfaat bagi rakyat, buang2 anggarab",0,2 months ago,@bornlies423,"mbg tidak ada manfaat bagi rakyat, buang2 anggarab",50,8,negative,0.9952731728553772,mbg manfaat rakyat buang2 anggarab,anger,0.6601551175117493
"Kalau mertuanya soeharto masih hidup pasti kena semprot dibilang goblok, itu program jadi tai",0,2 months ago,@GunawanPutra-z8l,"kalau mertuanya soeharto masih hidup pasti kena semprot dibilang goblok, itu program jadi tai",93,14,negative,0.9936191439628601,mertua soeharto hidup kena semprot bilang goblok program tai,anger,0.8570991158485413
"BPK presiden Prabowo sudah menjelaskan MBG bukan program sosial, tapi investasi emas 2045, lihat 2046 generasi indonesia pasti luar biasa pintar,hebat cerdas sehat. Kalian2 pengkritik buta pikir..BPK Prabowo preseden terbaik sepanjang masa,patriotik rela berkorban",0,2 months ago,@kebanaransejati2758,"bapak presiden prabowo sudah menjelaskan mbg bukan program sosial, tapi investasi emas 2045, lihat 2046 generasi indonesia pasti luar biasa pintar,hebat cerdas sehat. kalian2 pengkritik buta pikir..bpk prabowo preseden terbaik sepanjang masa,patriotik rela berkorban",266,34,positive,0.9953234791755676,bapak presiden prabowo jelas mbg bukan program sosial investasi emas 2045 lihat 2046 generasi indonesia luar biasa pintar hebat cerdas sehat kalian2 kritik buta pikir bpk prabowo preseden baik panjang masa patriotik rela korban,anger,0.7170562148094177
"Yaa betul memperbaiki Ekonomi elit, pejabat dan penguasa.
Rakyat tetap miskin dan sengsara.
Ini menurut keyakinan saya, bila salah mohon maaf yooo🙏🙏🙏🙏🌴",0,2 months ago,@herdisutanto8567,"yaa betul memperbaiki ekonomi elit, pejabat dan penguasa. rakyat tetap miskin dan sengsara. ini menurut keyakinan saya, bila salah mohon maaf yoo",145,22,negative,0.9923535585403442,yaa betul baik ekonomi elit jabat kuasa rakyat tetap miskin sengsara yakin saya bila salah mohon maaf yoo,sadness,0.5517313480377197
"Tolong hentikan g mbg ,",0,2 months ago,@baharuddinuddin6663,"tolong hentikan g mbg ,",23,5,negative,0.8168147802352905,henti g mbg ,anger,0.7697018384933472
mbg=makanan (ga) bergizi (ga) gratis,0,2 months ago,@dapudmuraik,mbg makanan tidak bergizi tidak gratis,38,6,negative,0.9796990156173706,mbg makan gizi gratis,anger,0.4125511050224304
Pemimpin muka tembok mau gurus dunia  internasional  wow begok gurus  MBG saja sudah  tidak jelas dasar pemimpin muka tembok 😅😂😂,0,2 months ago,@Nasrun-p9v,pemimpin muka tembok mau gurus dunia internasional wow begok gurus mbg saja sudah tidak jelas dasar pemimpin muka tembok,120,19,negative,0.9994823932647705,pimpin muka tembok mau gurus dunia internasional wow begok gurus mbg jelas dasar pimpin muka tembok,anger,0.9664349555969238
"Target 82juta orang, kali sepuluh ribu aja dalam sehari(porsi makan) 820M, wah nggak kebayang duit segitu setahun udh gimna nasib kantong negara ini? Sementara hanya jadi taik masuk wc.
Masalah bahan baku, juga import pastinya, negara ini kacau sekali, negara yg katanya subur tapi bahan makanan aja import.
Belum lagi nggak tepat sasaran buat yang di kasih makan. Nilai paling pentingnya di akhir, nggak ada manfaat program ini buat jangka panjang karena merusak buat anggaran lain yang lebih urgent. Tantangannya berani nggak pemerintah ambil anggaran dari hasil sawit di negara ini, baik swata atau pemerintah, karena udh lah sawit itu yg menikmati segelintir orang saja, tapi yang tanggung dampaknya masyarakat secara luas, Bahkan ekosistem hutan dan hewan pun ikut kena ruginya.",0,2 months ago,@rikoregar5518,"target 82juta orang, kali sepuluh ribu aja dalam sehari porsi makan 820 miliar, wah tidak kebayang duit segitu setahun sudah gimna nasib kantong negara ini sementara hanya jadi taik masuk wc. masalah bahan baku, juga import pastinya, negara ini kacau sekali, negara yang katanya subur tapi bahan makanan aja import. belum lagi tidak tepat sasaran untuk yang di kasih makan. nilai paling pentingnya di akhir, tidak ada manfaat program ini untuk jangka panjang karena merusak untuk anggaran lain yang lebih urgent. tantangannya berani tidak pemerintah ambil anggaran dari hasil sawit di negara ini, baik swata atau pemerintah, karena sudah lah sawit itu yang menikmati segelintir orang saja, tapi yang tanggung dampaknya masyarakat secara luas, bahkan ekosistem hutan dan hewan pun ikut kena ruginya.",798,123,negative,0.9974875450134277,target 82juta orang kali puluh ribu hari porsi makan 820 miliar wah bayang duit segitu tahun gimna nasib kantong negara taik masuk wc masalah bahan baku import pasti negara kacau sekali negara kata subur bahan makan import tepat sasar kasih makan nilai paling penting akhir manfaat program jangka panjang rusak anggar lebih urgent tantang berani perintah ambil anggar hasil sawit negara ini baik swata perintah sawit nikmat gelintir orang saja tanggung dampak masyarakat luas bahkan ekosistem hutan hewan ikut kena rugi,anger,0.6918908953666687
"bingung dengan pola pikir pemerintah, udh tau program ini bikin kantong negara bangkrut tp tetep aj bersikukuh dipertahankan, sudah tidak sejalan dengan aspirasi masyarakat.",0,2 months ago,@mochsolikhin-h9k,"bingung dengan pola pikir pemerintah, sudah tau program ini bikin kantong negara bangkrut tapi tetep aj bersikukuh dipertahankan, sudah tidak sejalan dengan aspirasi masyarakat.",177,24,negative,0.9972301125526428,bingung pola pikir perintah tau program bikin kantong negara bangkrut tetep aj bersikukuh tahan jalan aspirasi masyarakat,anger,0.5515012145042419
Ganti presiden boleh saja.... Asal jangan ANIS karna dia tuh otaknya ga beres bakalan ancur negara kalo di pimpin sama anis,0,2 months ago,@elanazam8101,ganti presiden boleh saja.... asal jangan anis karna dia itu otaknya tidak beres bakalan ancur negara kalau di pimpin sama anis,127,21,negative,0.9973133206367493,ganti presiden saja asal jangan anis karna otak beres bakal ancur negara pimpin sama anis,anger,0.8881919384002686
"Assalamualaikum Warahmatullahi Wabarakatuh.
BMG adalah LAHAN TERBUKA UNTUK PELAKU KORUPSI.
Mohon membacanya pelan - pelan saja, agar Tidak Gagal Faham. Terimkasih.

1. MBG memang sangat bagus. Akan tetapi BELUM PAS diterapkan apabila Negara Indonesia belum menetapkan Peraturan Hukum yaitu Hukuman Mati Buat Para Pelaku Koruptor.
2. Presiden RI Bapak Prabowo Subiaro, harus memikirkan kembali bahwa, MBG lebih banyak dinikmati oleh Anak Sekolah / anak orang kaya, dibandingkan anak sekolah yang miskin. Perbandingannya sangat jelas jika Presiden RI mau meninjau langsung disemua sekolah - sekolah yang ada di Indonesia, bukan hanya sekedar melihat beberapa sekolah dan menerima laporan dari Kepala Badan Gizi Nasional (BGN) yang tidak sesuai fakta dilapangan.
3. MBG adalah Program untuk sebuah kesempatan besar bagi pelaku korupsi / Lahan Korupsi.
4. MBG menjatuhkan ekonomi rakyat kecil yang sedang mencari nafkah disekitar area sekolah.
5. Perbandingan anak orang kaya dan anak orang miskin yang ada disekolah adalah, 60% Anak orang kaya, dan 40% Anak orang miskin.
6. Dana MBG diambil dari pemotongan Anggran Pemerintah diseluruh indonesia sebesar 50%.
7. Dana MBG diambil dari pemotongan Anggran Pemerintah diseluruh indonesia sebesar 50%., belum cukup, sehingga pemerintah kabupaten kota dan provinsi memotong Dana Tambahan Penghasilan Pegawai ( TPP ) sebasar 40%, 45%, 48%, sampai 60% disetiap daerah. Bahkan ada beberapa daerah yang menghapus Dana Tambahan Penghasilan Pegawainya.

ARTINYA : Dana MBG bukan berasal dari Dana / Uang Pemerintah Pusat.

Itulah sebabnya mengapa PNS, TNI, dan POLRI sangat meraskan dampak dari pemotongan anggaran kegiatan dan Tambahan Penghasilan Pegawai ( TPP ) semenjak Pak Prabowo menjadi Presiden RI. Ditambah lagi, harga - harga kebutuhan pokok dipasar naik secara drastis, dan iuran pembayaran listrik ikut naik secara drastis, pada hal sampai saat ini gaji PNS, TNI, dan POLRI belun naik. Tidak naiknya PNS, TNI, dan POLRI, tentunya berdapak ke masyarakat ekonomi kebawah.
#APA YANG MAU DIBELANJAKAN DIPASAR KALAU GAJI BELUM NAIK.
#LEBIH BESAR PASAK DARI PADA TIANG.

ERA KEPEMIMPINAN PAK SOEHARTO SEBAGAI PRESIDEN RI.
1. Pembangunan maju setiap tahunnya, pebangunan jalan masuk desa secara bertahap, dan listrik masuk desa.
2. Ekonomi Petani dan Nelayan dirasakan sangat baik waktu itu.
3. Jarang kita dapati jalanan diperkotaan berlubang, atau rusak parah, dan tidak pernah kita dapati jalanan berlubang ditambal pakai papin blok dijaman Pak Soeharto.

APA RAHASIANYA ??

1. Pak Soeharto sadar bahwa, cara efektif meningkatkan ekonomi masyarakat miskin adalah dengan mensejahterakan PNS, TNI, dan POLRI. Karena tidak mungkin, dan sangat mustahil apabila Presiden RI dan Pemerintah lainnya, turun langsung keseluruh indonesia untuk membagi - bagikan uang ke masyarakat miskin. Dengan kata lain, TIDAK EFEKTIF.

2. Pak Soerharto sadar bahwa, Mensejahterakan PNS, TNI, dan POLRI, indonesia tidak akan menambah utang negara, karena uang yang diperoleh oleh PNS, TNI, dan POLRI akan berputar terus menerus ke masyarakat kebawah ( Petani, nelayan, pengusaha swasta, pedagang dipasar, dll ), dan ujung - ujungnya uang tersebut kembali ke negara dengan membayar pajak, membayar iuran listrik, iuran sekolah, dll.

3. Pak Soerharto sadar bahwa, Mensejahterakan PNS, TNI, dan POLRI, tentunya akan ikut mensejahterakan para petani, karena harga jual semakin lancar, bahkan beras indonesia sangat diminati oleh negara - negara lain. Ekspor beras pada masa pemerintahan Presiden Soeharto, khususnya setelah Mencapai Swasembada Pangan pada tahun 1984, tergolong sukses dan lancar, bahkan Indonesia sempat diakui oleh Organisasi Pangan Dunia (FAO).

BERIKUT ADALAH POIN - POIN PENTING MENGENAI SITUASI EKSPOR BERAS DI ERA PAK SOEHARTO SEBAGAI PRESIDEN RI KE 2 :

1. Pencapaian Swasembada (1984) : Setelah bertahun-tahun mengandalkan impor, Indonesia berhasil membalikkan keadaan dengan mencapai swasembada beras pada tahun 1984.

2. Penghargaan FAO : Atas keberhasilan ini, Presiden Soeharto diundang oleh Direktur Jenderal FAO, Edward Saouma, pada 14 November 1985 di Roma, Italia, untuk memaparkan keberhasilan tersebut.

3. Bantuan ke Afrika : Indonesia tidak hanya mengekspor beras secara komersial, tetapi juga menunjukkan keunggulannya dengan menyerahkan bantuan 100.000 ton padi kepada korban kelaparan di Afrika pada tahun 1985.

4. Cadangan Beras Tinggi: Pada puncak pemerintahannya, cadangan beras di gudang pemerintah pernah mencapai 2 juta ton. 

Namun, perlu dicatat bahwa, Keberhasilan ini dicapai melalui Intensifikasi dan Ekstensifikasi Pertanian secara besar-besaran (Revolusi Hijau) yang didukung penuh oleh Teknologi dan Kebijakan Pemerintah. Meskipun sempat Swasembada, dalam Catatan Sejarah, impor beras tetap dilakukan pada waktu - waktu tertentu untuk Menjaga Stok dan Menstabilkan Harga.

PERTANYAAN SAYA :
1. Apakah Kepemimpinan Pak Prabowo sebagai Presiden RI dapat membawa Negara Indonesia ini menjadi Indonesia Emas ???
2. Apakah dengan mengandalkan MBG dapat meningkatkan Ekonomi Rakyat Kecil diseluruh Indonenesia ???
JAWABAN SAYA adalah : Semua itu hanya Politik dan Kita semua disuruh bermimpi disiang bolong sampai kita mati.
3. Lalu, apakah rakyat menengah kebawah masih berdiam diri dan mempertahankan sosok pemimpin seperti ini ???
4. Bagaimana Dengan Jawaban Anda ???

Demikian penjelasan dari saya, semoga bermanfaat bagi pembacanya. Kelebihan datangnya dari Allah SWT, dan kekurangnya dari diri saya sendiri.

Wassalamualaikum Warahmatullahi Wabarakatuh.",1,2 months ago,@RadarMuslim-w6j,"assalamualaikum warahmatullahi wabarakatuh. bmg adalah lahan terbuka untuk pelaku korupsi. mohon membacanya pelan pelan saja, agar tidak gagal faham. terimkasih. 1. mbg memang sangat bagus. akan tetapi belum pas diterapkan apabila negara indonesia belum menetapkan peraturan hukum yaitu hukuman mati untuk para pelaku koruptor. 2. presiden ri bapak prabowo subiaro, harus memikirkan kembali bahwa, mbg lebih banyak dinikmati oleh anak sekolah anak orang kaya, dibandingkan anak sekolah yang miskin. perbandingannya sangat jelas jika presiden ri mau meninjau langsung disemua sekolah sekolah yang ada di indonesia, bukan hanya sekedar melihat beberapa sekolah dan menerima laporan dari kepala badan gizi nasional badan gizi nasional yang tidak sesuai fakta dilapangan. 3. mbg adalah program untuk sebuah kesempatan besar bagi pelaku korupsi lahan korupsi. 4. mbg menjatuhkan ekonomi rakyat kecil yang sedang mencari nafkah disekitar area sekolah. 5. perbandingan anak orang kaya dan anak orang miskin yang ada disekolah adalah, 60% anak orang kaya, dan 40% anak orang miskin. 6. dana mbg diambil dari pemotongan anggran pemerintah diseluruh indonesia sebesar 50%. 7. dana mbg diambil dari pemotongan anggran pemerintah diseluruh indonesia sebesar 50%., belum cukup, sehingga pemerintah kabupaten kota dan provinsi memotong dana tambahan penghasilan pegawai tpp sebasar 40%, 45%, 48%, sampai 60% disetiap daerah. bahkan ada beberapa daerah yang menghapus dana tambahan penghasilan pegawainya. artinya dana mbg bukan berasal dari dana uang pemerintah pusat. itulah sebabnya mengapa pns, tni, dan polri sangat meraskan dampak dari pemotongan anggaran kegiatan dan tambahan penghasilan pegawai tpp semenjak bapak prabowo menjadi presiden ri. ditambah lagi, harga harga kebutuhan pokok dipasar naik secara drastis, dan iuran pembayaran listrik ikut naik secara drastis, pada hal sampai saat ini gaji pns, tni, dan polri belun naik. tidak naiknya pns, tni, dan polri, tentunya berdapak ke masyarakat ekonomi kebawah. yang mau dibelanjakan dipasar kalau gaji belum naik. besar pasak dari pada tiang. era kepemimpinan bapak soeharto sebagai presiden ri. 1. pembangunan maju setiap tahunnya, pebangunan jalan masuk desa secara bertahap, dan listrik masuk desa. 2. ekonomi petani dan nelayan dirasakan sangat baik waktu itu. 3. jarang kita dapati jalanan diperkotaan berlubang, atau rusak parah, dan tidak pernah kita dapati jalanan berlubang ditambal pakai papin blok dijaman bapak soeharto. apa rahasianya 1. bapak soeharto sadar bahwa, cara efektif meningkatkan ekonomi masyarakat miskin adalah dengan mensejahterakan pns, tni, dan polri. karena tidak mungkin, dan sangat mustahil apabila presiden ri dan pemerintah lainnya, turun langsung keseluruh indonesia untuk membagi bagikan uang ke masyarakat miskin. dengan kata lain, tidak efektif. 2. bapak soerharto sadar bahwa, mensejahterakan pns, tni, dan polri, indonesia tidak akan menambah utang negara, karena uang yang diperoleh oleh pns, tni, dan polri akan berputar terus menerus ke masyarakat kebawah petani, nelayan, pengusaha swasta, pedagang dipasar, dll , dan ujung ujungnya uang tersebut kembali ke negara dengan membayar pajak, membayar iuran listrik, iuran sekolah, dll. 3. bapak soerharto sadar bahwa, mensejahterakan pns, tni, dan polri, tentunya akan ikut mensejahterakan para petani, karena harga jual semakin lancar, bahkan beras indonesia sangat diminati oleh negara negara lain. ekspor beras pada masa pemerintahan presiden soeharto, khususnya setelah mencapai swasembada pangan pada tahun 1984, tergolong sukses dan lancar, bahkan indonesia sempat diakui oleh organisasi pangan dunia fao . berikut adalah poin poin penting mengenai situasi ekspor beras di era bapak soeharto sebagai presiden ri ke 2 1. pencapaian swasembada 1984 setelah bertahun tahun mengandalkan impor, indonesia berhasil membalikkan keadaan dengan mencapai swasembada beras pada tahun 1984. 2. penghargaan fao atas keberhasilan ini, presiden soeharto diundang oleh direktur jenderal fao, edward saouma, pada 14 november 1985 di roma, italia, untuk memaparkan keberhasilan tersebut. 3. bantuan ke afrika indonesia tidak hanya mengekspor beras secara komersial, tetapi juga menunjukkan keunggulannya dengan menyerahkan bantuan 100.00 ton padi kepada korban kelaparan di afrika pada tahun 1985. 4. cadangan beras tinggi pada puncak pemerintahannya, cadangan beras di gudang pemerintah pernah mencapai 2 juta ton. namun, perlu dicatat bahwa, keberhasilan ini dicapai melalui intensifikasi dan ekstensifikasi pertanian secara besar besaran revolusi hijau yang didukung penuh oleh teknologi dan kebijakan pemerintah. meskipun sempat swasembada, dalam catatan sejarah, impor beras tetap dilakukan pada waktu waktu tertentu untuk menjaga stok dan menstabilkan harga. pertanyaan saya 1. apakah kepemimpinan bapak prabowo sebagai presiden ri dapat membawa negara indonesia ini menjadi indonesia emas 2. apakah dengan mengandalkan mbg dapat meningkatkan ekonomi rakyat kecil diseluruh indonenesia jawaban saya adalah semua itu hanya politik dan kita semua disuruh bermimpi disiang bolong sampai kita mati. 3. lalu, apakah rakyat menengah kebawah masih berdiam diri dan mempertahankan sosok pemimpin seperti ini 4. bagaimana dengan jawaban anda demikian penjelasan dari saya, semoga bermanfaat bagi pembacanya. kelebihan datangnya dari allah swt, dan kekurangnya dari diri saya sendiri. wassalamualaikum warahmatullahi wabarakatuh.",5453,765,negative,0.9983838796615601,assalamualaikum warahmatullahi wabarakatuh bmg lahan buka laku korupsi mohon baca pelan pelan saja gagal faham terimkasih 1 mbg memang sangat bagus pas terap apabila negara indonesia tetap atur hukum hukum mati laku koruptor 2 presiden ri bapak prabowo subiaro pikir bahwa mbg lebih banyak nikmat anak sekolah anak orang kaya banding anak sekolah miskin banding sangat jelas presiden ri mau tinjau langsung semua sekolah sekolah indonesia bukan dar lihat beberapa sekolah terima lapor kepala badan gizi nasional badan gizi nasional sesuai fakta lapang 3 mbg program buah sempat besar laku korupsi lahan korupsi 4 mbg jatuh ekonomi rakyat kecil sedang cari nafkah sekitar area sekolah 5 banding anak orang kaya anak orang miskin seko adalah 60 anak orang kaya 40 anak orang miskin 6 dana mbg ambil potong anggran perintah seluruh indonesia besar 50 7 dana mbg ambil potong anggran perintah seluruh indonesia besar 50 cukup perintah kabupaten kota provinsi potong dana tambah hasil pegawai tpp sebasar 40 45 48 60 tiap daerah bahkan beberapa daerah hapus dana tambah hasil pegawai arti dana mbg bukan asal dana uang perintah pusat sebab pns tni polri sangat ras dampak potong anggar giat tambah hasil pegawai tpp semenjak bapak prabowo jadi presiden ri tambah lagi harga harga butuh pokok pasar naik drastis iur bayar listrik ikut naik drastis gaji pns tni polri bun naik naik pns tni polri tentu berdapak masyarakat ekonomi bawah mau belanja pasar gaji naik besar pasak tiang era pimpin bapak soeharto presiden ri 1 bangun maju tahun bangun jalan masuk desa tahap listrik masuk desa 2 ekonomi tani nelayan rasa sangat baik waktu itu 3 jarang dapat jalan kota lubang rusak parah pernah dapat jalan lubang tambal pakai papin blok jam bapak soeharto apa rahasia 1 bapak soeharto sadar bahwa cara efektif tingkat ekonomi masyarakat miskin sejahtera pns tni polri mungkin sangat mustahil apabila presiden ri perintah lain turun langsung seluruh indonesia bagi bagi uang masyarakat miskin kata lain efektif 2 bapak soerharto sadar bahwa sejahtera pns tni polri indonesia tambah utang negara uang oleh pns tni polri putar terus terus masyarakat bawah tani nelayan usaha swasta dagang pasar  ujung ujung uang sebut negara bayar pajak bayar iur listrik iur sekolah dll 3 bapak soerharto sadar bahwa sejahtera pns tni polri tentu ikut sejahtera tani harga jual makin lancar bahkan beras indonesia sangat mati negara negara lain ekspor beras masa perintah presiden soeharto khusus capai swasembada pangan tahun 1984 golong sukses lancar bahkan indonesia sempat aku organisasi pangan dunia fao  ikut poin poin penting kena situasi ekspor beras era bapak soeharto presiden ri 2 1 capai swasembada 1984 tahun tahun andal impor indonesia hasil balik ada capai swasembada beras tahun 1984 2 harga fao atas hasil ini presiden soeharto undang direktur jenderal fao edward saouma 14 november 1985 roma italia papar hasil sebut 3 bantu afrika indonesia ekspor beras komersial tunjuk unggul serah bantu 100 00 ton padi korban lapar afrika tahun 1985 4 cadang beras tinggi puncak perintah cadang beras gudang perintah pernah capai 2 juta ton namun perlu catat bahwa hasil capai lalu intensifikasi ekstensifikasi tani besar besar revolusi hijau dukung penuh teknologi bijak perintah meski sempat swasembada catat sejarah impor beras tetap laku waktu waktu tentu jaga stok stabil harga tanya 1 pimpin bapak prabowo presiden ri bawa negara indonesia jadi indonesia emas 2 andal mbg tingkat ekonomi rakyat kecil seluruh indonenesia jawab semua politik semua suruh mimpi siang bolong mati 3 lalu rakyat tengah bawah diam diri tahan sosok pimpin 4 bagaimana jawab jelas saya moga manfaat baca lebih datang allah swt kurang diri sendiri wassalamualaikum warahmatullahi wabarakatuh,anger,0.5385314226150513
Buat apa gunanya MBG hanya uang dimakan habis. Ini produk gagal. Buat untuk turunkan pajak saja sangat membantu rakyat. Atau untuk bebaskan pajak. Jangan pejabat dan anggota DPR saja yg bebas pajak. MBG sampai 300 trilyunan??? ini pembodohan rakyat.,0,2 months ago,@amiryono4903,untuk apa gunanya mbg hanya uang dimakan habis. ini produk gagal. untuk untuk turunkan pajak saja sangat membantu rakyat. atau untuk bebaskan pajak. jangan pejabat dan anggota dewan perwakilan rakyat saja yang bebas pajak. mbg sampai 300 trilyunan ini pembodohan rakyat.,270,41,negative,0.9986684322357178,apa guna mbg uang makan habis produk gagal turun pajak sangat bantu rakyat bebas pajak jangan jabat anggota dewan wakil rakyat bebas pajak mbg 300 trilyunan bodoh rakyat,anger,0.955169141292572
"Anak anak orang kaya orang tua punya mobil Mala dapat MBG , kenapa gak kasih anak orang miskin, kalau sekolah Nusantara, sekolah Garuda saya sangat setuju itu untuk anak anak kalangan  bawah",0,2 months ago,@DoniYusuf-d6y,"anak anak orang kaya orang tua punya mobil mala dapat mbg , kenapa tidak kasih anak orang miskin, kalau sekolah nusantara, sekolah garuda saya sangat setuju itu untuk anak anak kalangan bawah",191,32,negative,0.7504725456237793,anak anak orang kaya orang tua punya mobil mala mbg  kasih anak orang miskin sekolah nusantara sekolah garuda sangat tuju anak anak kalang bawah,anger,0.8395868539810181
"dari awal kampanye, saya sudah kontra dgn program mbg ini. 
program ambisius yg berasal dari janji politik. ada baiknya dana pendidikan di peruntukan tuk Infrastruktur pendidikan yg merata terlebih dahulu.",1,2 months ago,@trhmn_raf,"dari awal kampanye, saya sudah kontra dengan program mbg ini. program ambisius yang berasal dari janji politik. ada baiknya dana pendidikan di peruntukan untuk infrastruktur pendidikan yang merata terlebih dahulu.",213,30,negative,0.9350417256355286,awal kampanye kontra program mbg ini program ambisius asal janji politik baik dana didik untuk infrastruktur didik rata lebih dahulu,sadness,0.44576331973075867
"Itu saya belajar dari orang Jepang cara mengawetkan nasi tetapi masih bagus untuk di makan,,,, 😊",1,2 months ago,@NurHj-e5y,"itu saya belajar dari orang jepang cara mengawetkan nasi tetapi masih bagus untuk di makan,,",92,15,positive,0.9544235467910767,ajar orang jepang cara awet nasi bagus makan,happy,0.8178802132606506
"Saya sarankan kalau mau nasi tetap awet lama nasi harus menaruhnya di dalam kulkas nanti kalau mau makan harus panaskan lagi itu dia awet sangat lama bahkan bisa bertahan sampai satu minggu,,,,, 😊",1,2 months ago,@NurHj-e5y,"saya sarankan kalau mau nasi tetap awet lama nasi harus menaruhnya di dalam kulkas nanti kalau mau makan harus panaskan lagi itu dia awet sangat lama bahkan bisa bertahan sampai satu minggu,,",191,32,positive,0.9943852424621582,saran mau nasi tetap awet lama nasi taruh kulkas mau makan panas awet sangat lama bahkan tahan satu minggu,happy,0.8742266893386841
"Mau lu buat video kek manapun min ,progam ini gak bakalan stop ntah berapa orang yg keracunan ,atau dugaaan kasus korupsipun gak bakalan stop ,dari awal nyalon kan emg sudah di kasih tau progamnya ya ini nikmatilah ,",0,2 months ago,@menantuibumu237,"mau kamu untuk video kek manapun min ,progam ini tidak bakalan stop ntah berapa orang yang keracunan ,atau dugaan kasus korupsipun tidak bakalan stop ,dari awal nyalon kan memang sudah di kasih tau progamnya ya ini nikmatilah ,",227,38,positive,0.9018991589546204,mau kamu video kek mana min progam bakal stop ntah berapa orang racun atau duga kasus korupsi bakal stop dari awal nyalon memang kasih tau progamnya nikmat ,happy,0.6960797905921936
Dana MBG 335T lebih baik dibagikan ke 280 juta kepala per orang  rakyat atau  dibagikan ke per satu kk seluruh indonesia  tidak ada kkn nya,0,2 months ago,@ImamUdin-t6b,dana mbg 335 triliun lebih baik dibagikan ke 280 juta kepala per orang rakyat atau dibagikan ke per satu kk seluruh indonesia tidak ada kkn nya,143,26,negative,0.8828411102294922,dana mbg 335 triliun lebih baik bagi 280 juta kepala per orang rakyat bagi per satu kk seluruh indonesia kkn,anger,0.801602840423584
Katanya mau hemat anggaran dan gak mau ada proyek mercusuar? Lah ini proyek apa? Proyek tiang listrik?,0,2 months ago,@andrew_ji,katanya mau hemat anggaran dan tidak mau ada proyek mercusuar lah ini proyek apa proyek tiang listrik,101,17,negative,0.9956434965133667,kata mau hemat anggar mau proyek mercusuar proyek apa proyek tiang listrik,anger,0.8836347460746765
Audit aja besar besaran. Skandal korupsi pasti besar,0,2 months ago,@AliefHidayatulloh-x8f,audit aja besar besaran. skandal korupsi pasti besar,52,8,negative,0.9862788319587708,audit besar besar skandal korupsi besar,anger,0.6592123508453369
Pertanyaannya kok yg dibahas keuntungan dan ekonominya terus ? Tujuannnya cari cuan apa ngurangin stunting sih?,0,2 months ago,@AliefHidayatulloh-x8f,pertanyaannya kok yang dibahas keuntungan dan ekonominya terus tujuannya cari cuan apa ngurangin stunting sih,109,15,negative,0.9963905215263367,tanya kok bahas untung ekonomi terus tuju cari cuan apa ngurangin stunting,anger,0.7263267636299133
"Menurut keyakinan saya dari pengalaman hidup, namanya gratis mereka yang menerima harus siap Terima apa adanya. Soalnya ""gratis"". Walaupun ppn sampe naik 15% dan MBG di alokasikan buat pendidikan gratis selama RAB tidak memenuhi Kantong pejabat dan partainya pendidikan akan tetap sama dengan fasilitas seadanya. Terkecuali komite sekolah ada pemuka partai yang berkuasa bisa saja fasilitas sekolah membaik ""asalkan"".....",0,2 months ago,@zufry001,"menurut keyakinan saya dari pengalaman hidup, namanya gratis mereka yang menerima harus siap terima apa adanya. soalnya gratis . walaupun ppn sampe naik 15% dan mbg di alokasikan untuk pendidikan gratis selama rab tidak memenuhi kantong pejabat dan partainya pendidikan akan tetap sama dengan fasilitas seadanya. terkecuali komite sekolah ada pemuka partai yang berkuasa bisa saja fasilitas sekolah membaik asalkan .....",420,61,positive,0.832295298576355,yakin alam hidup nama gratis terima siap terima apa ada soal gratis  walaupun ppn sampe naik 15 mbg alokasi didik gratis lama rab penuh kantong jabat partai didik tetap sama fasilitas ada kecuali komite sekolah muka partai kuasa fasilitas sekolah baik asal ,happy,0.8153923153877258
Kurang manfaat bagi Rakyat tp dibanggakan bahkan merugikan yg lain Kesehatan dan Pendidikan dikorbankan. Tp emang dasarnya Tambeng susah dibilangin msh aja jalan. Mengecewakan!!!😞😞😞😡,0,2 months ago,@Pranoto-e3v,kurang manfaat bagi rakyat tapi dibanggakan bahkan merugikan yang lain kesehatan dan pendidikan dikorbankan. tapi memang dasarnya tambeng susah dibilangin masih aja jalan. mengecewakan,184,24,negative,0.9986693859100342,kurang manfaat rakyat bangga bahkan rugi sehat didik korban memang dasar tambeng susah dibilangin jalan kecewa,anger,0.6939258575439453
MBG itu di nimmati buat orang presiden semua nanti 2029 buat kekuatan politik dan mbg rata rata ujung ujungnya ambisi kekuasaaan kakau emang niat mau kasih makan ke rakyat kasih aja langsung gak usan pake dapur dan lain lain,0,2 months ago,@rumahbagusproperti,mbg itu di nimmati untuk orang presiden semua nanti 2029 untuk kekuatan politik dan mbg rata rata ujung ujungnya ambisi kekuasaan kakau memang niat mau kasih makan ke rakyat kasih aja langsung tidak usan pake dapur dan lain lain,228,39,negative,0.9966057538986206,mbg nimmati orang presiden semua 2029 kuat politik mbg rata rata ujung ujung ambisi kuasa kakau memang niat mau kasih makan rakyat kasih langsung usan pake dapur,anger,0.907837986946106
"Jika benar kita menginginkan MBG yg berdampak baik secara ekonomi dan efisiensi dalam sistem pelaksanaan, maka akan lebih baik jika MBG dilakukan secara bertahap terutama didaerah pelosok lebih dahulu, setelah tahu kelemahan dan sistem yg baik dan telah berjalan baik baru diduplikasi ke daerah lain
Tapi ini kan program baru, banyak kekurangan dan celah korupsi tapi malah diterapkan secara besar-besaran dan anggaran yg luar biasa secara tiba-tiba. Bukan hanya beban ini justru program penghancur anggaran negara",0,2 months ago,@agungkurniawan122,"jika benar kita menginginkan mbg yang berdampak baik secara ekonomi dan efisiensi dalam sistem pelaksanaan, maka akan lebih baik jika mbg dilakukan secara bertahap terutama didaerah pelosok lebih dahulu, setelah tahu kelemahan dan sistem yang baik dan telah berjalan baik baru diduplikasi ke daerah lain tapi ini kan program baru, banyak kekurangan dan celah korupsi tapi malah diterapkan secara besar besaran dan anggaran yang luar biasa secara tiba tiba. bukan hanya beban ini justru program penghancur anggaran negara",520,78,negative,0.9939759373664856,benar ingin mbg dampak baik ekonomi efisiensi sistem laksana lebih baik mbg laku tahap utama daerah pelosok lebih dahulu tahu lemah sistem baik jalan baik baru duplikasi daerah program baru banyak kurang celah korupsi malah terap besar besar anggar luar biasa tiba tiba bukan beban justru program hancur anggar negara,sadness,0.533143162727356
uang soros udah masuk kah?,0,2 months ago,@Satriahusada115,uang soros sudah masuk kah,26,5,negative,0.6175220012664795,uang soros masuk,anger,0.4137422442436218
"Buset dah temen gue udah teken kontrak jd akuntan, bisa kena geser sama temennnya kepala sppg brengsek emg program nepotisme😂",0,2 months ago,@sliceofapple2623,"buset dah temen saya sudah teken kontrak jadi akuntan, bisa kena geser sama temennya kepala satuan pelayanan pemenuhan gizi brengsek memang program nepotisme",157,23,negative,0.9982784986495972,buset dah temen teken kontrak akuntan kena geser sama temennya kepala satu layan penuh gizi brengsek memang program nepotisme,anger,0.9541130661964417
Heran juga lah sudah memakan korban nyawa siswa bgtu banyak masih berurat ngotot..,0,2 months ago,@berutuburut2679,heran juga lah sudah memakan korban nyawa siswa bgtu banyak masih berurat ngotot..,82,13,negative,0.9989350438117981,heran makan korban nyawa siswa bgtu banyak urat ngotot,anger,0.6762229204177856
"MBG itu investasi tinja..

Syarat kepentingan, pelaku usahanya mereka2 saja, bahan baku dan tenaga kerjanya dari mereka2 juga..

anak2 dikasih makan siang, tp malamnya lapar karena kalau sudah dirumah lauk pauk sudah tiada.
Orang tua anak pusing cari makan karena tidak ada kerjaan. Honorer/PPPK digaji seratus ribuan perbulan bahkan ada yang katanya akan di PHK...
miris 😢",0,2 months ago,@Welianus_Zega,"mbg itu investasi tinja.. syarat kepentingan, pelaku usahanya mereka2 saja, bahan baku dan tenaga kerjanya dari mereka2 juga.. anak2 dikasih makan siang, tapi malamnya lapar karena kalau sudah dirumah lauk pauk sudah tiada. orang tua anak pusing cari makan karena tidak ada kerjaan. honorer ppk digaji seratus ribuan perbulan bahkan ada yang katanya akan di phk... miris",370,57,negative,0.9958273768424988,mbg investasi tinja syarat penting laku usaha mereka2 saja bahan baku tenaga kerja mereka2 juga anak2 kasih makan siang malam lapar rumah lauk pauk tiada orang tua anak pusing cari makan kerja honorer ppk gaji ratus ribu bulan bahkan kata phk miris,anger,0.5850078463554382
"Program MBG juga mengorbankan pekerja sektor lain, terutama puluhan ribu pegawai pemerintah seperti guru, petugas kebersihan, dan lainnya yang sudah mengabdi puluhan tahun dipecat dr pekerjaan krn dampak efisiensi yg dipaksakan. Sehingga menciptakan pengangguran baru
Itu kerugian dr sisi pemerintah 
Jika dr sisi swasta kerugian juga lebih parah dmn pembangunan berkurang drastis.
MBG memang menciptakan lapangan kerja baru tapi juga menciptakan pengangguran dgn jumlah yg sama banyaknya 
Jd dr sisi ekonomi tidak ada kemajuan sama sekali",0,2 months ago,@agungkurniawan122,"program mbg juga mengorbankan pekerja sektor lain, terutama puluhan ribu pegawai pemerintah seperti guru, petugas kebersihan, dan lainnya yang sudah mengabdi puluhan tahun dipecat dari pekerjaan karena dampak efisiensi yang dipaksakan. sehingga menciptakan pengangguran baru itu kerugian dari sisi pemerintah jika dari sisi swasta kerugian juga lebih parah dmn pembangunan berkurang drastis. mbg memang menciptakan lapangan kerja baru tapi juga menciptakan pengangguran dengan jumlah yang sama banyaknya jadi dari sisi ekonomi tidak ada kemajuan sama sekali",557,76,negative,0.998356282711029,program mbg korban kerja sektor lain utama puluh ribu pegawai perintah guru tugas bersih lain abdi puluh tahun pecat kerja dampak efisiensi paksa cipta anggur baru rugi sisi perintah sisi swasta rugi lebih parah dmn bangun kurang drastis mbg memang cipta lapang kerja baru cipta anggur jumlah sama banyak sisi ekonomi maju sama sekali,sadness,0.4981909990310669
"buat gemukin kolega pejabat timses relawan .. gizi siswa jadi alasan 
liat aja tuh banci gemoy dia relawan dr Bani 58 ..",0,2 months ago,@progpeople,untuk gemukin kolega pejabat timses relawan .. gizi siswa jadi alasan liat aja itu banci gemoy dia relawan dari bani 58 ..,122,22,negative,0.9964942336082458,gemukin kolega jabat timses rawan  gizi siswa alas liat banci gemoy rawan bani 58 ,anger,0.5243381261825562
"Sebelum program ini jalan, hal pertama yg bikin aku ragu pemerintah bakal lakuin adalah anggaran. Aku gak bisa bayangin mereka punya anggaran dan kemauan untuk program yang butuh uang sebanyak ini. Di mana mereka saja blm mampu ngasih akses pendidikan, kesehatan, dan kesejahteraan yg merata dan baik jangka panjang. Dulu, aku sempet mikir, mungkin pemerintah gak bisa lakuin secara masif dan langsung dalam satu waktu karena akan butuh anggaran yg super besar (meskipun pada akhirnya mereka juga nggak lakuin secara terencana dan jangka panjang). Eh, ternyata salah. Program yang bahkan sehari ngabisin 1 T lebih APBN tetep bisa jalan dgn cara netapin MBG sbg program prioritas. Jadi, selama ini, pemerintah bukan gak ada uang buat program-program strategis jangka panjang. Mereka cuma gak mau aja dan ngerasa gak nguntungin mereka secara politis.",0,2 months ago,@zulkim7320,"sebelum program ini jalan, hal pertama yang bikin saya ragu pemerintah bakal lakuin adalah anggaran. saya tidak bisa bayangin mereka punya anggaran dan kemauan untuk program yang butuh uang sebanyak ini. di mana mereka saja belum mampu ngasih akses pendidikan, kesehatan, dan kesejahteraan yang merata dan baik jangka panjang. dulu, saya sempet mikir, mungkin pemerintah tidak bisa lakuin secara masif dan langsung dalam satu waktu karena akan butuh anggaran yang super besar meskipun pada akhirnya mereka juga tidak lakuin secara terencana dan jangka panjang . eh, ternyata salah. program yang bahkan sehari ngabisin 1 triliun lebih anggaran pendapatan belanja negara tetep bisa jalan dengan cara netapin mbg sbg program prioritas. jadi, selama ini, pemerintah bukan tidak ada uang untuk program program strategis jangka panjang. mereka cuma tidak mau aja dan ngerasa tidak nguntungin mereka secara politis.",908,136,negative,0.9619666337966919,program jalan pertama bikin ragu perintah bakal lakuin anggar bayangin punya anggar mau program butuh uang banyak ini mana mampu ngasih akses didik sehat sejahtera rata baik jangka panjang dulu sempet mikir mungkin perintah lakuin masif langsung satu waktu butuh anggar super besar meski akhir lakuin rencana jangka panjang  eh nyata salah program bahkan hari ngabisin 1 triliun lebih anggar dapat belanja negara tetep jalan cara netapin mbg sbg program prioritas jadi lama ini perintah bukan uang program program strategis jangka panjang cuma mau ngerasa nguntungin politis,sadness,0.4975096583366394
MBG byk manfaatnya utk rakyat Indonesia seluruhnya,1,2 months ago,@surahabubakar2544,mbg banyak manfaatnya untuk rakyat indonesia seluruhnya,55,7,positive,0.98247230052948,mbg banyak manfaat rakyat indonesia seluruh,happy,0.8816482424736023
"Mbg untuk para koroptor bro...... Kan sedikit dikit di catut, tapi kali berapa aja per hari. Enak itu rasanya melebihi mbg itu sendiri",0,2 months ago,@GunawanWan-bq9yh,"mbg untuk para koroptor bro...... kan sedikit dikit di catut, tapi kali berapa aja per hari. enak itu rasanya melebihi mbg itu sendiri",134,23,positive,0.9968087077140808,mbg koroptor bro sedikit dikit catut kali berapa per hari enak rasa lebih mbg sendiri,happy,0.6130837798118591
mbg program ladang korupsi baru ini akan menghancurkan ekonomi negara,0,2 months ago,@NandaFitri-q2s,mbg program ladang korupsi baru ini akan menghancurkan ekonomi negara,69,10,negative,0.99439936876297,mbg program ladang korupsi baru hancur ekonomi negara,anger,0.4326021075248718
Alah alah di kasi makan salah gak di kasi makan  ribut  brita brita gak guna,0,2 months ago,@lyrickita6339,alah alah di kasi makan salah tidak di kasi makan ribut brita brita tidak guna,78,15,negative,0.9980921149253845,alah alah kasi makan salah kasi makan ribut brita brita,anger,0.9230022430419922
"Adanya MBG banyak keluarga dan tetanggaku punya pekerjaan, lumayan dapat penghasilan walau kecil tapi bisa untuk makan, alhamdulillah",0,2 months ago,@inangmulyana2848,"adanya mbg banyak keluarga dan tetanggaku punya pekerjaan, lumayan dapat penghasilan walau kecil tapi bisa untuk makan, alhamdulillah",133,18,positive,0.9757195115089417,ada mbg banyak keluarga tetangga punya kerja lumayan hasil kecil makan alhamdulillah,happy,0.66281658411026
"Program nya bagus. Tp saya selaku pelaku usaha di kantin sekolah SMA negeri di daerah Jawa tengah sangat berdampak. Jualan kami sepi. Bahkan sekarang sudah tutup hampir 1 tahun ini. Saya beserta temen2 di kantin mau tdk mau. Harus mengeluarkan karyawan yg sudah ikut. Soalnya buat bayar karyawan tdk cukup. Bahkan untuk sewa tempat gk nutup. Bahkan minus. Walau sudah GK pakai karyawan. Akhirnya jualan saya di kantin tutup.
Dan saya juga ada jualan di luar sekolah pun sama aja. Karna tingkat konsumsi berkurang.
Sedangkan harga bahan baku 1 th ini GK pernah turu. Saya usaha di kantin udah 2 tahun ini.
Sedangkan saya usaha yg di luar kantin sudah lbih dari 5th.
Sebelumnya harga bahan baku naik cuma kalo mau lebaran dan tahun Baru.
Tapi mulai tahun kemarin hampir 1 tahun harga bahan baku cenderung naik terus. Gak turun2.
Saya usaha kentucky+nasi dan minuman. 
Bahkan di kantin sekolah SMA yg jualan nasi bumbu kebanyakan sudah gak memasak lagi . Karna ada MBG.
Dan sampai sekarang blom ada solusinya. Akhirnya saya untuk sementara semua usaha Kentucky saya udah aku tutup. Dan sekarang krja serabutan. 
Menurut pendapat saya . Bila ada program tolong kasih solusinya,
Program nya bagus. Tapi di sisi lain bnyak yg akhirnya usahanya off.
Yg katanya harus krja sama MBG. Fakta di lapangan hubungi kmana. Aku tanya2 juga katanya GK bisa. Kan tmbah bngung.
Ini hanya keluhan dan pendapat saya. Kalo tdk di sosmed mau keluh kesah kmana lg soalnya 
Bila ada salah ucap minta maaf yg sebesar2nya.",0,2 months ago,@muhamadmaskuri6455,"program nya bagus. tapi saya selaku pelaku usaha di kantin sekolah sma negeri di daerah jawa tengah sangat berdampak. jualan kami sepi. bahkan sekarang sudah tutup hampir 1 tahun ini. saya beserta temen2 di kantin mau tidak mau. harus mengeluarkan karyawan yang sudah ikut. soalnya untuk bayar karyawan tidak cukup. bahkan untuk sewa tempat tidak nutup. bahkan minus. walau sudah tidak pakai karyawan. akhirnya jualan saya di kantin tutup. dan saya juga ada jualan di luar sekolah pun sama aja. karna tingkat konsumsi berkurang. sedangkan harga bahan baku 1 th ini tidak pernah turu. saya usaha di kantin sudah 2 tahun ini. sedangkan saya usaha yang di luar kantin sudah lbih dari 5th. sebelumnya harga bahan baku naik cuma kalau mau lebaran dan tahun baru. tapi mulai tahun kemarin hampir 1 tahun harga bahan baku cenderung naik terus. tidak turun2. saya usaha kentucky nasi dan minuman. bahkan di kantin sekolah sma yang jualan nasi bumbu kebanyakan sudah tidak memasak lagi . karna ada mbg. dan sampai sekarang blom ada solusinya. akhirnya saya untuk sementara semua usaha kentucky saya sudah saya tutup. dan sekarang krja serabutan. menurut pendapat saya . bila ada program tolong kasih solusinya, program nya bagus. tapi di sisi lain bnyak yang akhirnya usahanya off. yang katanya harus krja sama mbg. fakta di lapangan hubungi kmana. saya tanya2 juga katanya tidak bisa. kan tmbah bngung. ini hanya keluhan dan pendapat saya. kalau tidak di sosmed mau keluh kesah kemana lagi soalnya bila ada salah ucap minta maaf yang sebesar2nya.",1538,251,negative,0.9982293248176575,program bagus selaku laku usaha kantin sekolah sma negeri daerah jawa tengah sangat dampak jual sepi bahkan sekarang tutup hampir 1 tahun ini serta temen2 kantin mau mau keluar karyawan ikut soal bayar karyawan cukup bahkan sewa tempat nutup bahkan minus pakai karyawan akhir jual kantin tutup jual luar sekolah sama aja karna tingkat konsumsi kurang harga bahan baku 1 th pernah turu usaha kantin 2 tahun ini usaha luar kantin lbih 5th belum harga bahan baku naik cuma mau lebaran tahun baru mulai tahun kemarin hampir 1 tahun harga bahan baku cenderung naik terus turun2 usaha kentucky nasi minum bahkan kantin sekolah sma jual nasi bumbu banyak masak  karna mbg sekarang blom solusi akhir semua usaha kentucky tutup sekarang krja serabutan dapat  bila program kasih solusi program bagus sisi bnyak akhir usaha off kata krja sama mbg fakta lapang hubung kmana tanya2 kata bisa tmbah bngung keluh dapat saya sosmed mau keluh kesah soal bila salah ucap minta maaf sebesar2nya,sadness,0.4967050850391388
Alhamdulillah masih kebagian makan mie instan tiap hari🙏🏻🙂‍↕️,0,2 months ago,@ZhiYangYao_Official,alhamdulillah masih kebagian makan mie instan tiap hari,55,8,positive,0.953743577003479,alhamdulillah bagi makan mie instan tiap hari,happy,0.8901739120483398
"Saya rasa pemerintah sdh sadar kalau masih terlalu dini kita melakukan MBG. Masih ada urgensi lain dan sistem pengawasab juga perlu dibenahi.
Pemerintah tidak perlu kehilangan muka alias gengsi untuk mengakui kesalahan dan berubah. Atau tidak perlu akui kesalahan deh, minimal langsung sesuaikan saja kebijakan, silahkan salahkan perang dll. Rakyat pada akhirnya hanya butuh kebijakan yg tepat ditengah himpitan ekonomi, dan pemerintah yg melepas ego untuk menjawab itu saya rasa akan jauh lebih dihargai.",0,2 months ago,@JovianMadridista,"saya rasa pemerintah sudah sadar kalau masih terlalu dini kita melakukan mbg. masih ada urgensi lain dan sistem pengawasab juga perlu dibenahi. pemerintah tidak perlu kehilangan muka alias gengsi untuk mengakui kesalahan dan berubah. atau tidak perlu akui kesalahan deh, minimal langsung sesuaikan saja kebijakan, silahkan salahkan perang dll. rakyat pada akhirnya hanya butuh kebijakan yang tepat ditengah himpitan ekonomi, dan pemerintah yang melepas ego untuk menjawab itu saya rasa akan jauh lebih dihargai.",511,74,positive,0.8444644808769226,rasa perintah sadar terlalu dini laku mbg urgensi sistem pengawasab perlu benah perintah perlu hilang muka alias gengsi aku salah ubah perlu aku salah deh minimal langsung sesuai bijak silah salah perang dll rakyat akhir butuh bijak tepat tengah himpitan ekonomi perintah lepas ego jawab rasa jauh lebih harga,anger,0.6473573446273804
Ngotot program mbg untuk keuntungan para pejabat dalam mendukung pemilu 2029,0,2 months ago,@Opo69Scp,ngotot program mbg untuk keuntungan para pejabat dalam mendukung pemilu 2029,76,11,negative,0.7521610856056213,ngotot program mbg untung jabat dukung milu 2029,anger,0.576583981513977
Hetikan MBG yg jelas jelas banyak merugikan Rakyat dan kabarnya banyak terjsdi Korupsi,0,2 months ago,@PakSantoso-u5i,hetikan mbg yang jelas jelas banyak merugikan rakyat dan kabarnya banyak terjsdi korupsi,88,13,negative,0.9975605010986328,hetikan mbg jelas jelas banyak rugi rakyat kabar banyak terjsdi korupsi,anger,0.5451886057853699
"Dananya dari pajak masyarakat dan mereka bilang ini program makan GRATIS, Lawak bener😂😂😂😂😂😂😂😂😂😂",0,2 months ago,@under0919,"dananya dari pajak masyarakat dan mereka bilang ini program makan gratis, lawak bener",85,13,negative,0.9376770257949829,dana pajak masyarakat bilang program makan gratis lawak bener,anger,0.39019495248794556
Ya karena uang dari Rajyat untuk Rakyat ...ga bocoe keluar ( belanja dan gaji pegawai dan dimakan berputar dalam Negeri ) ga ke luar negeri...,0,2 months ago,@budidjumono8143,ya karena uang dari rajyat untuk rakyat ...ga bocoe keluar belanja dan gaji pegawai dan dimakan berputar dalam negeri tidak ke luar negeri...,141,23,negative,0.9500218033790588,uang rajyat rakyat ga bocoe keluar belanja gaji pegawai makan putar negeri luar negeri,anger,0.9420793652534485
"Untuk pembuat program dan antek2nya, lumbung",0,2 months ago,@JanuarNahampun-f3s,"untuk pembuat program dan antek2nya, lumbung",44,6,neutral,0.9271553754806519,buat program antek2nya lumbung,happy,0.7586570382118225
"Kabarnya Program MBG banyak banget kelemahan2nya dan kabarnya dimonopoli satu Partai Politik dan Banyak terjadi Korupsi,Mengerikan dan benar2 bisa Merusak Perekonomian Negara yg bisa sangat merugikan rakyat dan Perekonomian bangsa dan Negara",0,2 months ago,@PakSantoso-u5i,"kabarnya program mbg banyak banget kelemahan2nya dan kabarnya dimonopoli satu partai politik dan banyak terjadi korupsi,mengerikan dan benar2 bisa merusak perekonomian negara yang bisa sangat merugikan rakyat dan perekonomian bangsa dan negara",243,32,negative,0.9944090247154236,kabar program mbg banyak banget kelemahan2nya kabar monopoli satu partai politik banyak jadi korupsi keri benar2 rusak ekonomi negara sangat rugi rakyat ekonomi bangsa negara,fear,0.4656165838241577
pak mbg mendi dibagikan ke yg bermanfaat dari pada mbg tidak sesuai dengan yg bergizi,0,2 months ago,@SitiNurunisa,bapak mbg mendi dibagikan ke yang bermanfaat dari pada mbg tidak sesuai dengan yang bergizi,91,15,positive,0.4476819932460785,bapak mbg mendi bagi manfaat mbg sesuai gizi,happy,0.8362578749656677
"Ini presiden kepala batu dah buta dan tuli, klo ngomong ny koar2 mukul meja tp hasil ny O besar, saya nyesa2 banget telah memilih anda pak",0,2 months ago,@ArinNda-m3l,"ini presiden kepala batu dah buta dan tuli, kalau ngomong ny koar2 mukul meja tapi hasil ny o besar, saya nyesa2 banget telah memilih anda bapak",144,26,negative,0.9902222156524658,presiden kepala batu dah buta tuli ngomong ny koar2 mukul meja hasil ny o besar nyesa2 banget pilih bapak,anger,0.9084587097167969
"tenang aja min, targetnya cuma 2029, abis pemilu bakalan dilupain tu MBG, pasti diganti program lain yang menggemukkan rekening pribadi, mirip2 IKN sama whoosh pas rezim sebelumnya🤣🤣🤣🤣",0,2 months ago,@azuragazni8170,"tenang aja min, targetnya cuma 2029, abis pemilu bakalan dilupain itu mbg, pasti diganti program lain yang menggemukkan rekening pribadi, mirip2 ikn sama whoosh pas rezim sebelumnya",181,27,negative,0.9897782206535339,tenang min target cuma 2029 abis milu bakal dilupain mbg ganti program gemuk rekening pribadi mirip2 ikn sama whoosh pas rezim belum,anger,0.5315113663673401
"Knp para intelektual di indonesia ga ngotot juga buat hentiin program ini., ini program sungguh"" tidak baik untuk byk sektor ...!!!",0,2 months ago,@DianYulastri,"knp para intelektual di indonesia tidak ngotot juga untuk hentiin program ini., ini program sungguh tidak baik untuk banyak sektor ...",134,21,negative,0.9989997744560242,knp intelektual indonesia ngotot hentiin program ini program sungguh baik banyak sektor ,anger,0.9007976651191711
Prabowo cukup 1 Periode. Ok. Sepakat. Kalau aku GOLPUT di Pilpres 2029 nanti.😊,0,2 months ago,@rafaelmanalu5926,prabowo cukup 1 periode. ok. sepakat. kalau saya golput di pilpres 2029 nanti.,78,13,negative,0.9672702550888062,prabowo cukup 1 periode ok sepakat golput pilpres 2029 nanti,anger,0.4992528557777405
"1 Susu prenagen buat ibu hamil,
Kurma 3 biji,
Buah klengkeng 3 biji,
Roti coklat 1 biji.

Itulah makanan bergizi yang di berikan kemaren2",0,2 months ago,@pujiyanto7137,"1 susu prenagen untuk ibu hamil, kurma 3 biji, buah klengkeng 3 biji, roti coklat 1 biji. itulah makanan bergizi yang di berikan kemaren2",137,24,positive,0.708544135093689,1 susu prenagen ibu hamil kurma 3 biji buah klengkeng 3 biji roti coklat 1 biji makan gizi ikan kemaren2,happy,0.7702099680900574
Dgn kantin sekolah lbh mantap jd lbh dipertanggung jawabkan..,0,2 months ago,@YayatAhdiyat-h9p2b,dengan kantin sekolah lebih mantap jadi lebih dipertanggung jawabkan..,70,9,positive,0.9951985478401184,kantin sekolah lebih mantap lebih tanggung jawab,happy,0.8242357969284058
"Presiden paling koplak sepanjang sejarah.....
Bukannya memberantas korupsi malah membuka lahan korupsi.....
Masalah utama di negara ini cuma satu,  yaitu KORUPSI",0,2 months ago,@koreswijaya3390,"presiden paling koplak sepanjang sejarah..... bukannya memberantas korupsi malah membuka lahan korupsi..... masalah utama di negara ini cuma satu, yaitu korupsi",160,21,negative,0.9620249271392822,presiden paling koplak panjang sejarah bukan berantas korupsi malah buka lahan korupsi masalah utama negara cuma satu korupsi,anger,0.6519485712051392
"Bermanfaat untuk orang"""" tertentu....terutama para pejabat",1,2 months ago,@phorongtea,bermanfaat untuk orang tertentu....terutama para pejabat,56,6,negative,0.7117481827735901,manfaat orang tentu utama jabat,sadness,0.4336402714252472
"Saya yakin sebagian besar rakyat NKRI tidak setuju dg MBG,..maka bubarkan saja MBG",1,2 months ago,@ausan2633,"saya yakin sebagian besar rakyat nkri tidak setuju dengan mbg,..maka bubarkan saja mbg",86,13,negative,0.9863383173942566,yakin bagi besar rakyat nkri tuju mbg maka bubar mbg,anger,0.4880695343017578
"ka luna
boleh bantu sampaikan kah ke pihak yang di atas sana untuk jangan lupa dukung sektor Expor komoditi juga
krn dengan nya kita bisa expor lebih banyak dan luas
dampaknya di masyarakatnya pasti akan lebih luas juga
di samping MBG tetap berjalan, sektor Expor pun jgn di lupakan karena itu pejuang divisa negara kita
mungkin dari narasi video ini 1 sisi mgb menggerakkan sbagian masyarakat, lalu bagaimana jika 1 sisi expor yang di support pemerintah, itu juga pasti akan menggerakkan sebagian masyarakat yang lain yang tdk berdampak lansgung dgn porgam mbg, agar sektor pertanian dan perternakan yang jadi dasar sumber utama bahan baku juga bisa di tinggkatkan, harapan nya dengan bgitu sektor swasta yang terlibat juga semakin luas dan banyak, masyarakat tergerakkan dgn program itu semua
tinggal skali lg pengawasannya yang memang hanya Tuhan yang mampu menjalankan semua dengan sempurna, sebagus dan sebaik niat program apapun itu akan slalu saja ada oknum2 yang ""menunggangi"" nya yg mmbuat stiap program slalu saja ada kurang dan salahnya
bgitu lah hukum dunianya, itulah bukti surga n neraka itu ada
tinggal skrg bagaimana kita tetap bersama konsisten dalam kebaikan, doakan smoga yang buruk segera sadar dan yang sdh di jln yang benar pun di istiqomahkan sampai dengan tuhan berkata Waktunya Pulang

karana semua ini hanyalah wasilah kita menggunakan jatah usia kita di dunia ini untuk di gunakan di jalan yang mana
krn hanya dengan sadar iman dan takut akan tuhan, semua program akan berdampak baik krn slalu mengutamkan kebaikan untuk sesama karena merasa di awasi oleh tuhan dan semua itu akan di hisab

tamatlah sudah, alkisah kami 🙃",0,2 months ago,@rianwbi,"ka luna boleh bantu sampaikan kah ke pihak yang di atas sana untuk jangan lupa dukung sektor expor komoditi juga karena dengan nya kita bisa expor lebih banyak dan luas dampaknya di masyarakatnya pasti akan lebih luas juga di samping mbg tetap berjalan, sektor expor pun jgn di lupakan karena itu pejuang divisa negara kita mungkin dari narasi video ini 1 sisi mgb menggerakkan sbagian masyarakat, lalu bagaimana jika 1 sisi expor yang di support pemerintah, itu juga pasti akan menggerakkan sebagian masyarakat yang lain yang tidak berdampak lansgung dengan porgam mbg, agar sektor pertanian dan perternakan yang jadi dasar sumber utama bahan baku juga bisa di tinggkatkan, harapan nya dengan bgitu sektor swasta yang terlibat juga semakin luas dan banyak, masyarakat tergerakkan dengan program itu semua tinggal skali lagi pengawasannya yang memang hanya tuhan yang mampu menjalankan semua dengan sempurna, sebagus dan sebaik niat program apapun itu akan slalu saja ada oknum2 yang menunggangi nya yang mmbuat stiap program slalu saja ada kurang dan salahnya bgitu lah hukum dunianya, itulah bukti surga n neraka itu ada tinggal sekarang bagaimana kita tetap bersama konsisten dalam kebaikan, doakan smoga yang buruk segera sadar dan yang sudah di jln yang benar pun di istiqomahkan sampai dengan tuhan berkata waktunya pulang karana semua ini hanyalah wasilah kita menggunakan jatah usia kita di dunia ini untuk di gunakan di jalan yang mana karena hanya dengan sadar iman dan takut akan tuhan, semua program akan berdampak baik karena slalu mengutamkan kebaikan untuk sesama karena merasa di awasi oleh tuhan dan semua itu akan di hisab tamatlah sudah, alkisah kami",1669,264,positive,0.7569168210029602,ka luna bantu sampai pihak atas sana jangan lupa dukung sektor expor komoditi expor lebih banyak luas dampak masyarakat lebih luas samping mbg tetap jalan sektor expor jgn lupa juang visa negara mungkin narasi video 1 sisi mgb gerak sbagian masyarakat lalu bagaimana 1 sisi expor support perintah gerak bagi masyarakat dampak lansgung porgam mbg sektor tani terna dasar sumber utama bahan baku tinggkatkan harap bgitu sektor swasta libat makin luas banyak masyarakat gerak program semua tinggal skali awas memang tuhan mampu jalan semua sempurna bagus baik niat program apa slalu oknum2 tunggang mmbuat stiap program slalu kurang salah bgitu hukum dunia bukti surga n neraka tinggal sekarang bagaimana tetap sama konsisten baik doa smoga buruk segera sadar jln benar istiqomahkan tuhan kata waktu pulang karana semua hanya wasilah guna jatah usia dunia guna jalan mana sadar iman takut tuhan semua program dampak baik slalu mengutamkan baik sama rasa awas tuhan semua hisab tamat sudah alkisah,sadness,0.5094289779663086
"Alasan Kuat Mengapa Puskesmas dan Posyandu layak sebagai Pengawas Lapangan (Field Supervisor) di Dapur-dapur SPPG-MBG

Lembaga baru berarti struktur kemitraan yang baru, dan struktur kemitraan yang baru berarti peluang baru untuk praktik pencarian rente di dalam jaringan patronase yang menopang kekuasaan.

Puskesmas dan Posyandu merupakan infrastruktur negara yang sudah ada, sudah teruji, terbukti, tersebar hingga ke pelosok, dengan kapasitas surveilans, inspeksi sanitasi, dan respons KLB terbaik dari era Soeharto hingga Jokowi; tidak ada ruang bagi praktik pencarian rente baru di sana.",0,2 months ago,@rafaelmanalu5926,"alasan kuat mengapa puskesmas dan posyandu layak sebagai pengawas lapangan field supervisor di dapur dapur satuan pelayanan pemenuhan gizi mbg lembaga baru berarti struktur kemitraan yang baru, dan struktur kemitraan yang baru berarti peluang baru untuk praktik pencarian rente di dalam jaringan patronase yang menopang kekuasaan. puskesmas dan posyandu merupakan infrastruktur negara yang sudah ada, sudah teruji, terbukti, tersebar hingga ke pelosok, dengan kapasitas surveilans, inspeksi sanitasi, dan respons klb terbaik dari era soeharto hingga jokowi tidak ada ruang bagi praktik pencarian rente baru di sana.",615,86,positive,0.9568913578987122,alas kuat puskesmas posyandu layak awas lapang field supervisor dapur dapur satu layan penuh gizi mbg lembaga baru arti struktur mitra baru struktur mitra baru arti peluang baru praktik cari rente jaring patronase topang kuasa puskesmas posyandu rupa infrastruktur negara ada uji bukti sebar hingga pelosok kapasitas surveilans inspeksi sanitasi respons klb baik era soeharto hingga jokowi ruang praktik cari rente baru sana,sadness,0.4210813343524933
MBG untuk pengusaha SPPG  yg memperoleh keuntungan banyak....,1,2 months ago,@SlametKuwadi,mbg untuk pengusaha satuan pelayanan pemenuhan gizi yang memperoleh keuntungan banyak....,89,11,neutral,0.8919236660003662,mbg usaha satu layan penuh gizi oleh untung banyak,happy,0.4057468771934509
"Mengapa BGN didirikan sebagai lembaga baru yang terpisah dari Kementerian Kesehatan, dan bukannya memperkuat kapasitas Kementerian Kesehatan dan jaringan puskesmas yang sudah ada?",0,2 months ago,@rafaelmanalu5926,"mengapa badan gizi nasional didirikan sebagai lembaga baru yang terpisah dari kementerian kesehatan, dan bukannya memperkuat kapasitas kementerian kesehatan dan jaringan puskesmas yang sudah ada",194,25,negative,0.9359340071678162,badan gizi nasional diri lembaga baru pisah menteri sehat bukan kuat kapasitas menteri sehat jaring puskesmas,sadness,0.5652438998222351
"Sebenarnya ini program bagus. Hanya tata kelolanya yang bermasalah. Salah di kebijakan awal semuanya. Buktinya: Kemenkes, dinas kesehatan daerah terutama Puskesmas tidak dilibatkan secara optimal dalam perencanaan, pelaksanaan, dan pemantauan/pengawasan diawal kebijakan MBG ini (Surendra et al.,2026). Dan tidak ada dilakukannya pengawasan rutin, melekat, serta menyeluruh di Dapur-dapur SPPG-MBG/unit produksi karena tidak ada pengawas lapangannya. Belum lagi efisiensi dan potensi markup bahan baku pangan MBG diatas harga HET (seperti yang diakui BGN sendiri di banyak SPPG lain). Ditambah Sertifikat Laik Higiene Sanitasi (SLHS) yang seharusnya menjadi jaminan utama keamanan pangan di dapur Satuan Pelayanan Pemenuhan Gizi (SPPG) Program Makan Bergizi Gratis (MBG), dalam praktiknya kerap hanya bersifat formalitas administratif.

Banyak dapur MBG berhasil memperoleh SLHS meskipun infrastruktur dasar seperti Instalasi Pengolahan Air Limbah (IPAL) tidak ada atau tidak berfungsi. Dua kasus mencolok menjadi bukti, yaitu: 1) Kasus Hendrik Irawan di Batujajar, Bandung Barat (Maret 2026); dan 2) Skandal SLHS Purwakarta (Desember 2025). 

Menurut Pengamat kebijakan publik dari Lembaga Kajian Kebijakan Publik Purwakarta, Rizky Widya Tama ( 2 Desember 2025):

Jika benar ada dapur tanpa IPAL tapi dapat SLHS, ini jelas sebuah kejahatan. Jangan sampai program mulia ini ternodai oleh praktik koruptif dan kelalaian yang membahayakan nyawa anak-anak kita.


Pertanyaannya:

Apakah Perlu MBG di tutup?

Jawabannya tidak, mengapa?

Karena MBG dirancang tidak hanya sebagai upaya mengatasi persoalan gizi kronis seperti kekurangan gizi, stunting, atau anemia, tetapi juga sebagai langkah strategis untuk memperbaiki pola makan anak yang semakin dipengaruhi oleh jajanan tinggi gula, garam, dan lemak. Dan program ini hanya perlu perbaikan tata kelolanya melalui penguatan pengawasan melekat dengan menjadikan Puskesmas dan Posyandu sebagai field supervisor di Dapur-dapur SPPG-MBG disertai dengan verifikasi lapangan rutin dan substansial (bukan hanya dokumen) oleh Puskesmas secara ketat agar sertifikasi MBG (misalnya, SLHS) tidak menjadi syarat formalitas administratif untuk operasional semata.

Inilah yang disebut sebagai pengawasan berbasis komunitas dan sosial kontrol. Belajarlah Indonesia dari Brazil, India, dan Thailand tentang sistem pengawasan School Meals/Feeding",0,2 months ago,@rafaelmanalu5926,"sebenarnya ini program bagus. hanya tata kelolanya yang bermasalah. salah di kebijakan awal semuanya. buktinya kemenkes, dinas kesehatan daerah terutama puskesmas tidak dilibatkan secara optimal dalam perencanaan, pelaksanaan, dan pemantauan pengawasan diawal kebijakan mbg ini surendra et al.,2026 . dan tidak ada dilakukannya pengawasan rutin, melekat, serta menyeluruh di dapur dapur satuan pelayanan pemenuhan gizi mbg unit produksi karena tidak ada pengawas lapangannya. belum lagi efisiensi dan potensi markup bahan baku pangan mbg diatas harga het seperti yang diakui badan gizi nasional sendiri di banyak satuan pelayanan pemenuhan gizi lain . ditambah sertifikat laik higiene sanitasi slhs yang seharusnya menjadi jaminan utama keamanan pangan di dapur satuan pelayanan pemenuhan gizi satuan pelayanan pemenuhan gizi program makan bergizi gratis mbg , dalam praktiknya kerap hanya bersifat formalitas administratif. banyak dapur mbg berhasil memperoleh slhs meskipun infrastruktur dasar seperti instalasi pengolahan air limbah ipal tidak ada atau tidak berfungsi. dua kasus mencolok menjadi bukti, yaitu 1 kasus hendrik irawan di batujajar, bandung barat maret 2026 dan 2 skandal slhs purwakarta desember 2025 . menurut pengamat kebijakan publik dari lembaga kajian kebijakan publik purwakarta, rizky widya tama 2 desember 2025 jika benar ada dapur tanpa ipal tapi dapat slhs, ini jelas sebuah kejahatan. jangan sampai program mulia ini ternodai oleh praktik koruptif dan kelalaian yang membahayakan nyawa anak anak kita. pertanyaannya apakah perlu mbg di tutup jawabannya tidak, mengapa karena mbg dirancang tidak hanya sebagai upaya mengatasi persoalan gizi kronis seperti kekurangan gizi, stunting, atau anemia, tetapi juga sebagai langkah strategis untuk memperbaiki pola makan anak yang semakin dipengaruhi oleh jajanan tinggi gula, garam, dan lemak. dan program ini hanya perlu perbaikan tata kelolanya melalui penguatan pengawasan melekat dengan menjadikan puskesmas dan posyandu sebagai field supervisor di dapur dapur satuan pelayanan pemenuhan gizi mbg disertai dengan verifikasi lapangan rutin dan substansial bukan hanya dokumen oleh puskesmas secara ketat agar sertifikasi mbg misalnya, slhs tidak menjadi syarat formalitas administratif untuk operasional semata. inilah yang disebut sebagai pengawasan berbasis komunitas dan sosial kontrol. belajarlah indonesia dari brazil, india, dan thailand tentang sistem pengawasan school meals feeding",2464,341,negative,0.9930851459503174,benar program bagus tata kelola masalah salah bijak awal semua bukti kemenkes dinas sehat daerah utama puskesmas libat optimal rencana laksana pantau awas awal bijak mbg surendra et al 2026  laku awas rutin lekat seluruh dapur dapur satu layan penuh gizi mbg unit produksi awas lapang efisiensi potensi markup bahan baku pangan mbg atas harga het aku badan gizi nasional sendiri banyak satu layan penuh gizi  tambah sertifikat laik higiene sanitasi slhs jadi jamin utama aman pangan dapur satu layan penuh gizi satu layan penuh gizi program makan gizi gratis mbg  praktik kerap sifat formalitas administratif banyak dapur mbg hasil oleh slhs meski infrastruktur dasar instalasi olah air limbah ipal fungsi kasus colok jadi bukti 1 kasus hendrik irawan batujajar bandung barat maret 2026 2 skandal slhs purwakarta desember 2025  amat bijak publik lembaga kaji bijak publik purwakarta rizky widya tama 2 desember 2025 benar dapur ipal slhs jelas buah jahat jangan program mulia noda praktik koruptif lalai bahaya nyawa anak anak kita tanya perlu mbg tutup jawab tidak mbg rancang upaya atas soal gizi kronis kurang gizi stunting anemia langkah strategis baik pola makan anak makin pengaruh jajan tinggi gula garam lemak program perlu baik tata kelola lalu kuat awas lekat jadi puskesmas posyandu field supervisor dapur dapur satu layan penuh gizi mbg serta verifikasi lapang rutin substansial bukan dokumen puskesmas ketat sertifikasi mbg misal slhs jadi syarat formalitas administratif operasional semata ini sebut awas bas komunitas sosial kontrol bajar indonesia brazil india thailand sistem awas school meals feeding,sadness,0.6529666185379028
"Yg bikin anggaran dan ekonomi makin nyungsep:
1. Masuk BOP dan keluar duit untuk masuk BOP
2. Ga ngucapin bela sungkawa bikin Iran kesel dan dampaknya Iran mempersulit kapal tangki minyak Indonesia
3. Melihat langka dan mahalnya BBM, membuat membeli dari ""negara tujuan impor lain"" dapat dipastikan lebih mahal
3. MBG yg tidak tepat sasaran dan jadi lahan korupsi berjamaah, memakan korban, dan pelaksanaannya banyak yg amburadul tapi tetep dilanjutin. 
4. Koperasi Desa Merah Putih yg notabene sudah pernah ada BUMDes (tidak jalan di banyak daerah) tetep digalakkan. Agrinas pun banyak buat keputusan ga masuk akal dan terdapat indikasi korupsi.

Kan dari dulu sudah ada anggaran untuk makan bayi dalam rangka menghindari stunting yg mungkin lebih tepat sasaran karena yg bagiin posyandu. Nah itu, tinggal diperluas saja penerimanya untuk anak2 sampai usia 15/18 tahun dari golongan kurang mampu dan ditingkatkan kualitasnya. Jangan dikasih ke semuanya coy. BPS diatur agar data survei terlihat cakep dengan hanya menunjukkan orang miskin Indonesia 8,5% dari total populasi. Ya berarti kasih aja MBG ke 8,5% itu. Malah dikasih ke 91,5% nya juga yg menurut BPS ga miskin. ""Coba pikirkan secara logika! Ha ha. Ayo pikirkan secara logika!"". Bikin data atur2 sendiri, dibantah sendiri pula yg penting bisa bagi2 kue.

Kemudian sekarang pekerja disuruh WFH yg bikin kurang produktif dan anak2 juga disuruh belajar online yg juga lebih ga efektif. Kondisi ekonomi susah, disuruh beli kuota. Emang berapa sih hematnya dari keputusan kayak gini? Jelasin dong pakai prognosa dengan data yg dapat dipertanggungjawabkan. Biar bisa bandingkan dengan dana yg digelontorkan untuk MBG dan KDMP. Biar rakyat melihat dan tahu. Please jadikan akuntabel dan transparansi pemerintah itu sesuatu yg nyata, bukan hanya sekedar jargon.

Dengan kondisi ekonomi yg sulit ini, banyak pengusaha struggle dan akhirnya PHK banyak orang, lapangan kerja pun makin dikit, masyarakat ga punya banyak duit buat spending, belanja kurang bikin pasar lesu dan akibatnya pengusaha banyak gulung tikar. Pemasukan negara dari dari pajak pun makin sulit digali. Boro2 bayar pajak, bertahan aja susah. Hal ini bikin snowball effect.

Kalau kalian mau rakyat Indonesia rela bayar pajak, tunjukkan dulu integritas dan berikan manfaat yg lebih nyata buat rakyat.

Emang repot negeri kita ini. Pejabat yg pinter tapi terkekang oleh para pemimpin yg bodoh atau orang2 korup. Orang2 bodoh atau orang2 korup itulah yg emang ""ditaruh"" agar Indonesia dapat dimanfaatkan oleh negara2 atau oligarki dunia yg punya kepentingan di Indonesia.

Saya hanya orang yg menangis melihat bangsa saya dijajah dan kesusahan cari makan di negeri sendiri. Meratapi nasib bangsa ini dan nasib anak cucu kita kelak jika negara kita tetap saja seperti ini. Dipimpin oleh orang2 bodoh atau korup dan dikendalikan oleh para orang2 busuk yg keserakahannya tak berujung.

Kita tidak hidup selamanya di dunia ini. Jadi tinggalkan legacy yg baik. Ini juga sebagai pengingat saya pribadi.

NB: Bagi para buzzer yg sama busuknya dengan pejabat korup. Semoga kalian segera sadar dan dapat pekerjaan dari jalan yg benar dan halal.",0,2 months ago,@Alangkahlucunya1993,"yang bikin anggaran dan ekonomi makin nyungsep 1. masuk bop dan keluar duit untuk masuk bop 2. tidak ngucapin bela sungkawa bikin iran kesel dan dampaknya iran mempersulit kapal tangki minyak indonesia 3. melihat langka dan mahalnya bbm, membuat membeli dari negara tujuan impor lain dapat dipastikan lebih mahal 3. mbg yang tidak tepat sasaran dan jadi lahan korupsi berjamaah, memakan korban, dan pelaksanaannya banyak yang amburadul tapi tetep dilanjutin. 4. koperasi desa merah putih yang notabene sudah pernah ada bumdes tidak jalan di banyak daerah tetep digalakkan. agrinas pun banyak untuk keputusan tidak masuk akal dan terdapat indikasi korupsi. kan dari dulu sudah ada anggaran untuk makan bayi dalam rangka menghindari stunting yang mungkin lebih tepat sasaran karena yang bagiin posyandu. nah itu, tinggal diperluas saja penerimanya untuk anak2 sampai usia 15 18 tahun dari golongan kurang mampu dan ditingkatkan kualitasnya. jangan dikasih ke semuanya coy. bps diatur agar data survei terlihat cakep dengan hanya menunjukkan orang miskin indonesia 8,5% dari total populasi. ya berarti kasih aja mbg ke 8,5% itu. malah dikasih ke 91,5% nya juga yang menurut bps tidak miskin. coba pikirkan secara logika ha ha. ayo pikirkan secara logika . bikin data atur2 sendiri, dibantah sendiri pula yang penting bisa bagi2 kue. kemudian sekarang pekerja disuruh wfh yang bikin kurang produktif dan anak2 juga disuruh belajar online yang juga lebih tidak efektif. kondisi ekonomi susah, disuruh beli kuota. memang berapa sih hematnya dari keputusan kayak gini jelasin dong pakai prognosa dengan data yang dapat dipertanggungjawabkan. biar bisa bandingkan dengan dana yang digelontorkan untuk mbg dan kdmp. biar rakyat melihat dan tahu. please jadikan akuntabel dan transparansi pemerintah itu sesuatu yang nyata, bukan hanya sekedar jargon. dengan kondisi ekonomi yang sulit ini, banyak pengusaha struggle dan akhirnya phk banyak orang, lapangan kerja pun makin dikit, masyarakat tidak punya banyak duit untuk spending, belanja kurang bikin pasar lesu dan akibatnya pengusaha banyak gulung tikar. pemasukan negara dari dari pajak pun makin sulit digali. boro2 bayar pajak, bertahan aja susah. hal ini bikin snowball effect. kalau kalian mau rakyat indonesia rela bayar pajak, tunjukkan dulu integritas dan berikan manfaat yang lebih nyata untuk rakyat. memang repot negeri kita ini. pejabat yang pinter tapi terkekang oleh para pemimpin yang bodoh atau orang2 korup. orang2 bodoh atau orang2 korup itulah yang memang ditaruh agar indonesia dapat dimanfaatkan oleh negara2 atau oligarki dunia yang punya kepentingan di indonesia. saya hanya orang yang menangis melihat bangsa saya dijajah dan kesusahan cari makan di negeri sendiri. meratapi nasib bangsa ini dan nasib anak cucu kita kelak jika negara kita tetap saja seperti ini. dipimpin oleh orang2 bodoh atau korup dan dikendalikan oleh para orang2 busuk yang keserakahannya tidak berujung. kita tidak hidup selamanya di dunia ini. jadi tinggalkan legacy yang baik. ini juga sebagai pengingat saya pribadi. nb bagi para buzzer yang sama busuknya dengan pejabat korup. semoga kalian segera sadar dan dapat pekerjaan dari jalan yang benar dan halal.",3201,486,negative,0.999356210231781,bikin anggar ekonomi makin nyungsep 1 masuk bop keluar duit masuk bop 2 ngucapin bela sungkawa bikin iran kesel dampak iran sulit kapal tangki minyak indonesia 3 lihat langka mahal bbm buat beli negara tuju impor pasti lebih mahal 3 mbg tepat sasar lahan korupsi jamaah makan korban laksana banyak amburadul tetep dilanjutin 4 koperasi desa merah putih notabene pernah bumdes jalan banyak daerah tetep galak agrinas banyak putus masuk akal dapat indikasi korupsi dulu anggar makan bayi rangka hindar stunting mungkin lebih tepat sasar bagiin posyandu nah itu tinggal luas terima anak2 usia 15 18 tahun golong kurang mampu tingkat kualitas jangan kasih semua coy bps atur data survei lihat cakep tunjuk orang miskin indonesia 8 5 total populasi arti kasih mbg 8 5 itu malah kasih 91 5 bps miskin coba pikir logika ha ha ayo pikir logika  bikin data atur2 sendiri ban sendiri penting bagi2 kue kemudian sekarang kerja suruh wfh bikin kurang produktif anak2 suruh ajar online lebih efektif kondisi ekonomi susah suruh beli kuota memang berapa hemat putus kayak gin jelasin pakai prognosa data dipertanggungjawabkan biar banding dana gelontor mbg kdmp biar rakyat lihat tahu please jadi akuntabel transparansi perintah nyata bukan dar jargon kondisi ekonomi sulit ini banyak usaha struggle akhir phk banyak orang lapang kerja makin dikit masyarakat punya banyak duit spending belanja kurang bikin pasar lesu akibat usaha banyak gulung tikar pasu negara pajak makin sulit gali boro2 bayar pajak tahan susah bikin snowball effect kalian mau rakyat indonesia rela bayar pajak tunjuk dulu integritas ikan manfaat lebih nyata rakyat memang repot negeri ini jabat pinter kekang pimpin bodoh orang2 korup orang2 bodoh orang2 korup memang taruh indonesia manfaat negara2 oligarki dunia punya penting indonesia orang menang lihat bangsa jajah susah cari makan negeri sendiri ratap nasib bangsa nasib anak cucu kelak negara tetap ini pimpin orang2 bodoh korup kendali orang2 busuk serakah ujung hidup lama dunia ini tinggal legacy baik ingat pribadi nb buzzer sama busuk jabat korup moga kalian segera sadar kerja jalan benar halal,anger,0.9719844460487366
udah hentikan mbg karena manfaatnya TDK ada,0,2 months ago,@WagiminWagimin-f3v,sudah hentikan mbg karena manfaatnya tidak ada,46,7,negative,0.9929901361465454,henti mbg manfaat,anger,0.5981339812278748
"Apapun ceritanya, Puskesmas dan Posyandu dari era Soeharto hingga Jokowi, sudah terbiasa dan teruji dalam melaksanakan program Gizi Nasional dan melakukan pencegahan keracunan makanan massal. 


Lihatlah Program PMT Puskesmas dan Posyandu (Program Presiden Soeharto), justru program PMT Puskesmas dan Posyandu ini lebih berkualitas dibandingkan dengan program MBG Prabowo.",0,2 months ago,@EvanoTan-t3c,"apapun ceritanya, puskesmas dan posyandu dari era soeharto hingga jokowi, sudah terbiasa dan teruji dalam melaksanakan program gizi nasional dan melakukan pencegahan keracunan makanan massal. lihatlah program pmt puskesmas dan posyandu program presiden soeharto , justru program pmt puskesmas dan posyandu ini lebih berkualitas dibandingkan dengan program mbg prabowo.",368,49,positive,0.9894394278526306,apa cerita puskesmas posyandu era soeharto hingga jokowi biasa uji laksana program gizi nasional laku cegah racun makan massal lihat program pmt puskesmas posyandu program presiden soeharto  justru program pmt puskesmas posyandu lebih kualitas banding program mbg prabowo,happy,0.7954282760620117
"SLHS, IPAL, dan Dapur SPPG-MBG Hendrik Irawan (Oknum Joget 6 Juta)

Kok bisa ya, sertifikat SLHS untuk SPPG-MBG Hendrik Irawan terbit, padahal dapurnya belum menyediakan Instalasi Pengolahan Air Limbah (IPAL)?",0,2 months ago,@EvanoTan-t3c,"slhs, ipal, dan dapur satuan pelayanan pemenuhan gizi mbg hendrik irawan oknum joget 6 juta kok bisa ya, sertifikat slhs untuk satuan pelayanan pemenuhan gizi mbg hendrik irawan terbit, padahal dapurnya belum menyediakan instalasi pengolahan air limbah ipal",257,38,negative,0.9382813572883606,slhs ipal dapur satu layan penuh gizi mbg hendrik irawan oknum joget 6 juta kok ya sertifikat slhs satu layan penuh gizi mbg hendrik irawan terbit padahal dapur sedia instalasi olah air limbah ipal,anger,0.8055760860443115
"MBG sangat bermanfaat ,tapi pengawasanya harus diperketat di setiap dapur ke dapur !!! MBG selain memberi gizi untuk anak tapi memberi lapangan pekerjaan dan juga membantu para petani dan peternak !!! Semoga mbg bisa merubah pola makan rakyat indonesia yang tidak sehat",0,2 months ago,@ryantoutsiders6849,"mbg sangat bermanfaat ,tapi pengawasanya harus diperketat di setiap dapur ke dapur mbg selain memberi gizi untuk anak tapi memberi lapangan pekerjaan dan juga membantu para petani dan peternak semoga mbg bisa merubah pola makan rakyat indonesia yang tidak sehat",261,40,positive,0.9840633869171143,mbg sangat manfaat tapi pengawasanya ketat dapur dapur mbg beri gizi anak beri lapang kerja bantu tani ternak moga mbg rubah pola makan rakyat indonesia sehat,happy,0.8867620229721069
"Oh Noel...

Jika sertifikasi K3 senilai Rp275.000 bisa berubah menjadi pemerasan Rp6 juta, maka SLHS untuk dapur MBG, yang menyangkut kontrak bernilai miliaran rupiah, memiliki risiko korupsi yang jauh lebih besar.  Ehmmm",0,2 months ago,@BenGeraldo-f7x,"oh noel... jika sertifikasi k3 senilai rp275.00 bisa berubah menjadi pemerasan rp6 juta, maka slhs untuk dapur mbg, yang menyangkut kontrak bernilai miliaran rupiah, memiliki risiko korupsi yang jauh lebih besar. ehmm",217,32,negative,0.9959965944290161,noel sertifikasi k3 nila rp275 00 ubah jadi peras rp6 juta slhs dapur mbg sangkut kontrak nila miliar rupiah milik risiko korupsi jauh lebih besar ehmm,anger,0.8250143527984619
"Tak menutup kemungkinan ada tiga lapis Korupsi dalam Satu Program MBG, yaitu:

Pertama
Korupsi akses (hulu): lihat hasil riset dan temuan ICW.

Kedua
Korupsi operasional (tengah): Markup bahan baku pangan di atas HET diakui sendiri oleh BGN. 

Ketiga
Korupsi sertifikasi (hilir): SLHS diterbitkan tanpa IPAL, tanpa inspeksi substansial, berpotensi mengikuti pola korupsi sertifikasi K3.",0,2 months ago,@BenGeraldo-f7x,"tidak menutup kemungkinan ada tiga lapis korupsi dalam satu program mbg, yaitu pertama korupsi akses hulu lihat hasil riset dan temuan icw. kedua korupsi operasional tengah markup bahan baku pangan di atas het diakui sendiri oleh bgn. ketiga korupsi sertifikasi hilir slhs diterbitkan tanpa ipal, tanpa inspeksi substansial, berpotensi mengikuti pola korupsi sertifikasi k3.",374,54,neutral,0.4819798171520233,tutup mungkin tiga lapis korupsi satu program mbg pertama korupsi akses hulu lihat hasil riset temu icw dua korupsi operasional tengah markup bahan baku pangan atas het aku sendiri bgn tiga korupsi sertifikasi hilir slhs terbit ipal inspeksi substansial potensi ikut pola korupsi sertifikasi k3,anger,0.3196509778499603
"Kasus Joget 6 Juta dan Skandal SLHS Purwakarta

Program MBG ini  sertifikasinya hanya sebatas formalitas administratif doank. Lebih kurang seperti kasus sertifikat K3 di Kemenaker, kasus Emmanuel Ebenezer.

Kasus Emmanuel Ebenezer ini paralel dengan kasus Sertifikasi MBG (Sertifikat Laik Higiene Sanitasi/SLHS) dimana sertifikat MBG ini diterbitkan hanya sebatas formalitas meski infrastruktur dasar seperti IPAL tidak ada atau tidak berfungsi (contoh: kasus Hendrik Irawan di Bandung Barat dan skandal SLHS Purwakarta).

Note Important:

Tolong KPK turun tangan melakukan investigasi.",0,2 months ago,@BenGeraldo-f7x,"kasus joget 6 juta dan skandal slhs purwakarta program mbg ini sertifikasinya hanya sebatas formalitas administratif doank. lebih kurang seperti kasus sertifikat k3 di kemenaker, kasus emmanuel ebenezer. kasus emmanuel ebenezer ini paralel dengan kasus sertifikasi mbg sertifikat laik higiene sanitasi slhs dimana sertifikat mbg ini diterbitkan hanya sebatas formalitas meski infrastruktur dasar seperti ipal tidak ada atau tidak berfungsi contoh kasus hendrik irawan di bandung barat dan skandal slhs purwakarta . note important tolong kpk turun tangan melakukan investigasi.",576,80,negative,0.9634120464324951,kasus joget 6 juta skandal slhs purwakarta program mbg sertifikasi batas formalitas administratif doank lebih kurang kasus sertifikat k3 kemenaker kasus emmanuel ebenezer kasus emmanuel ebenezer paralel kasus sertifikasi mbg sertifikat laik higiene sanitasi slhs sertifikat mbg terbit batas formalitas meski infrastruktur dasar ipal fungsi contoh kasus hendrik irawan bandung barat skandal slhs purwakarta  note important kpk turun tangan laku investigasi,anger,0.740546464920044
"Proyek MBG, Kopdes, konversi motor listrik, gentengisasi. Semua proyek ini menuntut pengorbanan dari rakyat, apparat pemerintah tidak ada yg merasakan pengorbanan sebesar ini.

Hapus semua Pungutan, Cukai dan Pajak. Hapus PPH, PBB, STNK kendaraan, BPJS, TAPERA dll. Gara-gara pajak rakyat jadi tidak bisa menabung dan pajak juga mengurangi kemampuan belanja rakyat dan distribusi uang/kesejahteraan di masyarakat. Belum lagi bicara masalah pemanfaatan tambang dan kekayaan alam Indonesia.

Cukup PPN-10% saja. Karena semua rakyat pasti bayar pajak yaitu: PPN. Anak yatim beli sendal jepit pasti kena PPN. Orang kecil beli rumah kecil, maka PPN-nya juga kecil. Orang kaya beli rumah besar, maka PPN-nya juga besar. Sudah otomatis itu semua.*

Ada yg bilang PPN10% tidak cukup…  Berapapun tidak cukup kalau pemerintah foya-foya proyek, bagi-bagi proyek, pembangunan fisik yg serba mewah, apparat pemerintah hidup bermewahan.*

Pajak cukup PPN-10% saja. Dengan berbagai macam Pajak dan Pungutan seperti PPH, Pajak STNK, PBB, BPJS, TAPERA, rakyat jadi tidak bisa menabung. Padahal tabungan itu suatu hari akan dibelanjakan untuk meningkatkan taraf hidup dan keadaan darurat dan Lebaran. Jadi rakyat secara mandiri bisa memenuhi kebutuhan dasar.* 

Disaat membelanjakan tabungan ini per-ekonomian berputar dan berakselerasi. Pertumbunhan Ekonomi didorong oleh belanja rakyat. Supply and demand di dorong secara organic dari rakyat. Jadi uang itu berputar ditengah masyarakat, maka distribusinya akan lebih luas. Supply and demand yg di-drive oleh rakyat akan jauh lebih besar dan jauh lebih merata dan berkeadilan. 

Kalau uang itu ngumpul dan ditimbun dikantong  pemerintah, akan dipakai belanja pemerintah yg cenderung foya-foya proyek, bagi-bagi proyek, Ibu Kota mewah, Kereta api cepat mewah, gedung kantor mewah, mobil mewah, bandara mewah, rumah dinas mewah. Serba kemewahan adalah pemborosan dan itu semua sifat setan dan Firaun.*

Ada 280jt rakyat, artinya setiap hari pasti ada yg menabung dan setiap hari pasti ada yg membelanjakan tabungan-nya. Tidak mungkin 280 jt rakyat menabung disaat bersamaan. Menabung bukan berarti tidak belanja harian.*

Pemerintah malah menjadikan rakyat sebagai sapi perah, diperas keringatnya dengan pajak, supaya bisa hidup mewah, dapat pensiun, dapat gaji diatas UMR, foya-foya proyek, mobil dinas mewah, tunjangan rumah, perjalanan dinas mewah, dll.*",0,2 months ago,@wisnumardenda5871,"proyek mbg, kopdes, konversi motor listrik, gentengisasi. semua proyek ini menuntut pengorbanan dari rakyat, apparat pemerintah tidak ada yang merasakan pengorbanan sebesar ini. hapus semua pungutan, cukai dan pajak. hapus pph, pbb, stnk kendaraan, bpjs, tapera dll. gara gara pajak rakyat jadi tidak bisa menabung dan pajak juga mengurangi kemampuan belanja rakyat dan distribusi uang kesejahteraan di masyarakat. belum lagi bicara masalah pemanfaatan tambang dan kekayaan alam indonesia. cukup ppn 10% saja. karena semua rakyat pasti bayar pajak yaitu ppn. anak yatim beli sendal jepit pasti kena ppn. orang kecil beli rumah kecil, maka ppn nya juga kecil. orang kaya beli rumah besar, maka ppn nya juga besar. sudah otomatis itu semua. ada yang bilang ppn10% tidak cukup berapapun tidak cukup kalau pemerintah foya foya proyek, bagi bagi proyek, pembangunan fisik yang serba mewah, apparat pemerintah hidup bermewahan. pajak cukup ppn 10% saja. dengan berbagai macam pajak dan pungutan seperti pph, pajak stnk, pbb, bpjs, tapera, rakyat jadi tidak bisa menabung. padahal tabungan itu suatu hari akan dibelanjakan untuk meningkatkan taraf hidup dan keadaan darurat dan lebaran. jadi rakyat secara mandiri bisa memenuhi kebutuhan dasar. disaat membelanjakan tabungan ini per ekonomian berputar dan berakselerasi. pertumbunhan ekonomi didorong oleh belanja rakyat. supply and demand di dorong secara organic dari rakyat. jadi uang itu berputar ditengah masyarakat, maka distribusinya akan lebih luas. supply and demand yang di drive oleh rakyat akan jauh lebih besar dan jauh lebih merata dan berkeadilan. kalau uang itu ngumpul dan ditimbun dikantong pemerintah, akan dipakai belanja pemerintah yang cenderung foya foya proyek, bagi bagi proyek, ibu kota mewah, kereta api cepat mewah, gedung kantor mewah, mobil mewah, bandara mewah, rumah dinas mewah. serba kemewahan adalah pemborosan dan itu semua sifat setan dan firaun. ada 280 juta rakyat, artinya setiap hari pasti ada yang menabung dan setiap hari pasti ada yang membelanjakan tabungan nya. tidak mungkin 280 juta rakyat menabung disaat bersamaan. menabung bukan berarti tidak belanja harian. pemerintah malah menjadikan rakyat sebagai sapi perah, diperas keringatnya dengan pajak, supaya bisa hidup mewah, dapat pensiun, dapat gaji diatas umr, foya foya proyek, mobil dinas mewah, tunjangan rumah, perjalanan dinas mewah, dll.",2387,353,negative,0.9971387386322021,proyek mbg kopdes konversi motor listrik genteng semua proyek tuntut korban rakyat apparat perintah rasa korban besar ini hapus semua pungut cukai pajak hapus pph pbb stnk kendara bpjs tapera dll gara gara pajak rakyat tabung pajak kurang mampu belanja rakyat distribusi uang sejahtera masyarakat bicara masalah manfaat tambang kaya alam indonesia cukup ppn 10 saja semua rakyat bayar pajak ppn anak yatim beli sendal jepit kena ppn orang kecil beli rumah kecil ppn kecil orang kaya beli rumah besar ppn besar otomatis semua bilang ppn10 cukup berapa cukup perintah foya foya proyek proyek bangun fisik serba mewah apparat perintah hidup wah pajak cukup ppn 10 saja bagai macam pajak pungut pph pajak stnk pbb bpjs tapera rakyat tabung padahal tabung suatu hari belanja tingkat taraf hidup ada darurat lebaran rakyat mandiri penuh butuh dasar saat belanja tabung per ekonomi putar akselerasi pertumbunhan ekonomi dorong belanja rakyat supply and demand dorong organic rakyat uang putar tengah masyarakat distribusi lebih luas supply and demand drive rakyat jauh lebih besar jauh lebih rata adil uang ngumpul timbun kantong perintah pakai belanja perintah cenderung foya foya proyek proyek ibu kota mewah kereta api cepat mewah gedung kantor mewah mobil mewah bandara mewah rumah dinas mewah serba mewah boros semua sifat setan firaun 280 juta rakyat arti hari tabung hari belanja tabung nya mungkin 280 juta rakyat tabung saat sama tabung bukan arti belanja hari perintah malah jadi rakyat sapi perah peras keringat pajak hidup mewah pensiun gaji atas umr foya foya proyek mobil dinas mewah tunjang rumah jalan dinas mewah dll,anger,0.8606293201446533
"2:10 MBG, akal²an pemerintah memenuhi syarat minimal target anggaran pendidikan. 
Tapi, banyak makanan yang terbuang karena tak layak makan. 

MBG juga makan anggaran Sosial dan Kesehatan. 

Ada juga ""Mark Up"" harga belanja bahan makanan.",0,2 months ago,@vankuro4453,"2 10 mbg, akal an pemerintah memenuhi syarat minimal target anggaran pendidikan. tapi, banyak makanan yang terbuang karena tidak layak makan. mbg juga makan anggaran sosial dan kesehatan. ada juga mark up harga belanja bahan makanan.",233,36,negative,0.9620237946510315,2 10 mbg akal an perintah penuh syarat minimal target anggar didik tapi banyak makan buang layak makan mbg makan anggar sosial sehat mark up harga belanja bahan makan,anger,0.5485175848007202
Prabowo pintar bikin program MBG dan KOPERASI MERAH PUTIH. 😂,0,2 months ago,@rg832,prabowo pintar bikin program mbg dan koperasi merah putih.,58,9,neutral,0.9738302826881409,prabowo pintar bikin program mbg koperasi merah putih,anger,0.5459291338920593
"Menurut saya MBG itu program acakadut, bukan untuk menaikan ekonomi nasional tapi menaikan pundi"" kekayaan pra bandit politik di wilayah nya masing masing.. gizi anak ttap tidak berubah stanting tetap tinggi. APBN boncos..",1,2 months ago,@champurantv,"menurut saya mbg itu program acakadut, bukan untuk menaikan ekonomi nasional tapi menaikan pundi kekayaan pra bandit politik di wilayah nya masing masing.. gizi anak ttap tidak berubah stanting tetap tinggi. anggaran pendapatan belanja negara boncos..",251,36,negative,0.9873794317245483,mbg program acakadut bukan naik ekonomi nasional naik pundi kaya pra bandit politik wilayah masing masing gizi anak ttap ubah stanting tetap tinggi anggar dapat belanja negara boncos,anger,0.7297998666763306
"Buat korup lah uda pasti, sapa di Indo yg ga tau, mau jadi pejabat itu buat apa dan modalnya apa?",0,2 months ago,@randommandom604,"untuk korup lah uda pasti, sapa di indo yang tidak tau, mau jadi pejabat itu untuk apa dan modalnya apa",103,20,negative,0.9911881685256958,korup uda pasti sapa indo tau mau jabat apa modal apa,anger,0.6916160583496094
"Maling Berkedok Gizi, manfaat nya sedikit tapi kerugian nya jauh jauh jauh lebih banyak,jadi ajang korupsi berjamaah",0,2 months ago,@armandedogawa9212,"maling berkedok gizi, manfaat nya sedikit tapi kerugian nya jauh jauh jauh lebih banyak,jadi ajang korupsi berjamaah",116,17,negative,0.9952686429023743,maling kedok gizi manfaat sedikit rugi jauh jauh jauh lebih banyak jadi ajang korupsi jamaah,anger,0.42966514825820923
"Bagi2 uang korupsi kroni2nya,,liat sj yg punya dapur,,org partai, parcok,,instansi 2 pemerintah,,,,..rakyat jd kuli nya,..",0,2 months ago,@DanuWijaya-t3l,"bagi2 uang korupsi kroni2nya,,liat sj yang punya dapur,,org partai, parcok,,instansi 2 pemerintah,,..rakyat jadi kuli nya,..",124,15,negative,0.9914206266403198,bagi2 uang korupsi kroni2nya liat sj punya dapur org partai parcok instansi 2 perintah rakyat kuli nya,anger,0.888117790222168
"Program Mbg hny jadi beban negara/rakyat ,
Program ini hanya utk penggemukan termul..",0,2 months ago,@khoirotinnikma2036,"program mbg hny jadi beban negara rakyat , program ini hanya untuk penggemukan termul..",87,14,negative,0.9990683197975159,program mbg hny beban negara rakyat  program gemuk termul,anger,0.7281885743141174
Bagi saya seorang pensiunan menyekolahkan kedua cucu kami sangat terbantu adanya MBG,0,2 months ago,@PklTepUNIPAR-w9n,bagi saya seorang pensiunan menyekolahkan kedua cucu kami sangat terbantu adanya mbg,84,12,positive,0.994722843170166,orang pensiun sekolah dua cucu sangat bantu ada mbg,happy,0.942478358745575
"Cara menghancurkan generasi muda paling efektif. Sekali celaka  ratusan orang, gak usah capek2 bikin trauma satu persatu, dan kalaupun sukses mati, sekalian banyak.",0,2 months ago,@lusiadjaja-cb6vq,"cara menghancurkan generasi muda paling efektif. sekali celaka ratusan orang, tidak usah capek2 bikin trauma satu persatu, dan kalaupun sukses mati, sekalian banyak.",165,23,negative,0.8092003464698792,cara hancur generasi muda paling efektif sekali celaka ratus orang usah capek2 bikin trauma satu satu kalaupun sukses mati sekali banyak,anger,0.46192872524261475
Selamat datang di rezim anti kritik. Dikit dikit makar,0,2 months ago,@AhmadJazuli-e4f7o,selamat datang di rezim anti kritik. dikit dikit makar,54,9,negative,0.9960781931877136,selamat datang rezim anti kritik dikit dikit makar,anger,0.6863417625427246
Program perekonomian para koruptor para maling anggaran,0,2 months ago,@shohidin1233,program perekonomian para koruptor para maling anggaran,55,7,negative,0.7721149325370789,program ekonomi koruptor maling anggar,anger,0.5240930914878845
Lah kalo demand pasar nya banyak harusnya makin bagus dong. Itu bisa menimbulkan minat bagi generasi muda buat bertani juga. Wkwkw,0,2 months ago,@dheakurniawan9202,lah kalau demand pasar nya banyak harusnya makin bagus dong. itu bisa menimbulkan minat bagi generasi muda untuk bertani juga. wkwkw,132,21,positive,0.9528217315673828,demand pasar banyak harus makin bagus dong timbul minat generasi muda tan juga wkwkw,happy,0.44198471307754517
MBG untuk para koruptor biar panjang umurnya...,1,2 months ago,@SupriYatno-h4c,mbg untuk para koruptor biar panjang umurnya...,47,7,negative,0.9852193593978882,mbg koruptor biar panjang umur,happy,0.48921090364456177
"Yg jls yg dpt order hampir semua pendukung inti, jadi program MBG mmg hrs ngotot karna demi mmberi kesempatan pendubgnya penguasa afar dpt ikut serta nikmati uang hasil pajak dr rakyat.    Dn fikorup demi mmbiayai pencaperesan di th 2029",0,2 months ago,@murlansigit9846,"yang jls yang dapat order hampir semua pendukung inti, jadi program mbg mmg harus ngotot karna demi mmberi kesempatan pendubgnya penguasa afar dapat ikut serta nikmati uang hasil pajak dari rakyat. dn fikorup demi mmbiayai pencaperesan di th 2029",246,39,negative,0.7941381335258484,jls order hampir semua dukung inti program mbg mmg ngotot karna mmberi sempat pendubgnya kuasa afar ikut nikmat uang hasil pajak rakyat dn fikorup mmbiayai pencaperesan th 2029,anger,0.8845208287239075
Akan lebih irit dan bermanfaat bila dimasakin oleh ortunya.,2,2 months ago,@GedeOkamara,akan lebih irit dan bermanfaat bila dimasakin oleh ortunya.,59,9,positive,0.9338628649711609,lebih irit manfaat bila dimasakin ortunya,happy,0.6641491651535034
Sungguh kasihan Indonesia sampai orang tua nya ngasih makan bergizi pada anaknya saja tidak mampu katanya sih negara kaya,0,2 months ago,@Nunuk-q9m,sungguh kasihan indonesia sampai orang tua nya ngasih makan bergizi pada anaknya saja tidak mampu katanya sih negara kaya,121,19,negative,0.9980717301368713,sungguh kasihan indonesia orang tua ngasih makan gizi anak mampu kata negara kaya,sadness,0.714870274066925
"Min di berita banyak yg bilang ekonomi cemas,,, bener ga sih?? 
Tapi jalanan full macet tiap hari,",0,2 months ago,@kalistapromotion2759,"min di berita banyak yang bilang ekonomi cemas,, bener tidak sih tapi jalanan full macet tiap hari,",99,17,negative,0.9650858044624329,min berita banyak bilang ekonomi cemas bener jalan full macet tiap hari,fear,0.5913638472557068
"gak pntg, bisnis yg dibentuk utk mencairkan APBN dilakukan berjama'ah.. mnding urus guru honor.. biar pendidikan tersalurkan dg baik",0,2 months ago,@bayujuliansyah731,"tidak pntg, bisnis yang dibentuk untuk mencairkan anggaran pendapatan belanja negara dilakukan berjama ah.. mnding urus guru honor.. biar pendidikan tersalurkan dengan baik",172,23,negative,0.9876478910446167,pntg bisnis bentuk cair anggar dapat belanja negara laku berjama ah mnding urus guru honor biar didik salur baik,anger,0.8366005420684814
"Ya utk rakyat yg kerja rakyat yg makan rakyat, dan hasil pangan pun dari rakyat",0,2 months ago,@gibro_capster,"ya untuk rakyat yang kerja rakyat yang makan rakyat, dan hasil pangan pun dari rakyat",85,15,positive,0.9213036298751831,rakyat kerja rakyat makan rakyat hasil pangan rakyat,happy,0.5849817395210266
Program kayak gini harus dijaga. Jangan sampai hilang.,2,2 months ago,@LangkahSquad,program kayak gini harus dijaga. jangan sampai hilang.,54,8,negative,0.9962393045425415,program kayak gin jaga jangan hilang,anger,0.6092600226402283
"Ngotot tolak MBG demi siapa??
Biar fair....",0,2 months ago,@mufidzahir6888,ngotot tolak mbg demi siapa biar fair....,41,7,negative,0.9930960536003113,ngotot tolak mbg siapa biar fair,anger,0.9036566615104675
Ini untuk anggota DPR TNI dan polisi,0,2 months ago,@zainuddinzainuddin6669,ini untuk anggota dewan perwakilan rakyat tni dan polisi,56,9,neutral,0.9982609152793884,anggota dewan wakil rakyat tni polisi,anger,0.5140209197998047
"Untuk apa bangun dapur mahal2. 
Tinggal Renov kantin2 sekolah dan berdayakan lingkungan sekolah dan porsi makanpun biarkan siswa ambil sendiri sesuai porsinya agar tidak mubadzir",0,2 months ago,@sardihidayat3712,untuk apa bangun dapur mahal2. tinggal renov kantin2 sekolah dan berdayakan lingkungan sekolah dan porsi makanpun biarkan siswa ambil sendiri sesuai porsinya agar tidak mubadzir,177,25,negative,0.6724124550819397,apa bangun dapur mahal2 tinggal renov kantin2 sekolah daya lingkung sekolah porsi makan biar siswa ambil sendiri sesuai porsi mubadzir,anger,0.3929620385169983
"Yg beban kan rakyat jelata bayar pajak, yg pasti cuan pejabat BANGSAT!",0,2 months ago,@dianpriyambudi,"yang beban kan rakyat jelata bayar pajak, yang pasti cuan pejabat bangsat",73,12,negative,0.998613715171814,beban rakyat jelata bayar pajak cuan jabat bangsat,anger,0.8591905236244202
350 T/ th cuman jadi taik....mending cungkring yg katanya boros 100T jd woosh kereen.,0,2 months ago,@HimawanDw,350 triliun th cuman jadi taik....mending cungkring yang katanya boros 100 triliun jadi woosh kereen.,101,15,negative,0.8789966702461243,350 triliun th cuman taik mending cungkring kata boros 100 triliun woosh kereen,anger,0.6573030352592468
"Mbg membantu rakyat..emang nya uang siapa..itu efisiensi pandai2 prabowo, jokowi 10 thn menyusahkan rakyat kalian kemana",0,2 months ago,@IkitenanssprmOpo,"mbg membantu rakyat..emang nya uang siapa..itu efisiensi pandai2 prabowo, jokowi 10 thn menyusahkan rakyat kalian kemana",120,16,negative,0.9907748103141785,mbg bantu rakyat emang uang siapa itu efisiensi pandai2 prabowo jokowi 10 thn susah rakyat kalian,anger,0.9316771030426025
Gunakan saja logika. Baca gerak tubuh seseorang. Tempat yang paling aman itu bersembunyi dekat musuh.,0,2 months ago,@raptorinc,gunakan saja logika. baca gerak tubuh seseorang. tempat yang paling aman itu bersembunyi dekat musuh.,101,15,negative,0.95643150806427,guna logika baca gerak tubuh orang tempat paling aman sembunyi dekat musuh,fear,0.44595977663993835
Wkwkw dijaga agar komplotan prabowo cuan terus 😂,1,1 month ago,@Hasannasbiiiii,wkwkw dijaga agar komplotan prabowo cuan terus,46,7,neutral,0.5779048800468445,wkwkw jaga komplot prabowo cuan terus,happy,0.6150484085083008
Orang lain sudah melangkah jauh indonesia masih program mbg kerap korup pendidikan tuh  benahi untuk masa depan bangsa biar pada pinter biar menguasai teklnologi soal perut ada orang tuanya kasih pekerjaan orang tuanya biar ngasih makan yang bener,0,2 months ago,@AhmadSholeh-p2q,orang lain sudah melangkah jauh indonesia masih program mbg kerap korup pendidikan itu benahi untuk masa depan bangsa biar pada pinter biar menguasai teklnologi soal perut ada orang tuanya kasih pekerjaan orang tuanya biar ngasih makan yang bener,246,38,negative,0.9831831455230713,orang lang jauh indonesia program mbg kerap korup didik benah masa depan bangsa biar pinter biar kuasa teklnologi soal perut orang tua kasih kerja orang tua biar ngasih makan bener,anger,0.8509910106658936
ini program banyak banget kebocorannya 😂,0,2 months ago,@ott9878,ini program banyak banget kebocorannya,38,5,negative,0.9984830021858215,program banyak banget bocor,anger,0.31037968397140503
"Kalo pendapatku jelas2 bikin beban negara, hapus saja program MBG",0,2 months ago,@AhmadCarita-xx3qv,"kalau pendapatku jelas2 bikin beban negara, hapus saja program mbg",66,10,negative,0.9950849413871765,dapat jelas2 bikin beban negara hapus program mbg,anger,0.6874442100524902
"MBG baiknnya dihapuskan aj,,bkn skala prioritas 'yg nikmati mrk ""@j  'program bgs pelaksanaan ke bwh amburadul .",0,2 months ago,@Muzakizaki-t5j,"mbg baiknnya dihapuskan aj,,bkn skala prioritas yang nikmati mrk program bagus pelaksanaan ke bwh amburadul .",109,16,negative,0.9775658845901489,mbg baiknnya hapus aj bkn skala prioritas nikmat mrk program bagus laksana bwh amburadul ,anger,0.49924778938293457
"Tujuan dari MBG katanya kan untuk menurunkan angka stunting Yach...
Nah, gak lama lagi pasti akan ada berita angka stunting menurun😂 beritanya lagi dibikin...😅😅",0,2 months ago,@RizkyBastian-e4z,"tujuan dari mbg katanya kan untuk menurunkan angka stunting yach... nah, tidak lama lagi pasti akan ada berita angka stunting menurun beritanya lagi dibikin...",159,24,positive,0.7311667203903198,tuju mbg kata turun angka stunting yach nah lama berita angka stunting turun berita bikin,happy,0.7587055563926697
kalo mau berhenti y TURUKAN RI 1 ..,0,2 months ago,@muksony3862,kalau mau berhenti y turukan ri 1 ..,36,8,neutral,0.9199578166007996,mau henti y turukan ri 1 ,anger,0.8359761238098145
Kemarin pilpres yang pilih 02 absen sini,2,2 months ago,@minotour78940,kemarin pilpres yang pilih 02 absen sini,40,7,neutral,0.9933578372001648,kemarin pilpres pilih 02 absen sini,happy,0.4252212345600128
"Kenapa MBG harus ke semua wilayah? Kenapa tidak kategori 3T saja? 
Kenapa ngasih makan anak orang kaya?",0,2 months ago,@magiachannel,kenapa mbg harus ke semua wilayah kenapa tidak kategori 3 triliun saja kenapa ngasih makan anak orang kaya,106,18,negative,0.9978405237197876,mbg semua wilayah kategori 3 triliun ngasih makan anak orang kaya,anger,0.9028663635253906
"program mubazir
membebani keuangan negara",0,2 months ago,@Fen761o,program mubazir membebani keuangan negara,41,5,negative,0.987851619720459,program mubazir beban uang negara,sadness,0.7013542056083679
Progam kok marong nasi apaka ini sengajah juwalan nasi yg di prodoksi pemimpin  kita yo isok mala macet ekonominya ya faktanya jelas,0,2 months ago,@AsmoroDono-z8h,progam kok marong nasi apaka ini sengajah juwalan nasi yang di prodoksi pemimpin kita yo isok mala macet ekonominya ya faktanya jelas,133,22,negative,0.9986956715583801,progam kok marong nasi apaka sengajah juwalan nasi prodoksi pimpin yo isok mala macet ekonomi fakta jelas,anger,0.922633945941925
Duit triliunan jadi taek dan masuk ke kantong koruptor / segelintir pihak doank.,0,2 months ago,@heronymuspuspoyudo7682,duit triliunan jadi taek dan masuk ke kantong koruptor segelintir pihak doank.,78,12,negative,0.9968987703323364,duit triliun taek masuk kantong koruptor gelintir pihak doank,anger,0.9008116126060486
"Problem nya di pegang oleh Para pejabat atau keluarga pejabat,atau organisasi pemerintahan.",0,2 months ago,@bennyoekasah9687,"problem nya di pegang oleh para pejabat atau keluarga pejabat,atau organisasi pemerintahan.",91,12,neutral,0.7375687956809998,problem pegang jabat keluarga jabat atau organisasi perintah,anger,0.5375783443450928
Program makhluk2 zalim antek2 dajal,0,2 months ago,@08ikfir,program makhluk2 zalim antek2 dajal,35,5,negative,0.9991199374198914,program makhluk2 zalim antek2 dajal,anger,0.7072683572769165
"Kenapa yaa ptes prabowo separah ini. 
Aduhh cape dehh sudah jelas gc tepat sasaran, jelas mubajirr. 
Kenapa jadi BODOH yaa",0,2 months ago,@MayaVioletroja-c6z,"kenapa yaa ptes prabowo separah ini. aduhh cape dehh sudah jelas gc tepat sasaran, jelas mubajirr. kenapa jadi bodoh yaa",120,20,negative,0.9993333220481873,yaa ptes prabowo parah ini aduhh cape dehh jelas gc tepat sasar jelas mubajirr bodoh yaa,anger,0.718183696269989
Ijin sebelumnya kemaren pas lebarang orang desapun merasa mbg itu kurang karena banyak hal yang harus dievaluasi pdhl kalo misal menu makan orang2 kayak km pun sederhana nasi sayur bayam lauk protein nabati maupun hewani udah cukup,0,2 months ago,@temankamu6905,ijin sebelumnya kemaren pas lebarang orang desapun merasa mbg itu kurang karena banyak hal yang harus dievaluasi pdhl kalau misal menu makan orang2 kayak km pun sederhana nasi sayur bayam lauk protein nabati maupun hewani sudah cukup,233,37,negative,0.7006502151489258,ijin belum kemaren pas lebarang orang desa rasa mbg kurang banyak evaluasi pdhl misal menu makan orang2 kayak km sederhana nasi sayur bayam lauk protein nabati maupun hewani cukup,sadness,0.5352460145950317
Mumet Prabowo ini Ndak cocok untuk presiden berat ....segera DpR memeri solosi yg baik dengan segera ...,0,2 months ago,@Tukiran1234-q5l,mumet prabowo ini ndak cocok untuk presiden berat ....segera dewan perwakilan rakyat memeri solosi yang baik dengan segera ...,126,19,negative,0.8530150651931763,mumet prabowo ndak cocok presiden berat segera dewan wakil rakyat meri solosi baik segera ,anger,0.4491298794746399
Selama MBG bahan baku fresh bukan makanan yg disiram air panas seperti Indomie saya dukung 1000%,0,2 months ago,@rahardianandri4392,selama mbg bahan baku fresh bukan makanan yang disiram air panas seperti indomie saya dukung 100%,97,16,positive,0.9866135716438293,lama mbg bahan baku fresh bukan makan siram air panas indomie dukung 100,happy,0.8752747774124146
"MARI DUKUNG ""MBG"" DENGAN MENUTUP SEMUA DAPUR ANTEK2 PEJABAT ITU",0,2 months ago,@8204awan,mari dukung mbg dengan menutup semua dapur antek2 pejabat itu,61,10,negative,0.9491627216339111,dukung mbg tutup semua dapur antek2 jabat,anger,0.6591424942016602
"MBG tidak Efektif !!!!!!
Bahan pokok naik terus ...
Era pemerintahan sekarang bener bener ngak jelas !!!!
makin banyak kemiskinan dan pengangguran !!!",0,2 months ago,@Vegasus-h2l4n,mbg tidak efektif bahan pokok naik terus ... era pemerintahan sekarang bener bener ngak jelas makin banyak kemiskinan dan pengangguran,134,20,negative,0.9978492259979248,mbg efektif bahan pokok naik terus  era perintah sekarang bener bener ngak jelas makin banyak miskin anggur,anger,0.44904625415802
"MBG perlu di kaji untuk bisa di kelola oleh setiap ibu-ibu dari siswa di tiap rumah tangga masing-masing, siapkan ompreng yg sama, bahan baku yg sama, masak sendiri, dan antar ke sekolah pada jam yg di tentukan, dan laporkan ke BGN untuk di bayar oleh akuntan SPPG tiap hari kerja...begitu aja kok repot....yg tidak mau biar  di siapkan oleh dapur SPPG saja dan awasi pelaksanaannya, jangan di buat heboh.",0,2 months ago,@laskarunggas1616,"mbg perlu di kaji untuk bisa di kelola oleh setiap ibu ibu dari siswa di tiap rumah tangga masing masing, siapkan ompreng yang sama, bahan baku yang sama, masak sendiri, dan antar ke sekolah pada jam yang di tentukan, dan laporkan ke badan gizi nasional untuk di bayar oleh akuntan satuan pelayanan pemenuhan gizi tiap hari kerja...begitu aja kok repot....yg tidak mau biar di siapkan oleh dapur satuan pelayanan pemenuhan gizi saja dan awasi pelaksanaannya, jangan di untuk heboh.",481,79,negative,0.9665897488594055,mbg perlu kaji kelola ibu ibu siswa tiap rumah tangga masing masing siap ompreng sama bahan baku sama masak sendiri antar sekolah jam tentu lapor badan gizi nasional bayar akuntan satu layan penuh gizi tiap hari kerja begitu kok repot yg mau biar siap dapur satu layan penuh gizi awas laksana jangan heboh,anger,0.5456643104553223
"ini ngasih makan ank satu negara' knp gk d alihkan aj ke korban2 bencana, pembangunan jalan rusak' yg lebih membutuhkan' menurutku cm menguntungkan sebagian pihak aj'..",0,2 months ago,@Adidxx,"ini ngasih makan ank satu negara knp tidak d alihkan aj ke korban2 bencana, pembangunan jalan rusak yang lebih membutuhkan menurutku cm menguntungkan sebagian pihak aj ..",170,27,positive,0.4933491051197052,ngasih makan ank satu negara knp d alih aj korban2 bencana bangun jalan rusak lebih butuh turut cm untung bagi pihak aj ,anger,0.49628233909606934
"Mbg jelas utk lahan korupsi beramai-ramai . 
Dan program koperasi merah putih juga  
Pemerintahan  sekarang  korupsi habis ribuan triliun anggaran APBN setiap tahun. 
Semua keluarga dan teman2x pejabat kaya semua. 
Kalau rakyat miskin ya, nanti dikasih bansos bisa tdk mati kelaparan.",0,2 months ago,@harrywijaya793,"mbg jelas untuk lahan korupsi beramai ramai . dan program koperasi merah putih juga pemerintahan sekarang korupsi habis ribuan triliun anggaran anggaran pendapatan belanja negara setiap tahun. semua keluarga dan teman2x pejabat kaya semua. kalau rakyat miskin ya, nanti dikasih bansos bisa tidak mati kelaparan.",311,45,negative,0.9922375082969666,mbg jelas lahan korupsi ama ramai  program koperasi merah putih perintah sekarang korupsi habis ribu triliun anggar anggar dapat belanja negara tahun semua keluarga teman2x jabat kaya semua rakyat miskin ya kasih bansos mati lapar,anger,0.8865370154380798
MBG menyengsarakan Rakyat  segera dibubarkan,0,2 months ago,@AdesadiyahSyamsuddin,mbg menyengsarakan rakyat segera dibubarkan,43,5,negative,0.9967247843742371,mbg sengsara rakyat segera bubar,anger,0.7810095548629761
Untuk pejabat agar bisa korupsi😅,0,2 months ago,@MuhammadMuttakin-h9v,untuk pejabat agar bisa korupsi,31,5,neutral,0.6297903656959534,jabat korupsi,sadness,0.4372134804725647
"Mending tu duit dialihkan yg lebih prioritas , ga merata juga pelaksanaannya",0,2 months ago,@AlvianNur-y1f,"mending itu duit dialihkan yang lebih prioritas , tidak merata juga pelaksanaannya",82,12,negative,0.9956082701683044,mending duit alih lebih prioritas  rata laksana,sadness,0.41358456015586853
"Jelas ini beban yang berkelanjutan..
 Bayangkan, dana pembangunan di kurangi dan di alihkan ke MBG dan pertanahan..
 Ini jelas2 menghambat ekonomi berkelanjutan yang panjang..ini bisa berakibat hingga ke presiden2 setelahnya,, 
 Meskipun prabowo akan mencalonkan lagi di pemilu selanjutnya, masyarakat menolak untuk memilih kembali..
3 bulan menjabat saja saya sudah merasa akan ada kekecewaan..",0,2 months ago,@satv4609,"jelas ini beban yang berkelanjutan.. bayangkan, dana pembangunan di kurangi dan di alihkan ke mbg dan pertanahan.. ini jelas2 menghambat ekonomi berkelanjutan yang panjang..ini bisa berakibat hingga ke presiden2 setelahnya,, meskipun prabowo akan mencalonkan lagi di pemilu selanjutnya, masyarakat menolak untuk memilih kembali.. 3 bulan menjabat saja saya sudah merasa akan ada kekecewaan..",391,53,negative,0.9969985485076904,jelas beban lanjut bayang dana bangun kurang alih mbg tanah jelas2 hambat ekonomi lanjut panjang ini akibat hingga presiden2 telah meski prabowo calon milu lanjut masyarakat tolak pilih kembali 3 bulan jabat rasa kecewa,sadness,0.4320506751537323
Petani juga punya keluarga dan memasak sayuran setiap hari. Jadi sama aja,0,2 months ago,@djajoesman8,petani juga punya keluarga dan memasak sayuran setiap hari. jadi sama aja,73,12,positive,0.8956669569015503,tani punya keluarga masak sayur hari sama,happy,0.7942414879798889
"Programnya bagus 
Tpi praktek dilapangannya kek dajal",0,2 months ago,@3khodam289,programnya bagus tpi praktik dilapangannya kek dajal,52,7,positive,0.9672826528549194,program bagus tpi praktik lapang kek dajal,happy,0.6435626745223999
Pemborosan negara sehiga jd ladang cuan,0,2 months ago,@ArMizan-k7s,pemborosan negara sehiga jadi ladang cuan,41,6,negative,0.8409280776977539,boros negara sehiga ladang cuan,anger,0.48349928855895996
GPP PEDAGANG SAYUR BUAH SENENG UDAH PULUHAN TAUN DI BELI MURAH.... SUSAH IDUPNYA... JADI SELAMA INI ELU HIDUP ENAK INJEK BAWAH SEKARANG GANTIAN... MW ADIL KAN LU HIDUP?,0,2 months ago,@Franz23ist,gpp pedagang sayur buah seneng sudah puluhan taun di beli murah.... susah idupnya... jadi selama ini elu hidup enak injek bawah sekarang gantian... mw adil kan kamu hidup,170,28,negative,0.964127242565155,gpp dagang sayur buah neng puluh taun beli murah susah idupnya lama elu hidup enak injek bawah sekarang ganti mw adil kamu hidup,happy,0.6348477602005005
"""Barang siapa yang meninggal keracunan dalam keadaan menyantap menu MBG , niscaya beliau meninggal dalam keadaan Bergizi"" 🗿🗿🗿",0,2 months ago,@ValenNicky-c6e,"barang siapa yang meninggal keracunan dalam keadaan menyantap menu mbg , niscaya beliau meninggal dalam keadaan bergizi",119,17,positive,0.8864268064498901,barang siapa tinggal racun ada santap menu mbg  niscaya beliau tinggal ada gizi,sadness,0.48796117305755615
Ya untuk antek antek dia,0,2 months ago,@Diedream06,ya untuk antek antek dia,24,5,negative,0.886282205581665,antek antek,happy,0.3865715563297272
narasi nya makanan gratis dan ini narasi sesat! padahal ini makanan yang di beli dengan harga yang mengorbankan sisi lain pendidikan.,0,2 months ago,@Enzo_design,narasi nya makanan gratis dan ini narasi sesat padahal ini makanan yang di beli dengan harga yang mengorbankan sisi lain pendidikan.,132,21,negative,0.9478408098220825,narasi makan gratis narasi sesat padahal makan beli harga korban sisi didik,anger,0.7978240251541138
"Sebentar lg akan dpt dinilai skala prioritas pemerintah kemana, disaat krisis energi, krisis pangan (terganggunya pasokan pupuk & musim kemarau) & inflasi krn dampak konflik Iran dgn US-Israel.",1,2 months ago,@DwiYanto-g8k,"sebentar lagi akan dapat dinilai skala prioritas pemerintah kemana, disaat krisis energi, krisis pangan terganggunya pasokan pupuk musim kemarau inflasi karena dampak konflik iran dengan us israel.",197,27,neutral,0.928674578666687,sebentar nilai skala prioritas perintah mana saat krisis energi krisis pangan ganggu pasok pupuk musim kemarau inflasi dampak konflik iran us israel,sadness,0.6230882406234741
Bahas juga min soal uang 200T yang dikucurin Purbaya ke perbankan nasional dengan tujuan untuk menggiatkan perekonomian masyarakat bawah tapi malah ditabung di Bank Indonesia.,0,2 months ago,@andywinn1221,bahas juga min soal uang 200 triliun yang dikucurin purbaya ke perbankan nasional dengan tujuan untuk menggiatkan perekonomian masyarakat bawah tapi malah ditabung di bank indonesia.,182,26,negative,0.953404426574707,bahas min soal uang 200 triliun dikucurin purbaya perban nasional tuju giat ekonomi masyarakat bawah malah tabung bank indonesia,anger,0.6294260025024414
MBG YANG DI BANGGA KAN NATIZEN MANGKOK TANDAS DAN KOKO RI.. KOAR2 HASIL TAIK.. MAHA KOKORI UDAH JADI MENDIANG KAYAK NYA 😂😂😂😂😂,0,2 months ago,@RosmanSyukur,mbg yang di bangga kan natizen mangkok tandas dan koko ri.. koar2 hasil taik.. maha kokori sudah jadi mendiang kayak nya,120,21,positive,0.9867395162582397,mbg bangga natizen mangkok tandas koko ri koar2 hasil taik maha kokori mendiang kayak,happy,0.7984811067581177
"Ini lebih buruk dari subsidi energi 😊...
Pemerintah emang jago banget main persepsi",0,2 months ago,@agusdaniel6539,ini lebih buruk dari subsidi energi ... pemerintah memang jago banget main persepsi,83,13,negative,0.9150068759918213,lebih buruk subsidi energi  perintah memang jago banget main persepsi,anger,0.8695647120475769
Seharusnya perlu ada nya riset dulu sebelum diaplikasikan..,1,2 months ago,@didinaryasugengpribadi,seharusnya perlu ada nya riset dulu sebelum diaplikasikan..,59,8,negative,0.6546099781990051,perlu riset dulu aplikasi,sadness,0.34893542528152466
pemerintah (yang berkepentingan) ngga mau dengerin,0,2 months ago,@elycianauli,pemerintah yang berkepentingan tidak mau dengerin,49,6,negative,0.9948260188102722,perintah penting mau dengerin,anger,0.7146420478820801
"MBG, SEBAGAI LAHAN / LADANG KORUPSI KONCO' PRABOWO.",0,2 months ago,@RandikaBiantara,"mbg, sebagai lahan ladang korupsi konco prabowo.",48,7,neutral,0.6785749197006226,mbg lahan ladang korupsi konco prabowo,anger,0.43239983916282654
"Orang dengan literasi keuangan yang buruk akan merugikan dirinya sendiri dan orang lain.

Pemerintah dengan literasi keuangan yang buruk akan merugikan seluruh rakyat dan masa depan bangsa.",0,2 months ago,@rizkymaulana7839,orang dengan literasi keuangan yang buruk akan merugikan dirinya sendiri dan orang lain. pemerintah dengan literasi keuangan yang buruk akan merugikan seluruh rakyat dan masa depan bangsa.,188,27,negative,0.997420072555542,orang literasi uang buruk rugi diri sendiri orang lain perintah literasi uang buruk rugi seluruh rakyat masa depan bangsa,sadness,0.3698837459087372
"MBG gk ada manfaatnya  blas,  pemerintah salah BESAR   dengan adanya program  mbg, salah besar!!!",0,2 months ago,@win2825,"mbg tidak ada manfaatnya blas, pemerintah salah besar dengan adanya program mbg, salah besar",92,14,negative,0.9949105381965637,mbg manfaat blas perintah salah besar ada program mbg salah besar,anger,0.5582448840141296
"Gak semua murid di Indonesia punya masalah gizi sampe stunting oiiii.. MBG memang bagus, tapi salah sasaran aja utk siapa MBG cokkkk.. Duit habis utk beri makan anak sekolah dengan pendapatan orang tuanya di kelas atas dan menengah yang seharusnya masih mampu memberi anak gizi yg memenuhi..",0,2 months ago,@hipolytusrivalta6710,"tidak semua murid di indonesia punya masalah gizi sampe stunting oii.. mbg memang bagus, tapi salah sasaran aja untuk siapa mbg cokk.. duit habis untuk beri makan anak sekolah dengan pendapatan orang tuanya di kelas atas dan menengah yang seharusnya masih mampu memberi anak gizi yang memenuhi..",295,47,negative,0.9965798258781433,semua murid indonesia punya masalah gizi sampe stunting oii mbg memang bagus salah sasar siapa mbg cokk duit habis beri makan anak sekolah dapat orang tua kelas atas tengah mampu beri anak gizi penuh,anger,0.6285443305969238
Proyek MBG sebagian besar manfaatnya untuk balas jasa bagi TNI polri dan ormas² juga kunco²nya yang bantu kemenangan dia kemaren donk,0,2 months ago,@MuhammadRabbani74,proyek mbg sebagian besar manfaatnya untuk balas jasa bagi tni polri dan ormas juga kunco nya yang bantu kemenangan dia kemaren donk,132,22,positive,0.966816246509552,proyek mbg bagi besar manfaat balas jasa tni polri ormas kunco bantu menang kemaren donk,anger,0.5192102789878845
"anehnya, kenpa MBG tidak di audit ? 
itu apbn kq kyk pake duit sendiri
pertanggung jawabannya gimana ?",0,2 months ago,@Yang_Mulia,"anehnya, kenpa mbg tidak di audit itu anggaran pendapatan belanja negara kq kyk pake duit sendiri pertanggung jawabannya gimana",127,19,negative,0.9949959516525269,aneh kenpa mbg audit anggar dapat belanja negara kq kyk pake duit sendiri tanggung jawab gimana,anger,0.7384707927703857
"Tidak, Alhamdulillah mbg membangkitkan tabungan siswa jdi ga jajan udh itu doang 😅😅",0,2 months ago,@dinkzwatching,"tidak, alhamdulillah mbg membangkitkan tabungan siswa jadi tidak jajan sudah itu doang",86,12,positive,0.511170506477356,tidak alhamdulillah mbg bangkit tabung siswa jajan doang,happy,0.8435205817222595
ga efektif..udah kl ngotot bener kata KDM ksh aja 15rb/hari ke ibu anak msg2 dan ksh ke anak2 dr kluarga prasejahtera aja,0,2 months ago,@chicaoktavia8,tidak efektif..udah kl ngotot bener kata kdm ksh aja 15 ribu hari ke ibu anak msg2 dan ksh ke anak2 dari kluarga prasejahtera aja,129,24,negative,0.9985063672065735,efektif udah kl ngotot bener kata kdm ksh 15 ribu hari ibu anak msg2 ksh anak2 kluarga prasejahtera,anger,0.8834702372550964
"Kalau lu punya jaringan orang2 kuat, manfaatkan itu. Karena jaman sekarang jaringan yang kek gitulah yang akan menyelamatkan mu. Mulai sekarang biasakan diri untuk mulai berteman dengan orang yang secara strata sosial d atas mu. Bukan untuk menjilat atau apa, karena kalau hati kita tulus dan sopan, kemungkinan besar orang qkan suka",0,2 months ago,@Monyetmanusia,"kalau kamu punya jaringan orang2 kuat, manfaatkan itu. karena jaman sekarang jaringan yang kek gitulah yang akan menyelamatkan mu. mulai sekarang biasakan diri untuk mulai berteman dengan orang yang secara strata sosial d atas mu. bukan untuk menjilat atau apa, karena kalau hati kita tulus dan sopan, kemungkinan besar orang qkan suka",335,52,positive,0.9224698543548584,kamu punya jaring orang2 kuat manfaat itu jaman sekarang jaring kek gitulah selamat mu mulai sekarang biasa diri mulai teman orang strata sosial d atas mu bukan jilat apa hati tulus sopan mungkin besar orang qkan suka,happy,0.27098697423934937
"Indonesia adalah negara ke 77 yg menjalankan program MBG ini.  Menyusul negara2 lainnya yg saat ini mencapai 100 negara lebih yg menjalankan program ini. 

Saya yakin program ini  maksud dan tujuannya baik, oknum nakalnya saja yg mental korup dan oportunis",0,2 months ago,@FIKRISUBRIMUTAWAKIL,"indonesia adalah negara ke 77 yang menjalankan program mbg ini. menyusul negara2 lainnya yang saat ini mencapai 100 negara lebih yang menjalankan program ini. saya yakin program ini maksud dan tujuannya baik, oknum nakalnya saja yang mental korup dan oportunis",260,40,negative,0.977633535861969,indonesia negara 77 jalan program mbg ini susul negara2 lain capai 100 negara lebih jalan program ini yakin program maksud tuju baik oknum nakal mental korup oportunis,anger,0.5773181915283203
"menuju Indonesia TOP 1 NEGARA MEMPRODUKSI TAI TERBANYAK, rezim terparah menurut gue, walaupun gue pendukung prabwo, jokowi ternyata tak seburuk kita kira",0,2 months ago,@provosgaming5792,"menuju indonesia top 1 negara memproduksi tai terbanyak, rezim terparah menurut gue, walaupun saya pendukung prabwo, jokowi ternyata tidak seburuk kita kira",156,22,positive,0.6299752593040466,tuju indonesia top 1 negara produksi tai banyak rezim parah gue walaupun dukung prabwo jokowi nyata buruk kira,sadness,0.5302280783653259
"Kayak ngasih makan ternak ,,tp ngga bermanfaat,jauh dr hal  yg sama di negara2 lain",0,2 months ago,@iwantrianto9911,"kayak ngasih makan ternak ,,tp tidak bermanfaat,jauh dari hal yang sama di negara2 lain",87,14,negative,0.991435706615448,kayak ngasih makan ternak tp manfaat jauh sama negara2,sadness,0.468519389629364
Jelas u tuk politik la,1,2 months ago,@Agustian-ds8ug,jelas u untuk politik la,24,5,neutral,0.6375731825828552,jelas u politik la,anger,0.5399937033653259
Bagiku prabowo adalah presiden terburuk dalam sejarah,0,2 months ago,@Mr_Moren0,bagiku prabowo adalah presiden terburuk dalam sejarah,53,7,negative,0.9772588014602661,bagi prabowo presiden buruk sejarah,love,0.5113677978515625
Mungkin mbg bagi yang berada tidak ada artinya. Kritik sah sah aj tapi lihat juga masayarkat yang tidak mampu makan di pelosok pelosok negeri sampe mbg di bawa pulang untuk orang tua nya.,0,2 months ago,@muhammadtolle3967,mungkin mbg bagi yang berada tidak ada artinya. kritik sah sah aj tapi lihat juga masayarkat yang tidak mampu makan di pelosok pelosok negeri sampe mbg di bawa pulang untuk orang tua nya.,187,33,negative,0.9939324259757996,mungkin mbg ada arti kritik sah sah aj lihat masayarkat mampu makan pelosok pelosok negeri sampe mbg bawa pulang orang tua nya,anger,0.7746895551681519
"Keluan masyarakat merata karena mgb 8:06  sangat menjadi masalah di lingkup tiap sekolahan warga yg berjualan disekitar sekolahan pada mengeluh semua,",0,2 months ago,@AnggoroSunardi,"keluan masyarakat merata karena mgb 8 06 sangat menjadi masalah di lingkup tiap sekolahan warga yang berjualan disekitar sekolahan pada mengeluh semua,",151,22,negative,0.9880304932594299,keluan masyarakat rata mgb 8 06 sangat jadi masalah lingkup tiap sekolah warga jual sekitar sekolah keluh semua,sadness,0.6312448382377625
masih ga paham korelasi MBG dan stunting. stunting itu bukannya dicegah saat anak berusia kurang dari 2 tahun ya? mungkin ada yang bisa bantu jawab (terutama bagi teman² yang dari kesehatan).,0,2 months ago,@syahdanrd30,masih tidak paham korelasi mbg dan stunting. stunting itu bukannya dicegah saat anak berusia kurang dari 2 tahun ya mungkin ada yang bisa bantu jawab terutama bagi teman yang dari kesehatan .,191,32,negative,0.8054890632629395,paham korelasi mbg stunting stunting bukan cegah anak usia kurang 2 tahun mungkin bantu jawab utama teman sehat ,fear,0.47459903359413147
"Daripada hasil panen di buang. Petani di bela, warga yang lain sudah ada program ny masing masing. Efisiensi itu bagus. Selama ini banyak dana dana cuma buat senang2 pejabat",0,2 months ago,@iwayanadiindrag8274,"daripada hasil panen di buang. petani di bela, warga yang lain sudah ada program ny masing masing. efisiensi itu bagus. selama ini banyak dana dana cuma untuk senang2 pejabat",174,29,negative,0.9025601744651794,hasil panen buang tani bela warga program ny masing masing efisiensi bagus lama banyak dana dana cuma senang2 jabat,anger,0.6246728301048279
"Semua sistem pasti ada yg dikorbankan.. contoh sederhana agar mudah di pahami, motor/mobil ada 2 power yaitu speed & torsi keduanya ini klo ingin unggul ya salah satunya harus di korbankan. Jadi siapapun pemimpinya generasi ke generasi pasti ada langkah2 trobosan yg baik2 untuk rakyat, gak ada itu yg namanya pemimpin sempurna di mata rakyat pasti ada celah kekurangan...😅😅",0,2 months ago,@teknikangler633,"semua sistem pasti ada yang dikorbankan.. contoh sederhana agar mudah di pahami, motor mobil ada 2 power yaitu speed torsi keduanya ini kalau ingin unggul ya salah satunya harus di korbankan. jadi siapapun pemimpinya generasi ke generasi pasti ada langkah2 trobosan yang baik2 untuk rakyat, tidak ada itu yang namanya pemimpin sempurna di mata rakyat pasti ada celah kekurangan...",380,59,negative,0.8270707130432129,semua sistem korban contoh sederhana mudah paham motor mobil 2 power speed torsi dua unggul salah satu korban siapa mimpi generasi generasi langkah2 trobosan baik2 rakyat nama pimpin sempurna mata rakyat celah kurang,anger,0.41983315348625183
"Bicara tentang dampak paling kerasa sih percetakan dan suvenir sama FnB skala kecil, saya sebagai pelaku usaha di bidang percetakan dan suvenir sama angkringan sejak 2025 kerasa penurunan permintaan yang biasanya dikasih sama instansi semacam BUMN / pemda. Sama FnB skala kecil kayak angkringan juga kerasa banget sepi biasanya anak sekolah pada jajan atau nongkrong sekarang gak ada sama sekali. Jadi melihat kondisi lapangan yang saya alami saya sih mendukung MBG. Mendukung untuk dihentikan tentunya agar perputaran ekonomi itu naik lagi",0,2 months ago,@duduttoni,"bicara tentang dampak paling kerasa sih percetakan dan suvenir sama fnb skala kecil, saya sebagai pelaku usaha di bidang percetakan dan suvenir sama angkringan sejak 2025 kerasa penurunan permintaan yang biasanya dikasih sama instansi semacam bumn pemda. sama fnb skala kecil kayak angkringan juga kerasa banget sepi biasanya anak sekolah pada jajan atau nongkrong sekarang tidak ada sama sekali. jadi melihat kondisi lapangan yang saya alami saya sih mendukung mbg. mendukung untuk dihentikan tentunya agar perputaran ekonomi itu naik lagi",540,80,negative,0.7025340795516968,bicara dampak paling rasa cetak suvenir sama fnb skala kecil laku usaha bidang cetak suvenir sama angkring sejak 2025 rasa turun minta biasa kasih sama instansi macam bumn pemda sama fnb skala kecil kayak angkring rasa banget sepi biasa anak sekolah jajan nongkrong sekarang sama sekali lihat kondisi lapang alami dukung mbg dukung henti tentu putar ekonomi naik,sadness,0.7183000445365906
"Guru pendistibusi MBG katanya dapat intensif 100 ribu per hari yang dibagikan tiap 10 hari, kenyataannya zonk...kemana duitnya... ada sekolah yang gurunya ngga dapet sama sekali, ada yang dapet hanya 10 ribu per hari Hahahahaa... disunat juga recehan untuk guru...",0,2 months ago,@PakRidarno,"guru pendistibusi mbg katanya dapat intensif 100 ribu per hari yang dibagikan tiap 10 hari, kenyataannya zonk...kemana duitnya... ada sekolah yang gurunya tidak dapet sama sekali, ada yang dapet hanya 10 ribu per hari hahahahaa... disunat juga recehan untuk guru...",265,40,negative,0.9954272508621216,guru pendistibusi mbg kata intensif 100 ribu per hari bagi tiap 10 hari nyata zonk mana duit sekolah guru dapet sama sekali dapet 10 ribu per hari hahahahaa sunat receh guru,anger,0.7760509848594666
"MBG Menambah Beban Ekonomi Rakyat, Dengan Adanya MBG Banyak Harga bahan Pokok Naik Drastis",0,2 months ago,@YulikaPku,"mbg menambah beban ekonomi rakyat, dengan adanya mbg banyak harga bahan pokok naik drastis",90,14,neutral,0.47821834683418274,mbg tambah beban ekonomi rakyat ada mbg banyak harga bahan pokok naik drastis,sadness,0.5561995506286621
"Pak Prabowo, klo program anda (MBG) memang KURANG bermanfaat, tolong di perhitung kan lg, drpd program TIDAK TEPAT GUNA ...",0,2 months ago,@SlametRiyadi-xp6gi,"bapak prabowo, kalau program anda mbg memang kurang bermanfaat, tolong di perhitung kan lg, drpd program tidak tepat guna ...",125,20,negative,0.9665188193321228,bapak prabowo program mbg memang kurang manfaat hitung lg drpd program tepat ,anger,0.7981614470481873
Mbg membuat harga bahan pokok makin mahal😊,1,2 months ago,@bay9549,mbg membuat harga bahan pokok makin mahal,41,7,neutral,0.9063724279403687,mbg buat harga bahan pokok makin mahal,fear,0.41346505284309387
Mbg untuk masyarakat yang membutuhkan  mantap bosku,0,2 months ago,@gatotkaca968,mbg untuk masyarakat yang membutuhkan mantap bosku,50,7,positive,0.6268612146377563,mbg masyarakat butuh mantap bos,happy,0.7219988703727722
"STOP MBG, program ini tidak begitu memberi manfaat bagi penerima hany pengelola yg sangat di untungkan, menguras anggaran negara",0,2 months ago,@KhoeroniRoni-h4z,"stop mbg, program ini tidak begitu memberi manfaat bagi penerima hany pengelola yang sangat di untungkan, menguras anggaran negara",130,19,negative,0.9911511540412903,stop mbg program beri manfaat terima hany kelola sangat untung uras anggar negara,sadness,0.5151751637458801
"jelas jadi beban apbn, dikala kondisi lagi krisis energi, karena hormuz tutup, malah dipaksakan tetap jalan.",0,2 months ago,@bwxcrew,"jelas jadi beban apbn, dikala kondisi lagi krisis energi, karena hormuz tutup, malah dipaksakan tetap jalan.",108,16,negative,0.9852810502052307,jelas beban apbn kala kondisi krisis energi hormuz tutup malah paksa tetap jalan,sadness,0.7401908040046692
"Jelas untuk menumbuhkan para koruptor, salam waras😂😂😂😂😂",0,2 months ago,@MuhammadFatih-w5m,"jelas untuk menumbuhkan para koruptor, salam waras",50,7,negative,0.9955348968505859,jelas tumbuh koruptor salam waras,sadness,0.4859052002429962
Untuk Maling Berkedok Gizi lah.,0,2 months ago,@andiafriandi5194,untuk maling berkedok gizi lah.,31,5,negative,0.997982382774353,maling kedok gizi lah,anger,0.5977627635002136
MBG =gizinya buat pejabat ampasnya buat anak sekolah,0,2 months ago,@Squad893,mbg gizinya untuk pejabat ampasnya untuk anak sekolah,53,8,negative,0.6423665285110474,mbg gizi jabat ampas anak sekolah,sadness,0.626188337802887
program mbg hanyalah bisnis orang tertentu yg sangat dekat dg kekuasaan.dan ahirnya hanyalah jalan tol untuk kendaraan pak prabowo menuju.2029 .dan sangat mebebani apbn negara,0,2 months ago,@jokoendrosungkono-m4r,program mbg hanyalah bisnis orang tertentu yang sangat dekat dengan kekuasaan.dan ahirnya hanyalah jalan tol untuk kendaraan bapak prabowo menuju.2029 .dan sangat mebebani anggaran pendapatan belanja negara negara,213,28,negative,0.9850139021873474,program mbg hanya bisnis orang tentu sangat dekat kuasa dan ahirnya hanya jalan tol kendara bapak prabowo tuju 2029 dan sangat mebebani anggar dapat belanja negara negara,anger,0.4167354106903076
"Beban pajak dari rakyat. Yayasan supaya pajaknya............................................. 

Makan Bergizi GRATIS

GRATIS nya darimana

Relawan, sebut saja KARYAWAN.. Tentunya harus ada BPJS ketenagakerjaan juga ya

Invoice 1minggu kah ya 
LPSE kan lah",1,2 months ago,@Adibas9,"beban pajak dari rakyat. yayasan supaya pajaknya............................................. makan bergizi gratis gratis nya darimana relawan, sebut saja karyawan.. tentunya harus ada bpjs ketenagakerjaan juga ya invoice 1minggu kah ya lpse kan lah",249,31,negative,0.9057501554489136,beban pajak rakyat yayasan pajak makan gizi gratis gratis darimana rawan sebut karyawan tentu bpjs ketenagakerjaan invoice 1minggu lpse,anger,0.6024370193481445
Betul kata Ahok saat podcast dg pak Mahfud MD...sudah ngeyel..goblok pula,0,2 months ago,@livetradinggoldnasdaq1002,betul kata ahok saat podcast dengan bapak mahfud md...sudah ngeyel..goblok pula,79,11,negative,0.9982436895370483,betul kata ahok podcast bapak mahfud md sudah ngeyel goblok,anger,0.5423951745033264
Ya buat antek antek b4n9547....,0,2 months ago,@livetradinggoldnasdaq1002,ya untuk antek antek b4n9547....,32,5,neutral,0.9926326870918274,antek antek b4n9547,happy,0.5123320817947388
Program nya bagus... Hanya saja yg melanggar harus segera ditindak... Jangan berlarut-larut.. Dan jangan salah... Banyak keluarga anggota DPR dari seluruh Partai terlibat.. 🤣🤣🤣🤣,0,2 months ago,@SugiyemS,program nya bagus... hanya saja yang melanggar harus segera ditindak... jangan berlarut larut.. dan jangan salah... banyak keluarga anggota dewan perwakilan rakyat dari seluruh partai terlibat..,194,26,positive,0.957830548286438,program bagus langgar segera tindak jangan larut larut jangan salah banyak keluarga anggota dewan wakil rakyat seluruh partai libat,anger,0.3985249102115631
"kalau mbg tidak efektif dn ga berguna, kenapa negara"" maju ada mbg ?",0,2 months ago,@muzakysky6680,"kalau mbg tidak efektif dn tidak berguna, kenapa negara maju ada mbg",68,12,negative,0.9925161004066467,mbg efektif dn guna negara maju mbg,anger,0.7319959998130798
"MBG ini beban anggaran , Program ini bukan untuk Rakyat tpi untuk kroni2 prabowo untuk memperkuat politik di next pemilu, kalau ini bener2 emg untuk Rakyat kenapa kok gk langsung di kelolah negara / di intergrasikan ke sekolah dengan membangun fasilitas Kantin / dapur sekolah dengan standard internasional",0,2 months ago,@Rakunitsme,"mbg ini beban anggaran , program ini bukan untuk rakyat tpi untuk kroni2 prabowo untuk memperkuat politik di next pemilu, kalau ini bener2 memang untuk rakyat kenapa kok tidak langsung di kelolah negara di intergrasikan ke sekolah dengan membangun fasilitas kantin dapur sekolah dengan standard internasional",308,46,negative,0.6262343525886536,mbg beban anggar  program bukan rakyat tpi kroni2 prabowo kuat politik next milu bener2 memang rakyat kok langsung kelolah negara intergrasikan sekolah bangun fasilitas kantin dapur sekolah standard internasional,anger,0.7496787309646606
"Dapur MBG membuat harga bahan pokok naik n langka. Ayam mahal, beras mahal, susu langka, pisang jg udah di booking. Pdahal Ga semua rakyat punya anak usia sekolah. Ga semua rakyat kaya.",0,2 months ago,@VienSyu,"dapur mbg membuat harga bahan pokok naik n langka. ayam mahal, beras mahal, susu langka, pisang juga sudah di booking. pdahal tidak semua rakyat punya anak usia sekolah. tidak semua rakyat kaya.",194,32,negative,0.9940578937530518,dapur mbg buat harga bahan pokok naik n langka ayam mahal beras mahal susu langka pisang booking pdahal semua rakyat punya anak usia sekolah semua rakyat kaya,anger,0.6426767110824585
"SEBENAR NYA PROGRAM MBG MENGGERAKAN RODA PEREKONOMIAN , DI MASYARAKAT , TETAPI PERLU DI KAJI ULANG  SISTEM NYA ,PARA PEJABAT NEGARA , YG IKUT MENGELOLA MBG HRS DI  GANTI  UNTUK SWASTA , POLRI , TNI, DPR , PARTAY   TDK BOLEH MENGELOLA ...
DAN YG MENERIMA MBG  3 T . ....
ANGGARAN 335 T . RAWAN UNTUK DI KORUPSI TERBUKTI SKRG RIBUAN DAPUR DI PECAAT  BERMASALAH.. ..",0,2 months ago,@mantoaja-v5c,"sebenar nya program mbg menggerakan roda perekonomian , di masyarakat , tetapi perlu di kaji ulang sistem nya ,para pejabat negara , yang ikut mengelola mbg harus di ganti untuk swasta , polri , tni, dewan perwakilan rakyat , partay tidak boleh mengelola ... dan yang menerima mbg 3 triliun . .... anggaran 335 triliun . rawan untuk di korupsi terbukti sekarang ribuan dapur di pecaat bermasalah.. ..",400,68,negative,0.9968818426132202,benar program mbg gera roda ekonomi  masyarakat  perlu kaji ulang sistem para jabat negara  ikut kelola mbg ganti swasta  polri  tni dewan wakil rakyat  partay kelola  terima mbg 3 triliun   anggar 335 triliun  rawan korupsi bukti sekarang ribu dapur pecaat masalah ,anger,0.817973256111145
Bubarkan mbg buang buang duit,0,2 months ago,@ihwanjaesulloh7896,bubarkan mbg buang buang duit,29,5,negative,0.9899217486381531,bubar mbg buang buang duit,anger,0.8408004641532898
"MBG perogram konyol
MBG perogram berutal
MBG perogram ceroboh
MBG perogram serampangan
MBG perogram bom waktu 
Bagi APBN 
MBG bom waktu buat wowo",0,2 months ago,@MuhaiminMuhaimin-q3z,mbg perogram konyol mbg perogram berutal mbg perogram ceroboh mbg perogram serampangan mbg perogram bom waktu bagi anggaran pendapatan belanja negara mbg bom waktu untuk wowo,174,26,negative,0.9971386194229126,mbg perogram konyol mbg perogram berutal mbg perogram ceroboh mbg perogram serampang mbg perogram bom waktu anggar dapat belanja negara mbg bom waktu wowo,anger,0.9432029128074646
"MBG = Maling Berkedok Gizi (Benar).
BGN = Badan Garong Negara ???",0,2 months ago,@GaluhSari-r3k,mbg maling berkedok gizi benar . badan gizi nasional badan garong negara,72,12,negative,0.9962852001190186,mbg maling kedok gizi benar  badan gizi nasional badan garong negara,anger,0.9261683821678162
Mending sekolah gratis dari pada makan gratis .. makan itu tanggung jawab orang tua .. tapi mencerdaskan bangsa itu tanggung jawab pemerintah,0,2 months ago,@brianturiartee,mending sekolah gratis dari pada makan gratis .. makan itu tanggung jawab orang tua .. tapi mencerdaskan bangsa itu tanggung jawab pemerintah,141,22,negative,0.8447249531745911,mending sekolah gratis makan gratis  makan tanggung jawab orang tua  cerdas bangsa tanggung jawab perintah,anger,0.8689324855804443
"MBG ga ada manfaatnya, menu ga sesuai harapan, duit rakyat dikorupsi rame rame",0,2 months ago,@nugrohoandong8030,"mbg tidak ada manfaatnya, menu tidak sesuai harapan, duit rakyat dikorupsi rame rame",84,13,negative,0.9975714087486267,mbg manfaat menu sesuai harap duit rakyat korupsi rame rame,anger,0.6433568000793457
"mbg itu efisien, gaperlu korupsi gaperlu cuci uang, tapi tetap masuk kantong.... efisien buat siapa coba yooooo",0,2 months ago,@dhaniodon895,"mbg itu efisien, gaperlu korupsi gaperlu cuci uang, tapi tetap masuk kantong.... efisien untuk siapa coba yoo",109,17,positive,0.7709217667579651,mbg efisien gaperlu korupsi gaperlu cuci uang tetap masuk kantong efisien siapa coba yoo,anger,0.7924448251724243
Saya penasaran bagaimana persentase stunting itu dihitung dan apakah angka itu valid?,0,2 months ago,@fernandosimatupang2904,saya penasaran bagaimana persentase stunting itu dihitung dan apakah angka itu valid,84,12,negative,0.6558443903923035,penasaran bagaimana persentase stunting hitung angka valid,fear,0.8848651051521301
"Kata presiden mbg untuk gizi rakyat, tp pimpinanya nya saja bukan dr ahli gizi.",0,2 months ago,@riskiardika,"kata presiden mbg untuk gizi rakyat, tapi pimpinanya nya saja bukan dari ahli gizi.",83,14,negative,0.9934718608856201,kata presiden mbg gizi rakyat pimpinanya bukan ahli gizi,anger,0.8813061714172363
YAYASAN DPT SEHARI 6.JT.ko ngontrak gedungnya cuma 100 ribu sehari.BGN mohon.korekai TIDAK SEMUA YAYASAN.MMBANGUN.KEBANYAKAN NGONTRAK MURAH UTK DITEHAB.,0,2 months ago,@jalujonatantah6656,yayasan dapat sehari 6.jt.ko ngontrak gedungnya cuma 100 ribu sehari.bgn mohon.korekai tidak semua yayasan.mmbangun.kebanyakan ngontrak murah untuk ditehab.,156,18,negative,0.9594652056694031,yayasan hari 6 jt ko ngontrak gedung cuma 100 ribu hari bgn mohon korekai semua yayasan mmbangun banyak ngontrak murah ditehab,anger,0.7854679822921753
"Rawan koropsi , proses dan dampaknya tdk dapat diukur.",0,2 months ago,@bambangchristianto6810,"rawan koropsi , proses dan dampaknya tidak dapat diukur.",56,9,negative,0.9785330891609192,rawan koropsi  proses dampak ukur,sadness,0.5573044419288635
ditempat aku budget emang 15.000-an tapi katanya budget bahan baku cuma 8.000 dan selebihnya buat bayar kebutuhan dll. jadi budget perporsi cuma 8.000,0,2 months ago,@Delafbrin,ditempat saya budget memang 15.00 an tapi katanya budget bahan baku cuma 8.00 dan selebihnya untuk bayar kebutuhan dll. jadi budget perporsi cuma 8.00,150,24,negative,0.5539446473121643,tempat budget memang 15 00 an kata budget bahan baku cuma 8 00 lebih bayar butuh dll budget porsi cuma 8 00,sadness,0.6786070466041565
"ngasih makan 1x 1 hari mau mengcover gizi anak ,Yo Tembung sing ngoyoworo. Ra nyenggol blas,",0,2 months ago,@RetnaningAmbarwati-x6z,"ngasih makan 1x 1 hari mau mengcover gizi anak ,yo tembung sing ngoyoworo. ra nyenggol blas,",92,16,negative,0.9937492609024048,ngasih makan 1x 1 hari mau mengcover gizi anak yo tembung sing ngoyoworo ra nyenggol blas,sadness,0.8325576186180115
"Sebetulnya itu kadang suka penasaran, kenapa ya mbg ini dari awal betul betul difokuskan zona merah yang prevalensi stunting nya tinggi kayak yang ditampilkan di video? Dan mbg itu jadi program khusus daerah tersebut dan kalau misal mau di ekspansi bisa fokus ke daerah 3T. Bukannya kalau gitu dari awal bisa menjadi lebih spesifik, terarah, efisiensi efektif? Dari sudut pandang awam ku harusnya permasalahan yang di angkat dari video juga bisa terjawab dengan sendirinya kalau semisal difokuskan dengan arah tadi🥲. Yaa meskipun nasi sudah jadi bubur semoga aku bisa Nemu alasannya atau mungkin admin mau kasih pencerahan? Wkwkwkwk

Bahkan menurut pandangan sekilasku, semisal fokus di daerah prevalensi tinggi dan 3T, anggaran Porsi makanan dan frekuensi makannya bisa di tingkatkan tidak lagi 1 kali sehari dan 15rb, tapi mungkin jadi 25rb dan 3 kali sehari karena anggarannya jadi lebih masuk akal dan bukan kejar kejaran puluhan juta sambil beban",2,2 months ago,@auliafarrel5293,"sebetulnya itu kadang suka penasaran, kenapa ya mbg ini dari awal betul betul difokuskan zona merah yang prevalensi stunting nya tinggi kayak yang ditampilkan di video dan mbg itu jadi program khusus daerah tersebut dan kalau misal mau di ekspansi bisa fokus ke daerah 3 triliun. bukannya kalau gitu dari awal bisa menjadi lebih spesifik, terarah, efisiensi efektif dari sudut pandang awam ku harusnya permasalahan yang di angkat dari video juga bisa terjawab dengan sendirinya kalau semisal difokuskan dengan arah tadi . yaa meskipun nasi sudah jadi bubur semoga saya bisa nemu alasannya atau mungkin admin mau kasih pencerahan wkwkwkwk bahkan menurut pandangan sekilasku, semisal fokus di daerah prevalensi tinggi dan 3 triliun, anggaran porsi makanan dan frekuensi makannya bisa di tingkatkan tidak lagi 1 kali sehari dan 15 ribu, tapi mungkin jadi 25 ribu dan 3 kali sehari karena anggarannya jadi lebih masuk akal dan bukan kejar kejaran puluhan juta sambil beban",968,153,negative,0.8082723617553711,kadang suka penasaran mbg awal betul betul fokus zona merah prevalensi stunting tinggi kayak tampil video mbg program khusus daerah sebut misal mau ekspansi fokus daerah 3 triliun bukan gitu awal jadi lebih spesifik arah efisiensi efektif sudut pandang awam ku harus masalah angkat video jawab sendiri misal fokus arah tadi  yaa meski nasi bubur moga nemu alas mungkin admin mau kasih cerah wkwkwkwk bahkan pandang kilas misal fokus daerah prevalensi tinggi 3 triliun anggar porsi makan frekuensi makan tingkat 1 kali hari 15 ribu mungkin 25 ribu 3 kali hari anggar lebih masuk akal bukan kejar kejar puluh juta beban,sadness,0.5603497624397278
Yg penting kan gemuk dulu... Pinter mah belakangan,0,2 months ago,@yunarsopudjono1258,yang penting kan gemuk dulu... pinter mah belakangan,52,8,negative,0.9666028618812561,penting gemuk dulu pinter mah belakang,happy,0.706346333026886
😃😃😃😃😁😁😁😁😆😆😆😆😂😂😂😂mbg itu bagus klo buat negara sekelas irlandia klo buat sekelas indonesia masih secuil debu fuh apbn defisit terus mata uang turun terus terus apa yg naik harga bahan pokok buat rakyat melonjak terus semua dipotong buat mbg cuman pejabat pemerintahan koruptor indonesia yg kaga dipotong malahan naik polisi ma mk hakim jaksa tni presiden dan wapres naik gaji dan anti kritik wkkkkkkkkk beginilah indonesia klo pejabat ditemui pendemo ngumpet biar mahasiswa bentrok ama polisi disemprot water canon,0,2 months ago,@jefrihendri4770,mbg itu bagus kalau untuk negara sekelas irlandia kalau untuk sekelas indonesia masih secuil debu fuh anggaran pendapatan belanja negara defisit terus mata uang turun terus terus apa yang naik harga bahan pokok untuk rakyat melonjak terus semua dipotong untuk mbg cuman pejabat pemerintahan koruptor indonesia yang kaga dipotong malahan naik polisi ma mk hakim jaksa tni presiden dan wapres naik gaji dan anti kritik wkk beginilah indonesia kalau pejabat ditemui pendemo ngumpet biar mahasiswa bentrok sama polisi disemprot water canon,535,81,negative,0.998803973197937,mbg bagus negara kelas irlandia kelas indonesia cuil debu fuh anggar dapat belanja negara defisit terus mata uang turun terus terus apa naik harga bahan pokok rakyat lonjak terus semua potong mbg cuman jabat perintah koruptor indonesia kaga potong malah naik polisi ma mk hakim jaksa tni presiden wapres naik gaji anti kritik wkk begini indonesia jabat temu demo ngumpet biar mahasiswa bentrok sama polisi semprot water canon,anger,0.9503951668739319
"Niat Baik, Eksekusi Buruk = eMBeGe",0,2 months ago,@youngwiranto,"niat baik, eksekusi buruk embege",32,5,negative,0.9980271458625793,niat baik eksekusi buruk embege,sadness,0.6311390995979309
"BUKAN BEBAN BARU TAPI PETAKA BARU KECUALI DI GANTI DGN UANG TUNAI DAN ATAU DIGANTI DGN SEKOLAH GRATIS DARI SEGALA PUNGUTAN SEKOLAH DI  TANGGUNG PEMERINTAH , TTG MBG INI JIKA PRESIDEN JIKA  TDK MAU MERUBAH ASPIRASI RAKYAT TTG MBG INI ,ARTINYA PRABOWO MENAMPUNG PENYAKIT POLITIK ,MENGUNDANG KEGADUHAN DAN MENCIPTAKAN  KONFLIK DI MASYARAKAT , YG TERKESAN OTORITER ORDE TERBARU , INI  SA LAH SATU ATAU BAGIAN KELEMAHAN PRIBADINYA ,MAKA YG TADINYA SIMPATI JADI ANTI PATI DARI MASYARAKAT , YG TADI SETIA JADI MELAWAN , SUATU KODOHAN SEORANG PEMIMPIN DI NEGARA DEMOKRASI BERTENTANGAN DGN RAKYAT YG MEMILIHNYA , NANTI BIAR MINTA DUKUNGAN IBLIS TETAP AKAN DIMAKZULKAN .........TDK LOGIK.",1,2 months ago,@InfinixSaya-z7j4j,"bukan beban baru tapi petaka baru kecuali di ganti dengan uang tunai dan atau diganti dengan sekolah gratis dari segala pungutan sekolah di tanggung pemerintah , tentang mbg ini jika presiden jika tidak mau merubah aspirasi rakyat tentang mbg ini ,artinya prabowo menampung penyakit politik ,mengundang kegaduhan dan menciptakan konflik di masyarakat , yang terkesan otoriter orde terbaru , ini sa lah satu atau bagian kelemahan pribadinya ,maka yang tadinya simpati jadi anti pati dari masyarakat , yang tadi setia jadi melawan , suatu kodohan seorang pemimpin di negara demokrasi bertentangan dengan rakyat yang memilihnya , nanti biar minta dukungan iblis tetap akan dimakzulkan .........tdk logik.",701,106,negative,0.9984387755393982,bukan beban baru petaka baru ganti uang tunai ganti sekolah gratis segala pungut sekolah tanggung perintah  mbg presiden mau rubah aspirasi rakyat mbg arti prabowo tampung sakit politik undang gaduh cipta konflik masyarakat  kes otoriter orde baru  sa satu bagi lemah pribadi maka tadi simpati anti pati masyarakat  tadi setia lawan  suatu kodohan orang pimpin negara demokrasi tentang rakyat pilih  biar minta dukung iblis tetap makzul tdk logik,anger,0.7507501244544983
"Terimakasih pak prabowo,biar aja orang2 yg sakit hati yg nyinyir tentang program mbg,yg penting banyak rakyat merasakan dampak yg baik tentang program ini,lanjutkan,insyaallah dua periode",0,2 months ago,@rahmatullahrahmat3123,"terimakasih bapak prabowo,biar aja orang2 yang sakit hati yang nyinyir tentang program mbg,yg penting banyak rakyat merasakan dampak yang baik tentang program ini,lanjutkan,insyaallah dua periode",195,25,positive,0.9786039590835571,terimakasih bapak prabowo biar orang2 sakit hati nyinyir program mbg yg penting banyak rakyat rasa dampak baik program ini lanjut insyaallah periode,happy,0.850199818611145
"Ini proyek balas budi,saya yakin yg dapat proyek ini ,mereka yg punya jasa memenangkan waktu pemilu..",0,2 months ago,@Malik-y5lX,"ini proyek balas budi,saya yakin yang dapat proyek ini ,mereka yang punya jasa memenangkan waktu pemilu..",105,16,positive,0.9823430180549622,proyek balas budi saya yakin proyek mereka punya jasa menang waktu milu,happy,0.7876177430152893
Yes lebih ke alat politik untuk perolehan suara di masa pemilihan mendatang 🙂,6,2 months ago,@Itsmefherdy,yes lebih ke alat politik untuk perolehan suara di masa pemilihan mendatang,75,12,neutral,0.9926943778991699,yes lebih alat politik oleh suara masa pilih datang,happy,0.5521246194839478
Semangat bpk presidenku lanjutkan perjuangan mu❤,1,2 months ago,@Cahya-j2i,semangat bapak presidenku lanjutkan perjuangan mu,49,6,positive,0.878809928894043,semangat bapak presiden lanjut juang mu,happy,0.7263426184654236
Banyak orang d sekitar merasakan manfaat dr adanya program MBG ini,1,2 months ago,@Cahya-j2i,banyak orang d sekitar merasakan manfaat dari adanya program mbg ini,68,11,positive,0.959694504737854,banyak orang d rasa manfaat ada program mbg,happy,0.8911399841308594
"Budget bahan baku 8000 itu cuma buat anak kelas 3 sd kebawah, kalo bumil, busui ama anak diatas kelas 3 sd harusnya budgetnya 10.000. Udah disebut juga anggarannya di 1:30",0,2 months ago,@visencorp6502,"budget bahan baku 800 itu cuma untuk anak kelas 3 sd kebawah, kalau bumil, busui sama anak diatas kelas 3 sd harusnya budgetnya 10.00. sudah disebut juga anggarannya di 1 30",173,31,negative,0.5286582112312317,budget bahan baku 800 cuma anak kelas 3 sd bawah bumil busui sama anak atas kelas 3 sd harus budgetnya 10 00 sebut anggar 1 30,anger,0.44026848673820496
​ @visencorp6502 ini mbg anak mts kak🥲,0,2 months ago,@Delafbrin,ini mbg anak mts kak,20,5,negative,0.9833638668060303,mbg anak mts kak,anger,0.41328489780426025
"Beneran dijadiin ternak dong, dikasi makan cuma buat dipanen di kemudian hari 😂",0,2 months ago,@visencorp6502,"beneran dijadiin ternak dong, dikasi makan cuma untuk dipanen di kemudian hari",78,12,negative,0.9797869920730591,beneran dijadiin ternak dong kasi makan cuma panen kemudian hari,anger,0.5056315064430237
Makana bergizi tapi tak ada gizi,0,2 months ago,@bagindah-g3q,makana bergizi tapi tidak ada gizi,34,6,negative,0.9766927361488342,makana gizi gizi,sadness,0.6832496523857117
mbg di saya menu nya bagus enak enak juga,0,2 months ago,@Dirgayasa-h2g,mbg di saya menu nya bagus enak enak juga,41,9,positive,0.9974162578582764,mbg menu bagus enak enak,happy,0.8261101841926575
Mbg tidak tepat sasaran memperkaya yang kaya,0,2 months ago,@Rojak-l2b,mbg tidak tepat sasaran memperkaya yang kaya,44,7,negative,0.9971394538879395,mbg tepat sasar kaya kaya,sadness,0.46407219767570496
"program MBG memang bagus asal tepat SASARAN & TEPAT WAKTU!!!!
utk sekarang program MBG tdk strategis krn geopolitik & situasi keuangan negara menuju ke KRISIS!
indikatornya banyak & smakin NYATA, jd utk MBG lebih baik di hentikan dahulu biar dananya di alihakn utk BELANJA PEMERINTAH terutama subsidier BBM yg harga minyak per barrelnya smakin tinggi!!!
ingat apabila subsidi tdk bs mengcover hrg BBM subsidi shingga BBM naik, dampakanya semua hrg KOMODITAS & JASA akan ikut2an naik, shingga inflasi tak terkendali & mengagetkan kalanagan ekonomi menengah & bawah,, smakin mmbuat sulit rakyat!,, hingga bs terjadi CHAOS di dlm negara!",1,2 months ago,@ngopi_omon_omon,"program mbg memang bagus asal tepat sasaran tepat waktu untuk sekarang program mbg tidak strategis karena geopolitik situasi keuangan negara menuju ke krisis indikatornya banyak smakin nyata, jadi untuk mbg lebih baik di hentikan dahulu biar dananya di alihakn untuk belanja pemerintah terutama subsidier bbm yang harga minyak per barrelnya smakin tinggi ingat apabila subsidi tidak bisa mengcover hrg bbm subsidi shingga bbm naik, dampakanya semua hrg komoditas jasa akan ikut2an naik, shingga inflasi tidak terkendali mengagetkan kalanagan ekonomi menengah bawah,, smakin mmbuat sulit rakyat ,, hingga bisa terjadi chaos di dlm negara",636,93,negative,0.9676070213317871,program mbg memang bagus asal tepat sasar tepat waktu sekarang program mbg strategis geopolitik situasi uang negara tuju krisis indikator banyak smakin nyata mbg lebih baik henti biar dana alihakn belanja perintah utama subsidier bbm harga minyak per barrelnya smakin tinggi ingat apabila subsidi mengcover hrg bbm subsidi shingga bbm naik dampakanya semua hrg komoditas jasa ikut2an naik shingga inflasi kendali kaget kalanagan ekonomi tengah bawah smakin mmbuat sulit rakyat  hingga jadi chaos dlm negara,sadness,0.3874432444572449
Program calon pencetak generasi pemilih setia tahun 2029 hahaha.,0,2 months ago,@snnalif,program calon pencetak generasi pemilih setia tahun 2029 hahaha.,64,9,negative,0.46024712920188904,program calon cetak generasi pilih setia tahun 2029 hahaha,happy,0.7716540098190308
"Min mbg itu bukan program, sudah sangat jelas kalau mbg itu adalah Proyek Pembodohan anak2 Indonesia.
Semua orang juga tau klau untuk menghancurkan sebuah negara g perlu pakai militer atw senjata canggih, cukup hancurkan saja pendidikan & medisnya maka cepat atw lambat negara itu pasti akan hancur. 
Yg punya kesempatan dan kemampuan utk pindah warga negara, maka lakukan sekarang.
Bukan tidak cinta kepada negara Indonesia, tapi pemerintahnya saja sudah tdk perduli kepada rakyatnya, mereka (pemerintah) hanya perlu kepada rakyat d saat pemilu, setelah pemilu selesai maka rakyat tidak d anggap lagi. 
Pemerintah Indonesia d bawah kepemimpinan prabowo adalah  masa TERSULIT yg pernah d alami negara ini.",0,2 months ago,@Argisanjayaputra,"min mbg itu bukan program, sudah sangat jelas kalau mbg itu adalah proyek pembodohan anak2 indonesia. semua orang juga tau kalau untuk menghancurkan sebuah negara g perlu pakai militer atw senjata canggih, cukup hancurkan saja pendidikan medisnya maka cepat atw lambat negara itu pasti akan hancur. yang punya kesempatan dan kemampuan untuk pindah warga negara, maka lakukan sekarang. bukan tidak cinta kepada negara indonesia, tapi pemerintahnya saja sudah tidak perduli kepada rakyatnya, mereka pemerintah hanya perlu kepada rakyat d saat pemilu, setelah pemilu selesai maka rakyat tidak d anggap lagi. pemerintah indonesia d bawah kepemimpinan prabowo adalah masa tersulit yang pernah d alami negara ini.",707,105,negative,0.9978234767913818,min mbg bukan program sangat jelas mbg proyek bodoh anak2 indonesia semua orang tau hancur buah negara g perlu pakai militer atw senjata canggih cukup hancur didik medis cepat atw lambat negara hancur punya sempat mampu pindah warga negara laku sekarang bukan cinta negara indonesia perintah duli rakyat perintah perlu rakyat d milu milu selesai rakyat d anggap lagi perintah indonesia d bawah pimpin prabowo masa sulit pernah d alami negara ini,anger,0.8653894066810608
Au ah males mau beli truk,0,2 months ago,@mauliyamauliyaa9826,au ah males mau beli truk,25,6,negative,0.9986934065818787,au ah males mau beli truk,anger,0.7540678381919861
Program mbg   banyak merugikan masyarakat contohnya harga bahan pokok naik pedagang disekolah berhenti  biaya pddkn diambil bpjs byk  yg stop,0,2 months ago,@nanakendari,program mbg banyak merugikan masyarakat contohnya harga bahan pokok naik pedagang disekolah berhenti biaya pddkn diambil bpjs banyak yang stop,142,20,negative,0.9879742860794067,program mbg banyak rugi masyarakat contoh harga bahan pokok naik dagang seko henti biaya pddkn ambil bpjs banyak stop,sadness,0.5123287439346313
"SABDA BGN:

""JIKA JUM'AT ADALAH KIAMAT, MAKA KAMIS ADALAH MBG TERKAHIR""",0,2 months ago,@sukajajan877,"sabda badan gizi nasional jika jum at adalah kiamat, maka kamis adalah mbg terkahir",83,14,neutral,0.8307420611381531,sabda badan gizi nasional jum at kiamat kamis mbg terkahir,happy,0.625581681728363
"Beban baru,, tapi kalu dialihkan ke KESEHATAN GRATIS ITU YG PALING TOP, Sebab kalu orang tua SEHAT PASTI GAMPANG CARI MAKAN BUAT KELUARGANYA.",0,2 months ago,@MasriAs-b8q,"beban baru,, tapi kalu dialihkan ke kesehatan gratis itu yang paling top, sebab kalu orang tua sehat pasti gampang cari makan untuk keluarganya.",144,23,positive,0.9425126910209656,beban baru kalu alih sehat gratis paling top kalu orang tua sehat gampang cari makan keluarga,happy,0.6189639568328857
"MBG hanya ingin mencekik perekonomian rakyat, nggak ada manfaatnya, manfaatnya hanya di rasakan oleh SPPGnya sendiri.......",0,2 months ago,@orkestamusic8508,"mbg hanya ingin mencekik perekonomian rakyat, tidak ada manfaatnya, manfaatnya hanya di rasakan oleh sppgnya sendiri.......",123,16,negative,0.9882086515426636,mbg cekik ekonomi rakyat manfaat manfaat rasa sppgnya sendiri,anger,0.5679624080657959
6 juta sehari insentif dapur?  ngeri,0,2 months ago,@omdicky69,6 juta sehari insentif dapur ngeri,34,6,negative,0.5455408096313477,6 juta hari insentif dapur ngeri,fear,0.9208883047103882
"PROGRAM BERACUN
PROGRAM BERMANFAAT TEKOS2",0,2 months ago,@Brojomuktidursoseno,program beracun program bermanfaat tekos2,41,5,negative,0.9979870319366455,program racun program manfaat tekos2,sadness,0.5422039031982422
"Konten terbaik dari NGOMONGIN UANG , bahkan dari konten MBG di channel lain !!! KEEP IT UP !! 👍👍👍",5,2 months ago,@TocitFebrianto,"konten terbaik dari ngomongin uang , bahkan dari konten mbg di channel lain keep it up",86,16,positive,0.9887731671333313,konten baik ngomongin uang  bahkan konten mbg channel keep it up,happy,0.9102650880813599
Inget pemilik sppg yg joget2 pamer penghasilannya dr MBG,0,2 months ago,@rayhanofficial404,inget pemilik satuan pelayanan pemenuhan gizi yang joget2 pamer penghasilannya dari mbg,87,12,negative,0.5081907510757446,inget milik satu layan penuh gizi joget2 pamer hasil mbg,sadness,0.536402702331543
"Yang punya Dapur ya minta dilanjut, ga bakal setuju klo ditutup, karena itu sarang sarang penyamun otak Maling

Yang punya usaha MBG orang orang elit Partai Politik dan Kepolisian TNI",0,2 months ago,@NalendroNalendro-v3p,"yang punya dapur ya minta dilanjut, tidak bakal setuju kalau ditutup, karena itu sarang sarang penyamun otak maling yang punya usaha mbg orang orang elit partai politik dan kepolisian tni",187,30,negative,0.9977838397026062,punya dapur minta lanjut bakal tuju tutup sarang sarang samun otak maling punya usaha mbg orang orang elit partai politik polisi tni,anger,0.9230329990386963
"Gawe bebane Rakyat bukan Negara,  negara hanya nama itu kan duwite rakyat 
Makan Gratis dari Presiden dan Gibran

pretttg",0,2 months ago,@NalendroNalendro-v3p,"gawe bebane rakyat bukan negara, negara hanya nama itu kan duwite rakyat makan gratis dari presiden dan gibran prettg",117,19,negative,0.8529250025749207,gawe bebane rakyat bukan negara negara nama duwite rakyat makan gratis presiden gibran prettg,anger,0.8524380326271057
"Kabar terakhir yg saya dengar, presiden berencana akan meneruskan program, eh proyek trilyunan ini. 

Komentar saya: Ya terserahlah pak... Terusin aja. Saya yakin sekali kalo ga sampe th 2029, bubar negara ini. 😢",0,2 months ago,@luthfanzakaria8621,"kabar terakhir yang saya dengar, presiden berencana akan meneruskan program, eh proyek trilyunan ini. komentar saya ya terserahlah pak... terusin aja. saya yakin sekali kalau tidak sampe th 2029, bubar negara ini.",213,32,negative,0.9666376113891602,kabar akhir dengar presiden rencana terus program eh proyek trilyunan ini komentar serah pak terusin aja yakin sekali sampe th 2029 bubar negara ini,anger,0.4230443835258484
"Ya untui pejabat dan angotta dewan, karena buka dapur harus modal milyaran😂😂😂😂 kenapa g diurus masing masing sekolah kalau emang untuk rakyat😂😂",0,2 months ago,@TresnaKhanza,"ya untui pejabat dan angotta dewan, karena buka dapur harus modal milyaran kenapa g diurus masing masing sekolah kalau memang untuk rakyat",138,22,negative,0.9263372421264648,untui jabat angotta dewan buka dapur modal milyaran g urus masing masing sekolah memang rakyat,anger,0.7285777926445007
"Terima kasih, tapi bahasan kami lainnya tentang keuangan pun gak kalag oke kok 😊",1,2 months ago,@NgomonginUang,"terima kasih, tapi bahasan kami lainnya tentang keuangan pun tidak kalag oke kok",80,13,positive,0.8014830946922302,terima kasih bahas lain uang kalag oke kok,happy,0.7349424362182617
"mau ngomong apapun jika Presiden bodoh, buta, tuli dan nggak punya hati, semua sia sia belaka....😮😢",0,2 months ago,@agungpurnomo4914,"mau ngomong apapun jika presiden bodoh, buta, tuli dan tidak punya hati, semua sia sia belaka....",97,16,negative,0.9991395473480225,mau ngomong apa presiden bodoh buta tuli punya hati semua sia sia belaka,anger,0.8159229755401611
Minimal MBG ini ngajarin kalian bagaimana industri itu bekerja 😂😂😂,0,2 months ago,@yonathansarenda2739,minimal mbg ini ngajarin kalian bagaimana industri itu bekerja,62,9,neutral,0.795951247215271,minimal mbg ngajarin kalian bagaimana industri kerja,happy,0.6770120859146118
"Dapur mbg itu project jangka panjang yang akan dialihfungsukan sebagai supply chain di seluruh daerah indonesia saat perang dunia pecah, makanya yang punya dapur juga mayoritas anggota",0,2 months ago,@mainyt6695,"dapur mbg itu project jangka panjang yang akan dialihfungsukan sebagai supply chain di seluruh daerah indonesia saat perang dunia pecah, makanya yang punya dapur juga mayoritas anggota",184,27,positive,0.8822413086891174,dapur mbg project jangka panjang dialihfungsukan supply chain seluruh daerah indonesia perang dunia pecah makanya punya dapur mayoritas anggota,happy,0.39464306831359863
Ini negara binatang ngak heranlah merdekakan semua propinsi,1,2 months ago,@andimasuka,ini negara binatang ngak heranlah merdekakan semua propinsi,59,8,negative,0.9992098808288574,negara binatang ngak heran merdeka semua propinsi,anger,0.7961977124214172
"MBG buang2 duit negara...ribuan kilo beras yg di buang,ribuan kilo ikan yg di buang,ribuan kilo sayur mayur dan buah di buang setiap bulannya krna kebanyakan basi dan gk di makan siswa2",0,2 months ago,@Michael-vp2uc,"mbg buang2 duit negara...ribuan kilo beras yang di buang,ribuan kilo ikan yang di buang,ribuan kilo sayur mayur dan buah di buang setiap bulannya karena kebanyakan basi dan tidak di makan siswa2",194,31,negative,0.995355486869812,mbg buang2 duit negara ribu kilo beras buang ribu kilo ikan buang ribu kilo sayur mayur buah buang bulan banyak basi makan siswa2,anger,0.5304005742073059
"Ortu saya pedagang telor asin kecil,kapasitasnya paling cuman 300 butir sehari,gak bisa ikut nyuplai MBG,tapi gara2 mbg belanja untuk produksi telor asin meningkat karena harga naik,stok bantak diambil oleh mbg,adik saya juga gak setiap nerima mbg kemakan, untungnya belum pernah keracunan,dan adik saya lebih sering makan daging sapi,dan ayam dari ortu daripada mbg
Funfact:adik saya belum pernah nerima mbg rendang, sedangkan saya pernah menerima rendang dari jumat berkah di masjid,dan itu lengkap dengan satu porsi makanan yg lain",8,2 months ago,@kinme_wakana_no_danna_san,"ortu saya pedagang telor asin kecil,kapasitasnya paling cuman 300 butir sehari,gak bisa ikut nyuplai mbg,tapi gara2 mbg belanja untuk produksi telor asin meningkat karena harga naik,stok bantak diambil oleh mbg,adik saya juga tidak setiap nerima mbg kemakan, untungnya belum pernah keracunan,dan adik saya lebih sering makan daging sapi,dan ayam dari ortu daripada mbg funfact adik saya belum pernah nerima mbg rendang, sedangkan saya pernah menerima rendang dari jumat berkah di masjid,dan itu lengkap dengan satu porsi makanan yang lain",538,79,positive,0.90859454870224,ortu dagang telor asin kecil kapasitas paling cuman 300 butir hari gak ikut nyuplai mbg tapi gara2 mbg belanja produksi telor asin tingkat harga naik stok bantak ambil mbg adik nerima mbg makan untung pernah racun dan adik lebih sering makan daging sapi dan ayam ortu mbg funfact adik pernah nerima mbg rendang pernah terima rendang jumat berkah masjid dan lengkap satu porsi makan,sadness,0.5724561810493469
takutnya nasip prediden kita sama dgn ptesiden pertama yg ngotot dgn idiologi ciptaanya bedanya ...presiden sekarang ngotot dgn programnya.....,0,2 months ago,@alirahmat371,takutnya nasip prediden kita sama dengan ptesiden pertama yang ngotot dengan idiologi ciptaanya bedanya ...presiden sekarang ngotot dengan programnya.....,154,19,negative,0.9876798391342163,takut nasip prediden sama ptesiden pertama ngotot idiologi ciptaanya beda presiden sekarang ngotot program,anger,0.8973422050476074
"Sukses ini program untuk mengurangi stanting,,, bgt anak stantiting diksih mbg lsg pindah alam😂😂😂",0,2 months ago,@muhadyeadye,"sukses ini program untuk mengurangi stanting,, bgt anak stantiting diksih mbg lsg pindah alam",93,14,positive,0.9830043315887451,sukses program kurang stanting bgt anak stantiting diksih mbg lsg pindah alam,happy,0.7452200055122375
"Suatu saat kita akan lihat gambar meme presiden di belakang Truk yg berisi gambar Pak Presiden SBY berkata ""Halo apa kabar, lebih adem ayem jaman saya kan? 😇""",1,2 months ago,@plesnamduwa,"suatu saat kita akan lihat gambar meme presiden di belakang truk yang berisi gambar bapak presiden sby berkata halo apa kabar, lebih adem ayem jaman saya kan",157,27,neutral,0.6386690139770508,suatu lihat gambar meme presiden belakang truk isi gambar bapak presiden sby kata halo apa kabar lebih adem ayem jaman,happy,0.8151116371154785
"Hapus MBG, alihkan ke Subsidi BBM",0,2 months ago,@ToAo-f7v,"hapus mbg, alihkan ke subsidi bbm",33,6,neutral,0.7501040101051331,hapus mbg alih subsidi bbm,anger,0.402803510427475
Program modus berkedok gizi dari Presiden badut. .jogetin aja..😂,0,2 months ago,@cuannd1501,program modus berkedok gizi dari presiden badut. .jogetin aja..,63,9,negative,0.9986627101898193,program modus kedok gizi presiden badut jogetin aja,anger,0.8564717173576355
"Kenapa MBG 335 T rawan KKN sangat Miris? 
1.Populasi rakyat miskin 65 % sangat tak sebanding dgn besarnya anggaran 335T MBG
2.Dilakukan saat hutang jatuh tempo mencapai rekor tertinggi 
3.Menambah Beban hutang & Defisit Anggaran
4.Anggaran melebihi budget Kemenkes ( pertama didunia) 
5.Dikuasai kroni kroninya terutama anggota dewan & si ijo.(hanya menambah pundi pundi kekayaan para oknum) 
6.Tidak konsisten dgn kampanye ""Efisiensi Anggaran"". Pemborosan sistematis yang menciptakan bom waktu ekonomi yaitu = *kebangkrutan*.

Mereka tidak peduli kritikan & amarah rakyat, dgn penuh nafsu tetap menggeber program ini & mengabaikan segala resiko yang akan timbul dimasa depan",1,2 months ago,@Utang10.000T_bangkrut,"kenapa mbg 335 triliun rawan kkn sangat miris 1.populasi rakyat miskin 65 % sangat tidak sebanding dengan besarnya anggaran 335 triliun mbg 2.dilakukan saat hutang jatuh tempo mencapai rekor tertinggi 3.menambah beban hutang defisit anggaran 4.anggaran melebihi budget kemenkes pertama didunia 5.dikuasai kroni kroninya terutama anggota dewan si ijo. hanya menambah pundi pundi kekayaan para oknum 6.tidak konsisten dengan kampanye efisiensi anggaran . pemborosan sistematis yang menciptakan bom waktu ekonomi yaitu kebangkrutan . mereka tidak peduli kritikan amarah rakyat, dengan penuh nafsu tetap menggeber program ini mengabaikan segala resiko yang akan timbul dimasa depan",677,94,negative,0.9981803894042969,mbg 335 triliun rawan kkn sangat miris 1 populasi rakyat miskin 65  sangat banding besar anggar 335 triliun mbg 2 laku hutang jatuh tempo capai rekor tinggi 3 tambah beban hutang defisit anggar 4 anggar lebih budget kemenkes pertama dunia 5 asai kroni kroni utama anggota dewan si ijo tambah pundi pundi kaya oknum 6 tidak konsisten kampanye efisiensi anggar  boros sistematis cipta bom waktu ekonomi bangkrut  peduli kritik amarah rakyat penuh nafsu tetap geber program abai segala resiko timbul masa depan,anger,0.468833863735199
"Demi masarakat miskin yang kelaparan tapi di sebar mayoritas di perkotaan😂

Katanya buat nyerap tenaga kerja tapi tidak berhitung nilai subtitusi jika membangun infrastruktur dan dorongan pengembangan teknologi produksi😂

Katanya untuk membangun sdm berkualitas tapi kok ade ade kita di kasih mainset subsidi sejak dini😂😂😂",0,2 months ago,@galih203,demi masarakat miskin yang kelaparan tapi di sebar mayoritas di perkotaan katanya untuk nyerap tenaga kerja tapi tidak berhitung nilai subtitusi jika membangun infrastruktur dan dorongan pengembangan teknologi produksi katanya untuk membangun sumber daya manusia berkualitas tapi kok ade ade kita di kasih mainset subsidi sejak dini,332,47,negative,0.9735793471336365,masarakat miskin lapar sebar mayoritas kota kata nyerap tenaga kerja hitung nilai subtitusi bangun infrastruktur dorong kembang teknologi produksi kata bangun sumber daya manusia kualitas kok ade ade kasih mainset subsidi sejak dini,anger,0.8273002505302429
"Maaf dari awal disampaikan di debat capres , saya sama sekali tidak terkesan mengenai Makan Bergizi ini ...",0,2 months ago,@alandpolma,"maaf dari awal disampaikan di debat capres , saya sama sekali tidak terkesan mengenai makan bergizi ini ...",107,18,negative,0.9962397813796997,maaf awal sampai debat capres  sama sekali kes kena makan gizi ,anger,0.4117886424064636
Nyerap tenaga kerja 1 juta tapi biaya 350 trilyon tak pakai otak,0,2 months ago,@jayalestari5605,nyerap tenaga kerja 1 juta tapi biaya 350 trilyon tidak pakai otak,66,12,negative,0.9307195544242859,nyerap tenaga kerja 1 juta biaya 350 trilyon pakai otak,anger,0.4669986963272095
1000% beban msyrkt dan negara....,0,2 months ago,@Erwansya-hp2tm,100% beban msyrkt dan negara....,32,5,neutral,0.9315366744995117,100 beban msyrkt negara,anger,0.4282478392124176
"Beban keuangan negara...
Manfaatnya tidak terasa untuk pelaku usaha.terutama untuk pedagang..
Harga kulakan semakin tinggi dan kelangakaan barang terutama untuk minyak goreng dan susu uht.
Daya beli super menurun.",0,2 months ago,@azwarmudhori7903,beban keuangan negara... manfaatnya tidak terasa untuk pelaku usaha.terutama untuk pedagang.. harga kulakan semakin tinggi dan kelangakaan barang terutama untuk minyak goreng dan susu uht. daya beli super menurun.,213,29,negative,0.9886471629142761,beban uang negara manfaat asa laku usaha utama dagang harga kulak makin tinggi kelangakaan barang utama minyak goreng susu uht daya beli super turun,sadness,0.5875813364982605
"Sama bang. Tapi kasus saya, ibu saya jualan ayam potong di pasar.",0,1 month ago,@Antasena007,"sama bang. tapi kasus saya, ibu saya jualan ayam potong di pasar.",65,12,negative,0.8834152221679688,sama bang kasus saya ibu jual ayam potong pasar,fear,0.3804214894771576
Atau diganti nama dengan program makan bergizi bersubsidi agar ada program potensi lain yaitu sektor perluasan industri untuk perbanyak lapangan kerja serta stabilitas ekonomi rakyat,0,2 months ago,@tyoyudha_,atau diganti nama dengan program makan bergizi bersubsidi agar ada program potensi lain yaitu sektor perluasan industri untuk perbanyak lapangan kerja serta stabilitas ekonomi rakyat,182,25,neutral,0.9202335476875305,ganti nama program makan gizi subsidi program potensi sektor luas industri banyak lapang kerja stabilitas ekonomi rakyat,happy,0.5061821937561035
stop bilang relawan. mreka itu karyawan,0,2 months ago,@sentong2575,stop bilang relawan. mreka itu karyawan,39,6,negative,0.8266515135765076,stop bilang rawan mreka karyawan,anger,0.6946107149124146
MBG  ( MALING BERKEDOK GIZI ) program nya luar biasa semua perut nya para maling koruptor nya bertambah gemuk😮😮,0,2 months ago,@YusupSaputra-r1w,mbg maling berkedok gizi program nya luar biasa semua perut nya para maling koruptor nya bertambah gemuk,104,17,negative,0.9979842901229858,mbg maling kedok gizi program luar biasa semua perut maling koruptor tambah gemuk,happy,0.46656545996665955
"Targetnya pemilu 2029... MBG dan koperasi merah putih untuk modal elite 2029...😊
Faktanya masyarakat di perdesaan daya belinya turun jauh, karena putaran uang terpusat di elite...😢",0,2 months ago,@anthony-wg8qn,"targetnya pemilu 2029... mbg dan koperasi merah putih untuk modal elite 2029... faktanya masyarakat di perdesaan daya belinya turun jauh, karena putaran uang terpusat di elite...",178,26,negative,0.4997090697288513,target milu 2029 mbg koperasi merah putih modal elite 2029 fakta masyarakat desa daya beli turun jauh putar uang pusat elite,sadness,0.47246065735816956
Ini kan program kampanye Prabowo jadi mau ga mau harus direalisasikan pas jadi pres. Wajar aja.,0,2 months ago,@andreasd1202,ini kan program kampanye prabowo jadi mau tidak mau harus direalisasikan pas jadi pres. wajar aja.,98,16,negative,0.9018164277076721,program kampanye prabowo mau mau realisasi pas pres wajar aja,anger,0.6851111650466919
"Intinya yang korupsi korupsi dan serakah nya ini yang meresahkan, Dana APBN mau ke MBG mau ke PENDIDIKAN kalo ga di korupsi ya aman aman aja. Indonesia sejahtera, cobalah korupsi di hukum berat, tahanan korupsi jadi tahanan rumah. Enak banget kan hidup di Indonesia,",0,2 months ago,@azonmlw4596,"intinya yang korupsi korupsi dan serakah nya ini yang meresahkan, dana anggaran pendapatan belanja negara mau ke mbg mau ke pendidikan kalau tidak di korupsi ya aman aman aja. indonesia sejahtera, cobalah korupsi di hukum berat, tahanan korupsi jadi tahanan rumah. enak banget kan hidup di indonesia,",300,47,negative,0.9578790068626404,inti korupsi korupsi serakah resah dana anggar dapat belanja negara mau mbg mau didik korupsi aman aman aja indonesia sejahtera coba korupsi hukum berat tahan korupsi tahan rumah enak banget hidup indonesia,anger,0.8602213859558105
"Dan masih aja ada anomali yang bilang ""siapa suruh milih makan gratis, dibandingkan pendidikan gratis"".
Padahal MBG yang 15k/hari untuk satu orang aja udah kaya gini, gimana pendidikan yang untuk satu orangnya bisa lebih dari itu.... lebih mimpi basah lagi. memang harusnya fokus indonesia lebih ke arah bersih bersih korupsi, nepotisme, dll.",0,2 months ago,@Datum-w7y,"dan masih aja ada anomali yang bilang siapa suruh milih makan gratis, dibandingkan pendidikan gratis . padahal mbg yang 15 ribu hari untuk satu orang aja sudah kaya gini, gimana pendidikan yang untuk satu orangnya bisa lebih dari itu.... lebih mimpi basah lagi. memang harusnya fokus indonesia lebih ke arah bersih bersih korupsi, nepotisme, dll.",346,55,negative,0.9958119988441467,anomali bilang siapa suruh milih makan gratis banding didik gratis  padahal mbg 15 ribu hari satu orang kaya gin gimana didik satu orang lebih itu lebih mimpi basah lagi memang harus fokus indonesia lebih arah bersih bersih korupsi nepotisme dll,anger,0.5959312319755554
"Ini program bagi2 duit secara legal buat para pendukungnya.
Da jelas ga ada manfaatnya sama sekali apalagi stunting. Karena program yg ga selektif untuk siapa diberikan itu makanan. Org2 kelas menengah apa perlu mbg? Setelah makan malah perlu pengeluaran lebih besar buat biaya berobat karena anaknya keracunan.",0,2 months ago,@paulusmesias9129,ini program bagi2 duit secara legal untuk para pendukungnya. da jelas tidak ada manfaatnya sama sekali apalagi stunting. karena program yang tidak selektif untuk siapa diberikan itu makanan. org2 kelas menengah apa perlu mbg setelah makan malah perlu pengeluaran lebih besar untuk biaya berobat karena anaknya keracunan.,320,47,negative,0.9980447292327881,program bagi2 duit legal dukung da jelas manfaat sama sekali stunting program selektif siapa beri makan org2 kelas tengah apa perlu mbg makan malah perlu keluar lebih besar biaya obat anak racun,anger,0.631004273891449
MBG itu untuk dampak ekonomi supaya perputaran apbn nya sampai ke masyarakat kalangan menengah - bawah dan terasa ke pasar pasar yang ada di sekitar dapur MBG programnya bagus kok kak baik buruknya semua pemimpin indonesia semua tujuannya melindungi bangsa indonesia kesalahan hanya terdapat di oknum yang tidak bertanggung jawab jadi mari jangan pecah belah bangsa sendiri yuk dukung program pemerintah dan kritik sewajarnya bila punya pola pemikiran yang berbeda indonesia adalah kita dan untuk kita,0,2 months ago,@ErsaErsaraka-h2c,mbg itu untuk dampak ekonomi supaya perputaran anggaran pendapatan belanja negara nya sampai ke masyarakat kalangan menengah bawah dan terasa ke pasar pasar yang ada di sekitar dapur mbg programnya bagus kok kak baik buruknya semua pemimpin indonesia semua tujuannya melindungi bangsa indonesia kesalahan hanya terdapat di oknum yang tidak bertanggung jawab jadi mari jangan pecah belah bangsa sendiri yuk dukung program pemerintah dan kritik sewajarnya bila punya pola pemikiran yang berbeda indonesia adalah kita dan untuk kita,529,78,positive,0.9772055745124817,mbg dampak ekonomi putar anggar dapat belanja negara masyarakat kalang tengah bawah asa pasar pasar dapur mbg program bagus kok kak baik buruk semua pimpin indonesia semua tuju lindung bangsa indonesia salah dapat oknum tanggung jawab jangan pecah belah bangsa sendiri yuk dukung program perintah kritik wajar bila punya pola pikir beda indonesia,happy,0.48428183794021606
"anak saya badannya kecil bukan karna kurang makan tapi susah makan, udah dikasi makan enak tetp aja males makan.
apalgi dikasi MBG malah di buang wong masakan dari orang tuanya aja gak dimakan",0,2 months ago,@RudiAkbar-t9q,"anak saya badannya kecil bukan karna kurang makan tapi susah makan, sudah dikasi makan enak tetp aja males makan. apalgi dikasi mbg malah di buang wong masakan dari orang tuanya aja tidak dimakan",195,33,negative,0.9961099028587341,anak badan kecil bukan karna kurang makan susah makan kasi makan enak tetp males makan apalgi kasi mbg malah buang wong masakan orang tua makan,sadness,0.7406210899353027
"MBG itu jalur korupsi dan nepotism secara legal..
Bagi2 jatah... Ormas2, kroni2 pendukung, semua dibagi2 jatah.. 
Itu alesan MBG tidak akan dihentikan.. Tolong Berenti pake alesan demi anak2.. 
Krn di perkotaan banyak anak2 ga butuh. Kl daerah terpencil wajar.. 
Dan kl emg buat perekonomian lancar.. Yauda dibagi2 aj jatah ke pengusaha kecil warteg dll.. Modal lbh kecil jd bisa kandungan MBG nya lbh banyak dan bergizi.. 

Mau alesan ga trjamin kebersihan nya?.. Lhaa skrg aj banyak kasus.. 
6 jt sehari is real.. Jd apa MBG emg buat anak2.. Atau emg buat proyek Bagi2 jatah!??",0,2 months ago,@rebirth99661,"mbg itu jalur korupsi dan nepotism secara legal.. bagi2 jatah... ormas2, kroni2 pendukung, semua dibagi2 jatah.. itu alesan mbg tidak akan dihentikan.. tolong berenti pake alesan demi anak2.. karena di perkotaan banyak anak2 tidak butuh. kl daerah terpencil wajar.. dan kl memang untuk perekonomian lancar.. yauda dibagi2 aj jatah ke pengusaha kecil warteg dll.. modal lebih kecil jadi bisa kandungan mbg nya lebih banyak dan bergizi.. mau alesan tidak trjamin kebersihan nya .. lhaa sekarang aj banyak kasus.. 6 juta sehari is real.. jadi apa mbg memang untuk anak2.. atau memang untuk proyek bagi2 jatah",605,95,negative,0.8526802062988281,mbg jalur korupsi nepotism legal bagi2 jatah ormas2 kroni2 dukung semua dibagi2 jatah alesan mbg henti renti pake alesan anak2 kota banyak anak2 butuh kl daerah pencil wajar kl memang ekonomi lancar yauda dibagi2 aj jatah usaha kecil warteg dll modal lebih kecil kandung mbg lebih banyak gizi mau alesan trjamin bersih  lhaa sekarang aj banyak kasus 6 juta hari is real apa mbg memang anak2 memang proyek bagi2 jatah,anger,0.8828227519989014
Malaysia sudah lama buat makan gratis dari tahun 70 an sehingga sekarang cuma kepada pelajar miskin jika kaya beli sendiri dan indonesia kenapa pelajar kaya pun makan jugak,0,2 months ago,@jusinfinitijutawanherbs9864,malaysia sudah lama untuk makan gratis dari tahun 70 an sehingga sekarang cuma kepada pelajar miskin jika kaya beli sendiri dan indonesia kenapa pelajar kaya pun makan jugak,173,28,negative,0.9526839256286621,malaysia lama makan gratis tahun 70 an sekarang cuma ajar miskin kaya beli sendiri indonesia ajar kaya makan jugak,anger,0.45986852049827576
"Nda ngaruh ke ekonomi, malah jdi ladang baru untuk membajak anggaran😂",0,2 months ago,@heroofthehood,"nda ngaruh ke ekonomi, malah jadi ladang baru untuk membajak anggaran",69,11,negative,0.9522817730903625,nda ngaruh ekonomi malah ladang baru bajak anggar,anger,0.44365525245666504
"mbg diuangkan lebih irit 1m aja 3jt  
/ Orang per blm ekonomi masyarakat lebih maju",0,2 months ago,@CahyaSaputra-c7t,mbg diuangkan lebih irit 1 miliar aja 3 juta orang per belum ekonomi masyarakat lebih maju,90,16,negative,0.4267538785934448,mbg uang lebih irit 1 miliar 3 juta orang per ekonomi masyarakat lebih maju,anger,0.676582396030426
Bagus jika tak mau MBG perang dunia 3 tanam saja sendiri,0,2 months ago,@Parmi-bc5iu,bagus jika tidak mau mbg perang dunia 3 tanam saja sendiri,58,11,negative,0.9591777324676514,bagus mau mbg perang dunia 3 tanam sendiri,anger,0.6578131318092346
"asli bebam negara ,, MBG tempatnya tikus ,, mulai tikus kecil sampai tikus besar semua tikus lengkap di MBG",0,2 months ago,@RiswanBaryan,"asli bebam negara ,, mbg tempatnya tikus ,, mulai tikus kecil sampai tikus besar semua tikus lengkap di mbg",107,19,negative,0.9961345195770264,asli bebam negara  mbg tempat tikus  mulai tikus kecil tikus besar semua tikus lengkap mbg,happy,0.7345598936080933
"Disekolah anak ku mbg pada dibuang krn gak enak lagian takut beracun,",0,2 months ago,@FaizaSofyan-e8m,"disekolah anak ku mbg pada dibuang karena tidak enak lagian takut beracun,",74,12,negative,0.9964578747749329,seko anak ku mbg buang enak lagi takut racun,fear,0.9176616072654724
Penggerak Roda korupsi kali ya lebih Tepatnya. 😂,0,2 months ago,@MidoriOtoko,penggerak roda korupsi kali ya lebih tepatnya.,46,7,negative,0.9667302966117859,gerak roda korupsi kali lebih tepat,sadness,0.6899927258491516
"Mnding subsidi krl ato mrt, jelas2 uang pajak pekerja yg dipake",0,2 months ago,@mawar7957,"mnding subsidi krl ato mrt, jelas2 uang pajak pekerja yang dipake",65,11,negative,0.9826735854148865,mnding subsidi krl ato mrt jelas2 uang pajak kerja dipake,anger,0.791397213935852
"sebenarnya tugas ngasih makan siswa itu tugas orang tua, tapi banyak orang tua di indonesia yang tidak berkecukupan sehingga banyak stunting yang diakibatkan tidak terpenuhi nya gizi anaknya, peran negara harus nya menyediakan lapangan pekerjaan dan gaji yang layak, sehingga anak anak di Indonesia tidak mengalami stunting dan basic pangan bisa dicukupi dengan layak, andai dana MBG buat bikin lapangan pekerjaan yang banyak",0,2 months ago,@galangngr,"sebenarnya tugas ngasih makan siswa itu tugas orang tua, tapi banyak orang tua di indonesia yang tidak berkecukupan sehingga banyak stunting yang diakibatkan tidak terpenuhi nya gizi anaknya, peran negara harus nya menyediakan lapangan pekerjaan dan gaji yang layak, sehingga anak anak di indonesia tidak mengalami stunting dan basic pangan bisa dicukupi dengan layak, andai dana mbg untuk bikin lapangan pekerjaan yang banyak",426,63,positive,0.6283687949180603,benar tugas ngasih makan siswa tugas orang tua banyak orang tua indonesia cukup banyak stunting akibat penuh gizi anak peran negara sedia lapang kerja gaji layak anak anak indonesia alami stunting basic pangan cukup layak andai dana mbg bikin lapang kerja banyak,sadness,0.5990979075431824
"STUNTING itu hanya alasan kosong, target utama pemerintah adalah pemenangan pemilu 2029 dengan mengerahkan MBG sebagai mesin. Ekonomi partai dan simpatisan bahkan tentara, karena banyak SPPG diduga berafiliasi dengan kelompok2 tertentu!!!",0,2 months ago,@Domikadomikadoeska,"stunting itu hanya alasan kosong, target utama pemerintah adalah pemenangan pemilu 2029 dengan mengerahkan mbg sebagai mesin. ekonomi partai dan simpatisan bahkan tentara, karena banyak satuan pelayanan pemenuhan gizi diduga berafiliasi dengan kelompok2 tertentu",262,34,negative,0.7238394021987915,stunting alas kosong target utama perintah menang milu 2029 kerah mbg mesin ekonomi partai simpatisan bahkan tentara banyak satu layan penuh gizi duga afiliasi kelompok2 tentu,anger,0.382925808429718
"penyediaan makanan bergizi memang program yg sangat bagus (saya tdk sebutkan gratis, karena itu semua TIDAK GRATIS). tp saat ini Indonesia msh punya PR yg jauh lebih prioritas drpd pemenuhan 1/3 gizi harian anak. jika tujuannya utk mencegah stunting, program seharusnya menyasar ibu hamil dan balita. jika bertujuan utk memberi gizi pd anak2 dibawah garis kemiskinan, program seharusnya menyasar anak2 dr keluarga kurang mampu. penyediaan makan bergizi cuma 1x per hari, 2xnya tetap orang tua yg menyediakan, dimana harga bahan dipasaran jd mengalami lonjakan yg cukup drastis krn program ini.

drpd digunakan utk penyediaan makanan, anggaran bs dialokasikan utk moderenisasi sektor pertanian, peternakan. anggaran bs digunakan utk kelayakan gaji guru. anggaran bs digunakan utk perbaikan dan pengadaan infrastruktur. anggaran bs digunakan utk menggratiskan dan benar-benar 0 biaya utk sekolah, sprti pengadaan seragam, sepatu, alat tulis, buku penunjang, dan lain sebagainya.

jika sektor pertanian, peternakan, dan infrastruktur diperbaiki dan ditingkatkan, sangat bs dipastikan bs menekan harga kebutuhan pangan. sebenarnya masyarakat indonesia itu bukan tdk tahu bahwa gizi itu hal yg sangat penting, mereka tahu dan sangat tahu (termasuk saya). tp keterbatasan utk mencapai gizi itulah yg harus dicari solusinya. bagi saya solusinya bukan dgn memberi 1x makan bergizi, tp seharusnya meningkatkan pendapatan perkapita dan memperbaiki infrastruktur utk pencapaian gizi tsb agar lebih terjangkau bagi masyarakat",0,2 months ago,@sriwulandari5596,"penyediaan makanan bergizi memang program yang sangat bagus saya tidak sebutkan gratis, karena itu semua tidak gratis . tapi saat ini indonesia masih punya pr yang jauh lebih prioritas drpd pemenuhan 1 3 gizi harian anak. jika tujuannya untuk mencegah stunting, program seharusnya menyasar ibu hamil dan balita. jika bertujuan untuk memberi gizi pada anak2 dibawah garis kemiskinan, program seharusnya menyasar anak2 dari keluarga kurang mampu. penyediaan makan bergizi cuma 1x per hari, 2xnya tetap orang tua yang menyediakan, dimana harga bahan dipasaran jadi mengalami lonjakan yang cukup drastis karena program ini. drpd digunakan untuk penyediaan makanan, anggaran bisa dialokasikan untuk moderenisasi sektor pertanian, peternakan. anggaran bisa digunakan untuk kelayakan gaji guru. anggaran bisa digunakan untuk perbaikan dan pengadaan infrastruktur. anggaran bisa digunakan untuk menggratiskan dan benar benar 0 biaya untuk sekolah, sprti pengadaan seragam, sepatu, alat tulis, buku penunjang, dan lain sebagainya. jika sektor pertanian, peternakan, dan infrastruktur diperbaiki dan ditingkatkan, sangat bisa dipastikan bisa menekan harga kebutuhan pangan. sebenarnya masyarakat indonesia itu bukan tidak tahu bahwa gizi itu hal yang sangat penting, mereka tahu dan sangat tahu termasuk saya . tapi keterbatasan untuk mencapai gizi itulah yang harus dicari solusinya. bagi saya solusinya bukan dengan memberi 1x makan bergizi, tapi seharusnya meningkatkan pendapatan perkapita dan memperbaiki infrastruktur untuk pencapaian gizi tsb agar lebih terjangkau bagi masyarakat",1577,218,positive,0.48778918385505676,sedia makan gizi memang program sangat bagus sebut gratis semua gratis  indonesia punya pr jauh lebih prioritas drpd penuh 1 3 gizi hari anak tuju cegah stunting program sasar ibu hamil balita tuju beri gizi anak2 bawah garis miskin program sasar anak2 keluarga kurang mampu sedia makan gizi cuma 1x per hari 2xnya tetap orang tua sedia harga bahan pasar alami lonjak cukup drastis program ini drpd guna sedia makan anggar alokasi moderenisasi sektor tani terna anggar guna layak gaji guru anggar guna baik ada infrastruktur anggar guna gratis benar benar 0 biaya sekolah sprti ada seragam sepatu alat tulis buku tunjang bagai sektor tani terna infrastruktur baik tingkat sangat pasti tekan harga butuh pangan benar masyarakat indonesia bukan tahu gizi sangat penting tahu sangat tahu masuk  batas capai gizi cari solusi solusi bukan beri 1x makan gizi tingkat dapat kapita baik infrastruktur capai gizi tsb lebih jangkau masyarakat,sadness,0.7496955394744873
"Kenapa hatimu begitukeras pak dg mempertahankan MBG program yg banyak mudorotnya banyak di korupsinya ,ya Allah lembutkan lah hati presiden dan buka kan matanya apa yg terjadi dg program MBG yg bpk bsnggakan",0,2 months ago,@AsepSopyan-d3v,"kenapa hatimu begitukeras bapak dengan mempertahankan mbg program yang banyak mudorotnya banyak di korupsinya ,ya allah lembutkan lah hati presiden dan buka kan matanya apa yang terjadi dengan program mbg yang bapak bsnggakan",225,33,negative,0.9960269927978516,hati begitukeras bapak tahan mbg program banyak mudorotnya banyak korupsi ya allah lembut hati presiden buka mata apa jadi program mbg bapak bsnggakan,anger,0.40646445751190186
"Ibarat Orangtua yg kehidupan ekonominya pas pasan, kemudian minjem uang ke bank buat ngasih makan anaknya, sedangkan anaknya blm bisa bekerja utk menghasilkan uang, kira2 orangtua tsb bisa balikin uang ke bank atau tidak?",0,2 months ago,@m.al5331,"ibarat orangtua yang kehidupan ekonominya pas pasan, kemudian minjem uang ke bank untuk ngasih makan anaknya, sedangkan anaknya belum bisa bekerja untuk menghasilkan uang, kira2 orangtua tsb bisa balikin uang ke bank atau tidak",227,34,negative,0.9800538420677185,ibarat orangtua hidup ekonomi pas pas kemudian minjem uang bank ngasih makan anak anak kerja hasil uang kira2 orangtua tsb balikin uang bank,fear,0.3865012526512146
"Yang dirasakan Rakyat, MGB ga dirasa manfaatnya buat anak, keluarga juga mampu kalo hanya buat beliin jeruk, susu kotak segede upil, makanan yg lebih enak dimasak Mamah.
Yg dirasakan adalah: Harga sembako makin melejit, ga pernah turun sejak adanya nih program.
Kalo mau, salurkan langsung saja ke yg membutuhkan.",0,2 months ago,@IdjaPamungkas,"yang dirasakan rakyat, mgb tidak dirasa manfaatnya untuk anak, keluarga juga mampu kalau hanya untuk beliin jeruk, susu kotak segede upil, makanan yang lebih enak dimasak mamah. yang dirasakan adalah harga sembako makin melejit, tidak pernah turun sejak adanya ini program. kalau mau, salurkan langsung saja ke yang membutuhkan.",328,49,positive,0.9782505631446838,rasa rakyat mgb rasa manfaat anak keluarga mampu beliin jeruk susu kotak gede upil makan lebih enak masak mamah rasa harga sembako makin lejit pernah turun sejak ada program mau salur langsung butuh,sadness,0.8245493173599243
"Jelas program ini tdk akan dihentikan krn utk elektabikitas di Pilpres berikutnya. Beliau ini tdk punya konsep yg jelas negara dan rakyat ini mau dibawa kemana 5 thn kedepan. Maaf mngkn dipikiran beliau cita2 masa kecilnya sdh tercapai..jd presiden hanya utk gagah2an. Pdhl tanggung jwbnya besar. MBG, DANANTARA, K9PERASI MERAH PUTIH adalah ide org lain yg dia terapkan",0,2 months ago,@yosefsirenden8089,"jelas program ini tidak akan dihentikan karena untuk elektabikitas di pilpres berikutnya. beliau ini tidak punya konsep yang jelas negara dan rakyat ini mau dibawa kemana 5 thn kedepan. maaf mngkn dipikiran beliau cita2 masa kecilnya sudah tercapai..jd presiden hanya untuk gagah2an. pdhl tanggung jwbnya besar. mbg, danantara, k9perasi merah putih adalah ide orang lain yang dia terapkan",388,58,negative,0.9568976759910583,jelas program henti elektabikitas pilpres ikut beliau punya konsep jelas negara rakyat mau bawa 5 thn depan maaf mngkn pikir beliau cita2 masa kecil capai jd presiden gagah2an pdhl tanggung jwbnya besar mbg danantara k9perasi merah putih ide orang terap,anger,0.6306126117706299
Aku gak mempermasalahkan mbg malahan bagus cuma pengelolanya kurang ajar programnya masih cacat dan banyak terjadinya korupsi,0,2 months ago,@revalrivaldi2740,saya tidak mempermasalahkan mbg malahan bagus cuma pengelolanya kurang ajar programnya masih cacat dan banyak terjadinya korupsi,128,17,negative,0.9984917640686035,masalah mbg malah bagus cuma kelola kurang ajar program cacat banyak jadi korupsi,anger,0.8044085502624512
"Bahas juga perputaran uang, modal,setoran, target resiko,manfaat dari koperasi merah putih 🙏",0,2 months ago,@rindosulistyo8284,"bahas juga perputaran uang, modal,setoran, target resiko,manfaat dari koperasi merah putih",90,11,neutral,0.6727132797241211,bahas putar uang modal setor target resiko manfaat koperasi merah putih,happy,0.5955119729042053
Prabowo ingin mensejahterakan para penjilatnya bukan rakyat jelata 😅,1,2 months ago,@PAIN-_-ID-u7h,prabowo ingin mensejahterakan para penjilatnya bukan rakyat jelata,66,8,neutral,0.7036932110786438,prabowo sejahtera jilat bukan rakyat jelata,happy,0.3817831575870514
Buat rakyat donk..masa buat si Gemoy?? (sambil berkhayal),0,2 months ago,@bb3nq1,untuk rakyat donk..masa untuk si gemoy sambil berkhayal,55,8,negative,0.9885609745979309,rakyat donk masa si gemoy khayal,anger,0.6221113801002502
"MBG program produk gagal,..d awal launching penuh tanda tanya...proses yg sedang berjalan banyak temuan masalah,...akhir evaluasi program..kita tunggu..?  Hampir dipastikan.. hasil nya ZONK...ini analisis orang awam😢",0,2 months ago,@ashadirahmat2278,"mbg program produk gagal,..d awal launching penuh tanda tanya...proses yang sedang berjalan banyak temuan masalah,...akhir evaluasi program..kita tunggu.. hampir dipastikan.. hasil nya zonk...ini analisis orang awam",215,26,negative,0.9910320043563843,mbg program produk gagal d awal launching penuh tanda tanya proses sedang jalan banyak temu masalah akhir evaluasi program kita tunggu hampir pasti hasil zonk ini analisis orang awam,fear,0.5355939269065857
"Ane lebih setuju kalo mbg diberikan untuk sekolah atau daerah yg rawan stunting seperti di papua dan lain lain karena kalo untuk di daerah yg tidak membutuhkan makanan sering kali tersisa dan malah banyak dibuang dan anggaran nya lebih baik dialihkan untuk pelatihan pertanian, peternakan,tehnik mesin dll.jadi pemerintah investasi di setiap desa dengan memberikan bantuan mesin tehnologi tinggi dan gratis di akses oleh masyarakat jadi SDM di indo maju dan juga buatkan daur ulang sampah di setiap desa terus juga bantu masyarakat yg kesusaha n dg memberikan pelatihan kerja biar mental miskin mereka berkurang dari pada dikasih uang,sebenarnya masih banyak program lain yg sangat bagus",0,2 months ago,@dedijunaedi5314,"ane lebih setuju kalau mbg diberikan untuk sekolah atau daerah yang rawan stunting seperti di papua dan lain lain karena kalau untuk di daerah yang tidak membutuhkan makanan sering kali tersisa dan malah banyak dibuang dan anggaran nya lebih baik dialihkan untuk pelatihan pertanian, peternakan,tehnik mesin dll.jadi pemerintah investasi di setiap desa dengan memberikan bantuan mesin tehnologi tinggi dan gratis di akses oleh masyarakat jadi sumber daya manusia di indo maju dan juga buatkan daur ulang sampah di setiap desa terus juga bantu masyarakat yang kesusaha n dengan memberikan pelatihan kerja biar mental miskin mereka berkurang dari pada dikasih uang,sebenarnya masih banyak program lain yang sangat bagus",717,107,positive,0.7854435443878174,ane lebih tuju mbg beri sekolah daerah rawan stunting papua daerah butuh makan sering kali sisa malah banyak buang anggar lebih baik alih latih tani terna tehnik mesin dll jadi perintah investasi desa beri bantu mesin tehnologi tinggi gratis akses masyarakat sumber daya manusia indo maju buat daur ulang sampah desa terus bantu masyarakat kesusaha n beri latih kerja biar mental miskin kurang kasih uang benar banyak program sangat bagus,happy,0.41430142521858215
"Proyek koruptif bagi-bagi anggaran sekedar bisa menghabiskan uang APBN berkedok program,alias MALING BERKEDOK GIZI.
Kalau MBG mau berjalan silakan di daerah² terluar,daerah pelosok & daerah tertinggal, bukan di daerah yang sudah relatif maju dalam berbgai hal.
Dasar WOWO & Pejabat MBG keblinger alias BOTOL & tidak punya malu.",0,2 months ago,@masturprd273,"proyek koruptif bagi bagi anggaran sekedar bisa menghabiskan uang anggaran pendapatan belanja negara berkedok program,alias maling berkedok gizi. kalau mbg mau berjalan silakan di daerah terluar,daerah pelosok daerah tertinggal, bukan di daerah yang sudah relatif maju dalam berbgai hal. dasar wowo pejabat mbg keblinger alias botol tidak punya malu.",350,49,negative,0.9846107363700867,proyek koruptif anggar dar habis uang anggar dapat belanja negara kedok program alias maling kedok gizi mbg mau jalan sila daerah luar daerah pelosok daerah tinggal bukan daerah relatif maju berbgai hal dasar wowo jabat mbg keblinger alias botol punya malu,anger,0.955764651298523
"Narasi menyesatkan,sok menjelaskan,ujung2nya menyudutkan pemerintah",0,2 months ago,@rasyidrhido6472,"narasi menyesatkan,sok menjelaskan,ujung2nya menyudutkan pemerintah",67,5,negative,0.9981847405433655,narasi sesat sok jelas ujung2nya sudut perintah,anger,0.6519569754600525
Saya hanya setuju MBG diterapkan di daerah kabupaten tertinggal seperti di Papua dan Indonesia Timur lain,0,2 months ago,@afifibaidlowi5978,saya hanya setuju mbg diterapkan di daerah kabupaten tertinggal seperti di papua dan indonesia timur lain,105,16,negative,0.8574097156524658,tuju mbg terap daerah kabupaten tinggal papua indonesia timur,sadness,0.39106425642967224
Seharusnya dapat menjadi Investasi Pemerintah yang Berkelanjutan dengan konsep sinergi KDMP dan MBG sebagai bisnis utama yang dikelola seluruhnya oleh Desa sehingga membentuk kemandirian fiskal dan ketahanan pangan di Desa.,0,2 months ago,@PSI-w5q,seharusnya dapat menjadi investasi pemerintah yang berkelanjutan dengan konsep sinergi kdmp dan mbg sebagai bisnis utama yang dikelola seluruhnya oleh desa sehingga membentuk kemandirian fiskal dan ketahanan pangan di desa.,223,30,positive,0.6084784269332886,jadi investasi perintah lanjut konsep sinergi kdmp mbg bisnis utama kelola seluruh desa bentuk mandiri fiskal tahan pangan desa,happy,0.8140141367912292
Bagaimana kalau mbh diperuntukkan untuk anak usia paud sampai SD saja? Karena di usia merekakan makanan sangat menentukan gizi mereka untuk tumbuh di jenjang berikutnya. Selanjutnya setelah masuk usia SMP -Sma/smk baru di pokus kan pada pendidikan utamanya dari anggaran yang diperlukan baik bagi gaji guru dan pemenuhan fasilitas lain yang mampu menunjang pendidikan di usia tersebut???,0,2 months ago,@AbdillahfathDarmawangsa,bagaimana kalau mbh diperuntukkan untuk anak usia paud sampai sd saja karena di usia merekakan makanan sangat menentukan gizi mereka untuk tumbuh di jenjang berikutnya. selanjutnya setelah masuk usia smp sma smk baru di pokus kan pada pendidikan utamanya dari anggaran yang diperlukan baik bagi gaji guru dan pemenuhan fasilitas lain yang mampu menunjang pendidikan di usia tersebut,382,58,negative,0.9294747114181519,bagaimana mbh untuk anak usia paud sd usia mereka makan sangat tentu gizi tumbuh jenjang ikut lanjut masuk usia smp sma smk baru pokus didik utama anggar perlu baik gaji guru penuh fasilitas mampu tunjang didik usia sebut,sadness,0.6229947209358215
"Rakyat yg punya nalar waras bingung lihat cara pimpin Prabowo amburadul program nya sangat meng khawatirkan APBN jebol apa tidak tapi di ingatkan malah di anggap benci, biarin saja nanti sudah jebol baru ngrasa, yg sangat di nanti rakyat lapangan kerja bukan mbg dan kopdes",0,2 months ago,@warsito3674,"rakyat yang punya nalar waras bingung lihat cara pimpin prabowo amburadul program nya sangat meng khawatirkan anggaran pendapatan belanja negara jebol apa tidak tapi di ingatkan malah di anggap benci, biarin saja nanti sudah jebol baru ngrasa, yang sangat di nanti rakyat lapangan kerja bukan mbg dan kopdes",307,48,negative,0.9977594614028931,rakyat punya nalar waras bingung lihat cara pimpin prabowo amburadul program sangat meng khawatir anggar dapat belanja negara jebol apa ingat malah anggap benci biarin jebol baru ngrasa sangat rakyat lapang kerja bukan mbg kopdes,anger,0.9472466707229614
"Beban APBN banyak kebocoran soal korupsi entah dari bahan baku sampe alat dapur di mark up  (yg saya tau dari pedagang di pasar ada aja yg minta nota kosong , dari sisi SDM juga masih banyak yg ga tau soal food hygine, kontaminasi silang antara bahan. Pas parahnya lagi ada kasus murid cepu soal mbg ga layak besoknya ga di kasih lagi 🤦.",0,2 months ago,@sandyekaasmoro1745,"beban anggaran pendapatan belanja negara banyak kebocoran soal korupsi entah dari bahan baku sampe alat dapur di mark up yang saya tau dari pedagang di pasar ada aja yang minta nota kosong , dari sisi sumber daya manusia juga masih banyak yang tidak tau soal food hygine, kontaminasi silang antara bahan. pas parahnya lagi ada kasus murid cepu soal mbg tidak layak besoknya tidak di kasih lagi .",395,68,negative,0.9955110549926758,beban anggar dapat belanja negara banyak bocor soal korupsi entah bahan baku sampe alat dapur mark up tau dagang pasar minta nota kosong  sisi sumber daya manusia banyak tau soal food hygine kontaminasi silang bahan pas parah kasus murid cepu soal mbg layak besok kasih ,anger,0.42929354310035706
"Dari masih beroperasi saat libur sekolah dan puasa, sampai sekolah elite ikut dapet MBG, itu aja udah aneh dan ga hemat anggaran. Gimana rakyat mau mikir positif ke program ini coba",0,2 months ago,@ykzira2199,"dari masih beroperasi saat libur sekolah dan puasa, sampai sekolah elite ikut dapet mbg, itu aja sudah aneh dan tidak hemat anggaran. gimana rakyat mau mikir positif ke program ini coba",185,31,negative,0.9940045475959778,operasi libur sekolah puasa sekolah elite ikut dapet mbg aneh hemat anggar gimana rakyat mau mikir positif program coba,anger,0.8502582311630249
Dharma parekun benar wowo memiskinkan rakyat biar nurut... Kdmp dan mbg progam durjana,0,2 months ago,@ariffirmansyah2751,dharma parekun benar wowo memiskinkan rakyat biar nurut... kdmp dan mbg progam durjana,86,13,negative,0.9641820788383484,dharma parekun benar wowo miskin rakyat biar nurut kdmp mbg progam durjana,anger,0.9446664452552795
Disini dapur dikuasai sama dpr,0,2 months ago,@PujlenkOioi,disini dapur dikuasai sama dewan perwakilan rakyat,50,7,neutral,0.9869465231895447,sini dapur asai sama dewan wakil rakyat,anger,0.6045559048652649
memding buat beli cctv dipasang di kelas2. jadi tahu kualitas guru dan kualitas murid. jadi tahu anak kita di kelas dengerin guru atau malah nantangin guru😅😅,0,2 months ago,@nikeshoes-w8x,memding untuk beli cctv dipasang di kelas2. jadi tahu kualitas guru dan kualitas murid. jadi tahu anak kita di kelas dengerin guru atau malah nantangin guru,156,26,negative,0.822426438331604,memding beli cctv pasang kelas2 tahu kualitas guru kualitas murid tahu anak kelas dengerin guru malah nantangin guru,happy,0.38538169860839844
Bill Gates BOP vendor my skrip,0,2 months ago,@Nendie-ky8tg,bill gates bop vendor my skrip,30,6,neutral,0.9562908411026001,bill gates bop vendor my skrip,happy,0.6731112003326416
"Inilah program MBG yg selalu menjadi problema

Niat mau bikin program unggulan pemerintah 
tp karena kajiannya ga matang dan sangat instan 
yg ada bukannya manfaat 
tp malah mudarat 

yg lebih konyol lg program ini tetep dipaksakan untuk tetap jalan",0,2 months ago,@badrunAzis,inilah program mbg yang selalu menjadi problema niat mau bikin program unggulan pemerintah tapi karena kajiannya tidak matang dan sangat instan yang ada bukannya manfaat tapi malah mudarat yang lebih konyol lagi program ini tetep dipaksakan untuk tetap jalan,258,39,negative,0.997882068157196,ini program mbg selalu jadi problema niat mau bikin program unggul perintah kaji matang sangat instan bukan manfaat malah mudarat lebih konyol program tetep paksa tetap jalan,anger,0.545076310634613
Jangan ngomong puluhan Triliun.itu ratusan Triliun,0,2 months ago,@jaminprasojo2464,jangan ngomong puluhan triliun.itu ratusan triliun,50,6,negative,0.9974531531333923,jangan ngomong puluh triliun itu ratus triliun,anger,0.700474202632904
Kenapa sih pemerintah nggk bisa nganalisis kyk gini? Yg dipikirin cuan buat diri sendiri mulu.,0,2 months ago,@Aito4u,kenapa sih pemerintah nggk bisa nganalisis kyk gini yang dipikirin cuan untuk diri sendiri mulu.,96,15,negative,0.9984583854675293,perintah nggk nganalisis kyk gin dipikirin cuan diri sendiri mulu,anger,0.5831506252288818
"Yo ,,,jelas ngotot , karena itu untuk mendongkrak pemilu,2029, biar pada milih ,Sik Wowo,,,, saya ingatkan ya , sodara , jangan pilih Wowo,",0,2 months ago,@TrihartonoTono-d3r,"yo ,,jelas ngotot , karena itu untuk mendongkrak pemilu,2029, biar pada milih ,sik wowo,, saya ingatkan ya , sodara , jangan pilih wowo,",136,23,negative,0.7419488430023193,yo jelas ngotot  dongkrak milu 2029 biar milih sik wowo ingat  sodara  jangan pilih wowo,anger,0.7626814246177673
"MBG hanya mnjadi bajakan sebuah proyek utk timses Wowo, gak ada manfaat buat penerimanya ..yg ada justru memakan korban anak didik",0,2 months ago,@egyand1234,"mbg hanya mnjadi bajakan sebuah proyek untuk timses wowo, tidak ada manfaat untuk penerimanya ..yg ada justru memakan korban anak didik",135,21,negative,0.9964554309844971,mbg mnjadi baja buah proyek timses wowo manfaat terima yg justru makan korban anak didik,anger,0.4402700960636139
Program MBG itu program balas budi....coba runtut pengelolanya siapa2 orangnya......😅😂,0,2 months ago,@sigitdwicahyono6744,program mbg itu program balas budi....coba runtut pengelolanya siapa2 orangnya......,84,10,negative,0.9918054342269897,program mbg program balas budi coba runtut kelola siapa2 orang,anger,0.9306684732437134
"Emang  presiden gemoy itu gatau gimana jalan pikir nya 

Note: gua saking muak nya emosi. Ingin sekali berkata kasar!!",0,2 months ago,@VersionAI124,memang presiden gemoy itu gatau gimana jalan pikir nya note gua saking muak nya emosi. ingin sekali berkata kasar,113,19,negative,0.9990308284759521,memang presiden gemoy gatau gimana jalan pikir note gua saking muak emosi sekali kata kasar,sadness,0.4720093011856079
"Kasi yg berpeluang stunting aja,bukan ngasi makan anak anak kluarga yg mampu,gimana cara kerja otakny???,itu proyek kontraktor😅",0,2 months ago,@andilhasan4187,"kasi yang berpeluang stunting aja,bukan ngasi makan anak anak kluarga yang mampu,gimana cara kerja otakny ,itu proyek kontraktor",128,18,negative,0.9812415838241577,kasi peluang stunting aja bukan ngasi makan anak anak kluarga mampu gimana cara kerja otakny itu proyek kontraktor,anger,0.7298914194107056
"Saat ditanya kenapa baginya  pukul rata: ""Biarin, biar semua makan enak""
Saat ditanya kenapa  kenapa kabinet gemuk: Ndazzmu

Sekilas info dari Republik
 Konoha.",0,2 months ago,@agustinussibarani6588,"saat ditanya kenapa baginya pukul rata biarin, biar semua makan enak saat ditanya kenapa kenapa kabinet gemuk ndazzmu sekilas info dari republik konoha.",152,23,positive,0.920062780380249,tanya bagi pukul rata biarin biar semua makan enak tanya kabinet gemuk ndazzmu kilas info republik konoha,sadness,0.674853503704071
"MBG ditutup aja. Gk guna, mending fokuskan ke pada anak anak kluarga miskin 😅😅😅",0,2 months ago,@andilhasan4187,"mbg ditutup aja. tidak guna, mending fokuskan ke pada anak anak kluarga miskin",78,13,negative,0.98720782995224,mbg tutup aja guna mending fokus anak anak kluarga miskin,anger,0.48502054810523987
"Dari logika paling dasar saya ketika pilpres sudah menunjukkan keanehan.

Kita ini negara berkembang butuhnya pendidikan yang berkualitas biar naik kelas ke negara maju melalui penguatan SDM dan sektor industri manufaktur serta industri kreatif lainnya, biar ga cuma bergantung pada SDA yang suatu saat nanti habis.

Lha kok programnya cuma urusan perut yang notabene biasanya jadi program negara miskin yang sarat akan kekurangan pangan dll. 

So dari awal udah jelas paslon 02 melenceng dari yang katanya Indonesia Cemas 2045. 

Dari satu point ini aja udah ancur eh masih aja menang.

Berarti bener 58% penduduk Indonesia masih dalam kategori goblok ga ketolongan",0,2 months ago,@RickyVidian,"dari logika paling dasar saya ketika pilpres sudah menunjukkan keanehan. kita ini negara berkembang butuhnya pendidikan yang berkualitas biar naik kelas ke negara maju melalui penguatan sumber daya manusia dan sektor industri manufaktur serta industri kreatif lainnya, biar tidak cuma bergantung pada sda yang suatu saat nanti habis. lha kok programnya cuma urusan perut yang notabene biasanya jadi program negara miskin yang sarat akan kekurangan pangan dll. so dari awal sudah jelas paslon 02 melenceng dari yang katanya indonesia cemas 2045. dari satu point ini aja sudah ancur eh masih aja menang. berarti bener 58% penduduk indonesia masih dalam kategori goblok tidak ketolongan",683,103,negative,0.9963001608848572,logika paling dasar pilpres tunjuk aneh negara kembang butuh didik kualitas biar naik kelas negara maju lalu kuat sumber daya manusia sektor industri manufaktur industri kreatif lain biar cuma gantung sda suatu habis lha kok program cuma urus perut notabene biasa program negara miskin sarat kurang pangan dll so awal jelas paslon 02 lenceng kata indonesia cemas 2045 satu point ancur eh menang arti bener 58 duduk indonesia kategori goblok tolong,anger,0.7089500427246094
Program cacat dari pemimpin cacat,0,2 months ago,@novendraputu,program cacat dari pemimpin cacat,33,5,negative,0.9884253740310669,program cacat pimpin cacat,sadness,0.45570382475852966
"Pak Ptesiden, info program MBG tolong disurvey kelayakannya...dari info sepertinya program ini ditolak masyarakat...jadi bisa dipastikan harus ditinjau kembali.",0,2 months ago,@irlumumbasiahaan6032,"bapak ptesiden, info program mbg tolong disurvey kelayakannya...dari info sepertinya program ini ditolak masyarakat...jadi bisa dipastikan harus ditinjau kembali.",162,19,negative,0.855685830116272,bapak ptesiden info program mbg disurvey layak dari info seperti program tolak masyarakat jadi pasti tinjau kembali,anger,0.4236351549625397
"Puluan rb keracunan ada yg mati, msh sj terus, ini otak isi tai beneran, ratusan t jd tai, msh gk berhenti,benar2 saraf bani MBG",0,2 months ago,@sinarjy,"puluan rb keracunan ada yang mati, masih sj terus, ini otak isi tai beneran, ratusan t jadi tai, masih tidak berhenti,benar2 saraf bani mbg",139,24,negative,0.996892511844635,puluan rb racun mati sj terus otak isi tai beneran ratus t tai henti benar2 saraf bani mbg,anger,0.6613534092903137
BUDAK SOROS UDH DAPET MAKAN LAGI NIH 50 MILYAR UDH CAIR😂😂 BUAT JADI PROVOKATOR,0,2 months ago,@views9835,budak soros sudah dapet makan lagi ini 50 milyar sudah cair untuk jadi provokator,81,14,negative,0.9949665665626526,budak soros dapet makan 50 milyar cair provokator,anger,0.6547091603279114
Korupsi gaya Baru seolah bermanfaat...nyaty Bocill namun menyenangkan hati pendukung  Wowo Wiwi...,0,2 months ago,@HermanSupriyadi-o2i,korupsi gaya baru seolah bermanfaat...nyaty bocill namun menyenangkan hati pendukung wowo wiwi...,97,12,positive,0.9864257574081421,korupsi gaya baru manfaat nyaty bocill senang hati dukung wowo wiwi,happy,0.9122052192687988
"Semoga tidak berlanjut lagi nanti ""proyek"" MBG saat presiden baru berikutnya menjabat.. aamiin... aamiin.. aamiin.. Ya Allah aamiin...",0,2 months ago,@PoMade-p8o,semoga tidak berlanjut lagi nanti proyek mbg saat presiden baru berikutnya menjabat.. aamiin... aamiin.. aamiin.. ya allah aamiin...,132,18,positive,0.726399838924408,moga lanjut proyek mbg presiden baru ikut jabat aamiin aamiin aamiin allah aamiin,happy,0.6893723011016846
"MBG sebenarnya sangat baik dalam teori. Tetapi dalam praktek apalagi Indonesia you know lah, mau rakyat dan pejabat pasti ada ada saja oknum yang pengen dapat untung lebih (maksud gua. Itu aja dikasi 3000 per porsi aja udah banyak loh, kalian yayasan bisa balik modal 1-2 tahun) entah mungkin untuk flexing nantinya (kebanyakan korupsi untuk gaya hidup sih). 

Bisa tidak 2 aja dulu yang diperhatikan pengawasan biaya operasional & pengurangan uang untuk yayasan dari 3000 > 1500 / porsi. Atleast mereka bakal tetap balik modal dalam 2/3 tahun. Oknum ini sebenarnya kebelet jadi firaun kali butuh disembah2 karena kaya",0,2 months ago,@flyingcat9681,"mbg sebenarnya sangat baik dalam teori. tetapi dalam praktik apalagi indonesia you know lah, mau rakyat dan pejabat pasti ada ada saja oknum yang pengen dapat untung lebih maksud gua. itu aja dikasi 300 per porsi aja sudah banyak loh, kalian yayasan bisa balik modal 1 2 tahun entah mungkin untuk flexing nantinya kebanyakan korupsi untuk gaya hidup sih . bisa tidak 2 aja dulu yang diperhatikan pengawasan biaya operasional pengurangan uang untuk yayasan dari 300 1500 porsi. atleast mereka bakal tetap balik modal dalam 2 3 tahun. oknum ini sebenarnya kebelet jadi firaun kali butuh disembah2 karena kaya",606,99,negative,0.9116491675376892,mbg benar sangat baik teori praktik indonesia you know lah mau rakyat jabat oknum ken untung lebih maksud gua kasi 300 per porsi banyak loh kalian yayasan balik modal 1 2 tahun entah mungkin flexing nanti banyak korupsi gaya hidup  2 dulu perhati awas biaya operasional kurang uang yayasan 300 1500 porsi atleast bakal tetap balik modal 2 3 tahun oknum benar kebelet firaun kali butuh disembah2 kaya,anger,0.6658055186271667
MEDIA BAYARAN SOROS MULAI HABIS LEBARAN UANG HABIS KLO BANYAK POSTING LUMAYAN PARA BABU BISA DAPET BONUS,0,2 months ago,@views9835,media bayaran soros mulai habis lebaran uang habis kalau banyak posting lumayan para babu bisa dapet bonus,106,17,neutral,0.5741918087005615,media bayar soros mulai habis lebaran uang habis banyak posting lumayan babu dapet bonus,happy,0.4085824489593506
"MEDIA SOROS GUYS BUAT GAGALIN PROGRAM PEMERINTAH, SUPAUA UANG BUAT MBG JATUH KE PADA KORUPTOR",0,2 months ago,@views9835,"media soros guys untuk gagalin program pemerintah, supaua uang untuk mbg jatuh ke pada koruptor",95,15,negative,0.9984799027442932,media soros guys gagalin program perintah supaua uang mbg jatuh koruptor,anger,0.861703097820282
"AYO MEDIA BAYARAN SOROS, SEKALI POSTING BABU KALIAN DAPET 10 RB 😂😂 SEMANGAT",0,2 months ago,@views9835,"ayo media bayaran soros, sekali posting babu kalian dapet 10 ribu semangat",74,12,negative,0.9332314729690552,ayo media bayar soros sekali posting babu kalian dapet 10 ribu semangat,happy,0.6436128616333008
Mbg paling kotor di asia,0,2 months ago,@TKi86WakanDA,mbg paling kotor di asia,24,5,negative,0.9917516112327576,mbg paling kotor asia,fear,0.37189751863479614
"Kalao gue No Comment, yg bahas berita ini siapa tau juga orangnya pemerintah. Lum ada jawaban atau ide atau saran soal ini. Tar salah ngomong susah am siong apa apa tak perlu kerja. Kalao gak ada Modal Usaha siapa yang kasikan kita, susah payah bangun modal kerja dengan usaha diri sendiri, tar salah ngomong susah, ngomong bener pun malah di plesetin.",0,2 months ago,@herm8320,"kalao saya no comment, yang bahas berita ini siapa tau juga orangnya pemerintah. lum ada jawaban atau ide atau saran soal ini. tar salah ngomong susah am siong apa apa tidak perlu kerja. kalao tidak ada modal usaha siapa yang kasikan kita, susah payah bangun modal kerja dengan usaha diri sendiri, tar salah ngomong susah, ngomong bener pun malah di plesetin.",359,61,negative,0.9982196688652039,kalao no comment bahas berita siapa tau orang perintah lum jawab ide saran soal ini tar salah ngomong susah am siong apa apa perlu kerja kalao modal usaha siapa kasi kita susah payah bangun modal kerja usaha diri sendiri tar salah ngomong susah ngomong bener malah plesetin,anger,0.9153788685798645
"BAYARAN SOROS NIH MEDIA SELALU HINA PEMERINTAH UDH JAUH DARI VIDIO TENTANG INVESTASI, 50 MILYAR",0,2 months ago,@views9835,"bayaran soros ini media selalu hina pemerintah sudah jauh dari vidio tentang investasi, 50 milyar",97,15,negative,0.9988598823547363,bayar soros media selalu hina perintah jauh vidio investasi 50 milyar,anger,0.7195114493370056
"Pas debat capres aja udah aneh, paslon lain pemaparan visi misi yang disiapkan dengan serius, dia kayak gak ada konsep cuma joget2 terus jawab: "" Kita tunggu saja hari pemilihan, rakyat yang menentukan"". Eh menang 😂. Bukti mayoritas rakyat Konoha lebih suka lihat hiburan daripada membandingkan visi misi calon pemimpinnya.",0,2 months ago,@agustinussibarani6588,"pas debat capres aja sudah aneh, paslon lain pemaparan visi misi yang disiapkan dengan serius, dia kayak tidak ada konsep cuma joget2 terus jawab kita tunggu saja hari pemilihan, rakyat yang menentukan . eh menang . bukti mayoritas rakyat konoha lebih suka lihat hiburan daripada membandingkan visi misi calon pemimpinnya.",322,50,negative,0.9712089896202087,pas debat capres aneh paslon papar visi misi siap serius kayak konsep cuma joget2 terus jawab tunggu hari pilih rakyat tentu  eh menang  bukti mayoritas rakyat konoha lebih suka lihat hibur banding visi misi calon pimpin,anger,0.8880693316459656
"MEDIA BAYARAN SOROS WOI DAPET 50 MILYAR PER MEDIA SUPAYA HINA PEMERINTAH, PAK PRABOWO TANGKEP NIH",0,2 months ago,@views9835,"media bayaran soros woi dapet 50 milyar per media supaya hina pemerintah, bapak prabowo tangkep ini",99,16,negative,0.9965746402740479,media bayar soros woi dapet 50 milyar per media hina perintah bapak prabowo tangkep,anger,0.9601517915725708
"NGOMONGIN UANG DAPET DUIT DARI SOROS WOI, SEMUA VIDIO MENGHINA PEMERINTAH TERUS ANJAY UANG SOROS MENGENYANGKAN",0,2 months ago,@views9835,"ngomongin uang dapet duit dari soros woi, semua vidio menghina pemerintah terus anjay uang soros mengenyangkan",110,16,negative,0.9948323965072632,ngomongin uang dapet duit soros woi semua vidio hina perintah terus anjay uang soros kenyang,anger,0.9468035101890564
Ini program korupsi brutal jangka panjang yg dia pertahankan......,0,2 months ago,@AntoyangAnto,ini program korupsi brutal jangka panjang yang dia pertahankan......,68,9,negative,0.9991269707679749,program korupsi brutal jangka panjang tahan,anger,0.8107891082763672
"Jadi t*i semua,
Harusnya ibu hamil dan menyusui yg diperhatikan. Bukan anak SD SMP SMA.",0,2 months ago,@ariwijaya4770,"jadi t i semua, harusnya ibu hamil dan menyusui yang diperhatikan. bukan anak sd smp sma.",89,16,negative,0.9375678300857544,t i semua harus ibu hamil susu perhati bukan anak sd smp sma,anger,0.5561835765838623
"MBG hapuskan, mending pendidikan gratis",0,2 months ago,@bagong7703,"mbg hapuskan, mending pendidikan gratis",39,5,negative,0.8342497944831848,mbg hapus mending didik gratis,anger,0.5709198117256165
"Sbnarnya program mbg sangat brmanfaat kalau tepat sasaran, (org miskin, fakir, anak yatim), dan cukup di kelola dg sumber daya yg sdh ada seprti dinas sosial. Lah ini anak org mampu d kasi makan gratis, blm lg indikasi korupsinya, Pemborosan anggaran yg luar biasa!",0,2 months ago,@kurniawan5680,"sbnarnya program mbg sangat brmanfaat kalau tepat sasaran, orang miskin, fakir, anak yatim , dan cukup di kelola dengan sumber daya yang sudah ada seprti dinas sosial. lah ini anak orang mampu d kasi makan gratis, belum lagi indikasi korupsinya, pemborosan anggaran yang luar biasa",281,45,negative,0.9730467796325684,sbnarnya program mbg sangat brmanfaat tepat sasar orang miskin fakir anak yatim  cukup kelola sumber daya seprti dinas sosial anak orang mampu d kasi makan gratis indikasi korupsi boros anggar luar biasa,sadness,0.41163304448127747
Mbg menambah hutang untuk meracuni anak sekolah,0,2 months ago,@CahyaSaputra-c7t,mbg menambah hutang untuk meracuni anak sekolah,47,7,negative,0.9658471941947937,mbg tambah hutang racun anak sekolah,sadness,0.46734821796417236
Yg sejahtera dari mbg itu para pemilik sppg yg notabene itu orang2 parpol penguasa,0,2 months ago,@pipaupipauchannel9162,yang sejahtera dari mbg itu para pemilik satuan pelayanan pemenuhan gizi yang notabene itu orang2 parpol penguasa,113,17,negative,0.507455587387085,sejahtera mbg milik satu layan penuh gizi notabene orang2 parpol kuasa,anger,0.5612674355506897
Gizinya dimana???? Yg ada permainan penguasa,0,2 months ago,@Nikataraaaa,gizinya dimana yang ada permainan penguasa,42,6,negative,0.9299523234367371,gizi main kuasa,anger,0.4217085540294647
"Efek MBG juga bikin orang tua beban karena apa contoh : semula saya beli daging ayam sebelum asanya MBG 30rb/kg skrg ada MbG 40rb/kg, dan komoditas lainnya bawang merah dll....",0,2 months ago,@arbiantowibowo9556,"efek mbg juga bikin orang tua beban karena apa contoh semula saya beli daging ayam sebelum asanya mbg 30 ribu kg sekarang ada mbg 40 ribu kg, dan komoditas lainnya bawang merah dll....",184,33,negative,0.9185526967048645,efek mbg bikin orang tua beban apa contoh mula beli daging ayam asa mbg 30 ribu kg sekarang mbg 40 ribu kg komoditas lain bawang merah dll,fear,0.6893337965011597
MBG untuk jalan sukses prabowo di thun politik 2029,0,2 months ago,@ppramadhan-d3m,mbg untuk jalan sukses prabowo di thun politik 2029,51,9,neutral,0.9937421679496765,mbg jalan sukses prabowo thun politik 2029,happy,0.6922886371612549
Alhamdulillah sekarang gizi siswa siswi Republik Indonesia udah terjaga.. Pemerintah kita mmg hebat,0,2 months ago,@Black-ut9gi,alhamdulillah sekarang gizi siswa siswi republik indonesia sudah terjaga.. pemerintah kita mmg hebat,100,13,positive,0.9935817718505859,alhamdulillah sekarang gizi siswa siswi republik indonesia jaga perintah mmg hebat,happy,0.937929630279541
"Sebenarnya niat President sangat mulia,tapi pelaksanaan dilapangan sangat perlu dikoreksi..! Yang tampak bagus,hanya yang disorot TV saja tapi yang GAK DISOROT TV, tanyakan ke warga medsos..! Kalau program MBG perlu dilanjutakan, alangkah lebih baiknya,anggaran per porsi  untuk 1 bulan/siswa, DITRANFERKAN LANGSUNG saja ke ibu2 murid  ke  rekening bank masing2  setiap bulan, untuk MENGHINDARI KERACUNAN dan KORUPSI..! Biarlah pihak bank yang mencatat data ke tiap2 sekolahan untuk menghindari pungli, dan tiap2 murid diwajibkan bawa copy KTP ibu mereka masing2..! Dapat DIPASTI AKAN LEBIH BAIK,dan setiap hari murid diwajibkan bawa bekal nasi..!",0,2 months ago,@hardihandayani7176,"sebenarnya niat president sangat mulia,tapi pelaksanaan dilapangan sangat perlu dikoreksi.. yang tampak bagus,hanya yang disorot tv saja tapi yang tidak disorot tv, tanyakan ke warga medsos.. kalau program mbg perlu dilanjutakan, alangkah lebih baiknya,anggaran per porsi untuk 1 bulan siswa, ditranferkan langsung saja ke ibu2 murid ke rekening bank masing2 setiap bulan, untuk menghindari keracunan dan korupsi.. biarlah pihak bank yang mencatat data ke tiap2 sekolahan untuk menghindari pungli, dan tiap2 murid diwajibkan bawa copy ktp ibu mereka masing2.. dapat dipasti akan lebih baik,dan setiap hari murid diwajibkan bawa bekal nasi..",640,91,negative,0.8575649857521057,benar niat president sangat mulia tapi laksana lapang sangat perlu koreksi tampak bagus hanya sorot tv sorot tv tanya warga medsos program mbg perlu dilanjutakan alangkah lebih baik anggar per porsi 1 bulan siswa ditranferkan langsung ibu2 murid rekening bank masing2 bulan hindar racun korupsi biar pihak bank catat data tiap2 sekolah hindar pungli tiap2 murid wajib bawa copy ktp ibu masing2 pasti lebih baik dan hari murid wajib bawa bekal nasi,sadness,0.37934714555740356
"MBG,... Merusak, atau bikin rusak aspek2 lain. Cuma keuntungan politik Gank Prabowo. 
Budaya sarapan dg asupan gizi bagus musnah,.. ekonomi masyarakat. bawa pontang panting. panting,",0,2 months ago,@wiwiksetyawati5448,"mbg,... merusak, atau bikin rusak aspek2 lain. cuma keuntungan politik gank prabowo. budaya sarapan dengan asupan gizi bagus musnah,.. ekonomi masyarakat. bawa pontang panting. panting,",185,25,negative,0.9943314790725708,mbg rusak bikin rusak aspek2 lain cuma untung politik gank prabowo budaya sarap asupan gizi bagus musnah ekonomi masyarakat bawa pontang panting panting,anger,0.9048262238502502
Itu tulisan miliar di baca triliun,0,2 months ago,@Hen_die,itu tulisan miliar di baca triliun,34,6,neutral,0.7842704057693481,tulis miliar baca triliun,anger,0.357064425945282
Kata Pak Dharma itu program elite gembel dlm rangka food control..,0,2 months ago,@PrimaRivano,kata bapak dharma itu program elite gembel dlm rangka food control..,68,11,negative,0.8542730808258057,kata bapak dharma program elite gembel dlm rangka food control,anger,0.819638729095459
"Setuju di poin “tepat sasaran”
Karena program kayak gini impact-nya bakal jauh beda kalau benar-benar fokus ke yang butuh.
Mungkin PR besarnya di sini: gimana memastikan targeting-nya akurat dan distribusinya nggak “flat” ke semua tanpa prioritas
Karena kalau semua dapat, justru efek ke yang paling butuh bisa jadi kurang maksimal.",1,2 months ago,@NgomonginUang,"setuju di poin tepat sasaran karena program kayak gini impact nya bakal jauh beda kalau benar benar fokus ke yang butuh. mungkin pr besarnya di sini gimana memastikan targeting nya akurat dan distribusinya tidak flat ke semua tanpa prioritas karena kalau semua dapat, justru efek ke yang paling butuh bisa jadi kurang maksimal.",327,53,negative,0.7018368244171143,tuju poin tepat sasar program kayak gin impact bakal jauh beda benar benar fokus butuh mungkin pr besar sini gimana pasti targeting akurat distribusi flat semua prioritas semua dapat justru efek paling butuh kurang maksimal,fear,0.427381306886673
"Taiiiii,saya yakin anda org yg mendapatkan keuntungan dari penderitaan rakyat,cepet tobat sebelum azal menjemputmu",0,2 months ago,@AsepSopyan-d3v,"taii,saya yakin anda orang yang mendapatkan keuntungan dari penderitaan rakyat,cepet tobat sebelum azal menjemputmu",115,14,negative,0.5449158549308777,taii saya yakin orang dapat untung derita rakyat cepet tobat azal jemput,anger,0.8462132811546326
"Jepang China berasil India Australia sudah menerapkan program MBG karena merupakan program bagus untuk meningkatkan gizi anak ibu hamil, dalam Islam memberi makan orang adalah pahala yang sangat baik. Program MBG juga bermanfaat untuk perputaran ekonomi rantai pasok dari petani peternak sampai UMKM dan menciptakan lapangan kerja",0,2 months ago,@ekasupriyanto7017,"jepang china berasil india australia sudah menerapkan program mbg karena merupakan program bagus untuk meningkatkan gizi anak ibu hamil, dalam islam memberi makan orang adalah pahala yang sangat baik. program mbg juga bermanfaat untuk perputaran ekonomi rantai pasok dari petani peternak sampai usaha mikro kecil menengah dan menciptakan lapangan kerja",352,50,positive,0.8338778018951416,jepang china asil india australia terap program mbg rupa program bagus tingkat gizi anak ibu hamil islam beri makan orang pahala sangat baik program mbg manfaat putar ekonomi rantai pasok tani ternak usaha mikro kecil tengah cipta lapang kerja,happy,0.9190151691436768
"0:36 sangat berdampak min, harga telur saja di daerahku setelah ada MBG jadi mahal dan langka, harga sekarang sekitar 65-70rb sebelum ada MBG sekitar 35-40rb paling mahal 45rb",1,2 months ago,@AmRikky,"0 36 sangat berdampak min, harga telur saja di daerahku setelah ada mbg jadi mahal dan langka, harga sekarang sekitar 65 70 ribu sebelum ada mbg sekitar 35 40 ribu paling mahal 45 ribu",184,34,negative,0.8200616240501404,0 36 sangat dampak min harga telur daerah mbg mahal langka harga sekarang 65 70 ribu mbg 35 40 ribu paling mahal 45 ribu,sadness,0.4864360988140106
yang bekerja di sppg orang 2 tertentu,0,2 months ago,@agustinsuwand637,yang bekerja di satuan pelayanan pemenuhan gizi orang 2 tertentu,64,10,neutral,0.9815723896026611,kerja satu layan penuh gizi orang 2 tentu,sadness,0.4238996207714081
"MBG hentikan,blum tentu mrmjamin orang cerdas tergantung anaknya",0,2 months ago,@agustinsuwand637,"mbg hentikan,blum tentu mrmjamin orang cerdas tergantung anaknya",64,8,negative,0.9787181615829468,mbg henti blum mrmjamin orang cerdas gantung anak,anger,0.5907561182975769
MBG untuk bisnis berselubung bagi orang 2 tertentu,0,2 months ago,@agustinsuwand637,mbg untuk bisnis berselubung bagi orang 2 tertentu,50,8,neutral,0.9810318350791931,mbg bisnis selubung orang 2 tentu,happy,0.5379855036735535
"Mbg sangat di harapkan siswa, selain itu juga membuka lapangan kerja, selain itu mengangkat peternak, petani. Apakah dulu ada program yg memikirkan kalangan bawah😊😊😊❤❤❤",0,2 months ago,@sayasukakeju1697,"mbg sangat di harapkan siswa, selain itu juga membuka lapangan kerja, selain itu mengangkat peternak, petani. apakah dulu ada program yang memikirkan kalangan bawah",164,24,neutral,0.719371497631073,mbg sangat harap siswa buka lapang kerja angkat ternak tani dulu program pikir kalang bawah,happy,0.5832993388175964
MBG gak bermamfaat pemborosan itu juga uang darirakyat,0,2 months ago,@agustinsuwand637,mbg tidak bermamfaat pemborosan itu juga uang darirakyat,56,8,negative,0.9964832067489624,mbg bermamfaat boros uang darirakyat,sadness,0.4544515609741211
"Sudah sangat mengkhawatirkan program mbg ini, sampai chanel sekelas Ngomongin Uang membahasnya",0,2 months ago,@muhammadnurhalim5664,"sudah sangat mengkhawatirkan program mbg ini, sampai chanel sekelas ngomongin uang membahasnya",94,12,negative,0.9989080429077148,sangat khawatir program mbg ini chanel kelas ngomongin uang bahas,fear,0.4237744212150574
PROGRAMNYA ORANG2 BEBAL....NGGA MIKIR PENDIDIKAN....YG PENTING RAKYAT HARUS DIRACUN DG MBG....😢,0,2 months ago,@arifmartoyo,programnya orang2 bebal....ngga mikir pendidikan....yg penting rakyat harus diracun dengan mbg....,98,11,negative,0.9991695880889893,program orang2 bebal ngga mikir didik yg penting rakyat racun mbg,anger,0.922591507434845
"MBG mubazir pembodohan itu yg dipakai uang rakyat bukan uang turun dari gunung ...celah korupsi tinggi ( alihkan buat kesehatan dan pendidikan gratis ,)",0,2 months ago,@sritotopurnomo4566,"mbg mubazir pembodohan itu yang dipakai uang rakyat bukan uang turun dari gunung ...celah korupsi tinggi alihkan untuk kesehatan dan pendidikan gratis ,",152,23,negative,0.9977681636810303,mbg mubazir bodoh pakai uang rakyat bukan uang turun gunung celah korupsi tinggi alih sehat didik gratis ,anger,0.9249255657196045
"Pantesan oh pantesan dalam beberapa bulan ini harga kebutuhan pokok naik semua dan duit saya 40 juta belum ada 3 bulan udah habis dan harus cari sana sini buat kebutuhan hidup rumah tangga saya, padahal pengeluaran biasa2 aja Lo dari sebelum sebelumnya, saya sampai mikir ulang apa ya pengeluaran begitu tinggi ini,,, ternyata efek dari mbg juga",0,2 months ago,@Fend14sooo,"pantesan oh pantesan dalam beberapa bulan ini harga kebutuhan pokok naik semua dan duit saya 40 juta belum ada 3 bulan sudah habis dan harus cari sana sini untuk kebutuhan hidup rumah tangga saya, padahal pengeluaran biasa2 aja kamu dari sebelum sebelumnya, saya sampai mikir ulang apa ya pengeluaran begitu tinggi ini,, ternyata efek dari mbg juga",348,57,negative,0.992793083190918,pantesan pantesan beberapa bulan harga butuh pokok naik semua duit 40 juta 3 bulan habis cari sana sini butuh hidup rumah tangga saya padahal keluar biasa2 kamu belum mikir ulang apa keluar tinggi ini nyata efek mbg,fear,0.47492286562919617
Terlalu memaksakan program yang menjadi janji politik saat akan mencalonkan presiden....karena kalau tidak dilaksanakan janji program tersebut takut dihujat seluruh Indonesia...jadi ini bukan murni karena kebutuhan masyarakat tapi murni kebutuhan pribadi,0,2 months ago,@Ahmadun999,terlalu memaksakan program yang menjadi janji politik saat akan mencalonkan presiden....karena kalau tidak dilaksanakan janji program tersebut takut dihujat seluruh indonesia...jadi ini bukan murni karena kebutuhan masyarakat tapi murni kebutuhan pribadi,254,31,negative,0.988262951374054,terlalu paksa program jadi janji politik calon presiden karena laksana janji program sebut takut hujat seluruh indonesia jadi bukan murni butuh masyarakat murni butuh pribadi,fear,0.8549447655677795
"MBG SGT bermanfaat bagi anak2 kita terutama di luar Jawa, dn bermanfaat bagi sebagian masarakat yg andil kerja di dapur MBG, lagi menambah berputarnya roda ekonomi indonesia yg asalnya TDK laku sperti buah sayur telur dn lain sebagainya",1,2 months ago,@Mahrus-w2l,"mbg sgt bermanfaat bagi anak2 kita terutama di luar jawa, dn bermanfaat bagi sebagian masarakat yang andil kerja di dapur mbg, lagi menambah berputarnya roda ekonomi indonesia yang asalnya tidak laku sperti buah sayur telur dn lain sebagainya",242,38,positive,0.9909619688987732,mbg sgt manfaat anak2 utama luar jawa dn manfaat bagi masarakat andil kerja dapur mbg tambah putar roda ekonomi indonesia asal laku sperti buah sayur telur dn bagai,happy,0.6804165244102478
awas AIR KERAS di siram muka,0,2 months ago,@Theodoremifasolasido,awas air keras di siram muka,28,6,negative,0.5226085782051086,awas air keras siram muka,fear,0.34772756695747375
"MBG utk modal 2029, tapi hancurkan negara",0,2 months ago,@GMAHKBukitTorsinaSamarinda,"mbg untuk modal 2029, tapi hancurkan negara",43,7,neutral,0.908236563205719,mbg modal 2029 hancur negara,anger,0.55073481798172
"Untuk Pemimpin,Pejabat,anggota DPR,kroni kroni,balik modal KAmpAnye....",0,2 months ago,@Kasmir-l2j,"untuk pemimpin,pejabat,anggota dpr,kroni kroni,balik modal kampanye....",71,6,negative,0.8897646069526672,pimpin jabat anggota dpr kroni kroni balik modal kampanye,anger,0.5776796936988831
MBG jadi BEBAN NEGARA dan akan menjadi kemunduran dalam segala sektor pemerintahan.....dgn ditiadakan atau dipangkas anggaran dlm pemerintahan maka sgala kgiatan akan mnjadi pincang bahkan lumpuh...seberapa pentingkah MBG??? Program ksih kenyang perut trs jdi TAI....makan bergizi tp tdk diibangi dgn ilmu pengetahuan tetap akan bobrok negara ini......,0,2 months ago,@aungzaw3446,mbg jadi beban negara dan akan menjadi kemunduran dalam segala sektor pemerintahan.....dgn ditiadakan atau dipangkas anggaran dlm pemerintahan maka sgala kgiatan akan mnjadi pincang bahkan lumpuh...seberapa pentingkah mbg program ksih kenyang perut terus jadi tai....makan bergizi tapi tidak diibangi dengan ilmu pengetahuan tetap akan bobrok negara ini......,359,47,negative,0.9985364675521851,mbg beban negara jadi mundur segala sektor perintah dgn tiada pangkas anggar dlm perintah sgala kgiatan mnjadi pincang bahkan lumpuh berapa penting mbg program ksih kenyang perut terus tai makan gizi diibangi ilmu tahu tetap bobrok negara ini,anger,0.731247067451477
Gini dah efek negara multi partai kebijakan dari presiden ke 1 sampai sekarang selalu berubah ubah... Nggak ada tujuan yang jelas tujuan negara selalu berubah ubah setiap 5 tahun... Belum lagi titip jabatan dari partai orang yang nggak pantes menduduki jabatan jadi bisa... Harusnya Indonesia sekarang berubah bubar kan partai bubarkan institusi yang nggak guna... Bank Indonesia jangan independen..,0,2 months ago,@ketuttaman1064,gini dah efek negara multi partai kebijakan dari presiden ke 1 sampai sekarang selalu berubah ubah... tidak ada tujuan yang jelas tujuan negara selalu berubah ubah setiap 5 tahun... belum lagi titip jabatan dari partai orang yang tidak pantes menduduki jabatan jadi bisa... harusnya indonesia sekarang berubah bubar kan partai bubarkan institusi yang tidak guna... bank indonesia jangan independen..,399,59,negative,0.9981939196586609,gin dah efek negara multi partai bijak presiden 1 sekarang selalu ubah ubah tuju jelas tuju negara selalu ubah ubah 5 tahun titip jabat partai orang pantes duduk jabat bisa harus indonesia sekarang ubah bubar partai bubar institusi guna bank indonesia jangan independen,anger,0.91380375623703
"MBG bikin hutang makin banyak, yg bayar anak2 kalian 😂",0,2 months ago,@yansthea3591,"mbg bikin hutang makin banyak, yang bayar anak2 kalian",54,9,negative,0.9920836687088013,mbg bikin hutang makin banyak bayar anak2 kalian,anger,0.8604543209075928
Bukannya udah banyak berita yah kalo mbg itu ngak pakai anggaran pendididkan dsb???,0,2 months ago,@tdis2659,bukannya sudah banyak berita yah kalau mbg itu ngak pakai anggaran pendididkan dsb,82,13,negative,0.9885234236717224,bukan banyak berita yah mbg ngak pakai anggar pendididkan,anger,0.8078542351722717
daerah mana bang mahal kali 😮,1,1 month ago,@CINGBU_NGACIL,daerah mana bang mahal kali,27,5,negative,0.985326886177063,daerah mana bang mahal kali,sadness,0.44155558943748474
"Wanti wanti aja, waspada ketidakpastian global makin tinggi kan 🍵",0,2 months ago,@NgomonginUang,"wanti wanti aja, waspada ketidakpastian global makin tinggi kan",63,9,negative,0.5575111508369446,wanti wanti aja waspada ketidakpastian global makin tinggi,fear,0.8846409916877747
ngak habis2 indon dengan MBG dan warga.😅.kalau dimalaysia itu RMT sudah ada 35 tahun yg lalu hingga sekarang tak pernah ada masalah.. 😂😂😂😂,0,2 months ago,@hotmel82,ngak habis2 indon dengan mbg dan warga. .kalau dimalaysia itu rmt sudah ada 35 tahun yang lalu hingga sekarang tidak pernah ada masalah..,137,23,positive,0.8271293044090271,ngak habis2 indon mbg warga kalau dimalaysia rmt 35 tahun lalu hingga sekarang pernah masalah,happy,0.2655383050441742
Siapa yang memilih orang dungu jadi presiden?,0,2 months ago,@gatotbaliid,siapa yang memilih orang dungu jadi presiden,44,7,negative,0.9336059093475342,siapa pilih orang dungu presiden,anger,0.4572560787200928
"Intinya MBG itu gak penting, masih banyak masalah di negara kita ini yg lebih penting untuk di tangani dan membutuhkan anggaran besar, sedangkan anggaran negara kita pas Pasan , rakyat gak pernah ngeluh minta di buatkan MBG",0,2 months ago,@Ryzukichanel.,"intinya mbg itu tidak penting, masih banyak masalah di negara kita ini yang lebih penting untuk di tangani dan membutuhkan anggaran besar, sedangkan anggaran negara kita pas pasan , rakyat tidak pernah ngeluh minta di buatkan mbg",229,37,negative,0.9567588567733765,inti mbg penting banyak masalah negara lebih penting tangan butuh anggar besar anggar negara pas pas  rakyat pernah ngeluh minta buat mbg,anger,0.8372559547424316
Prabowo sumber korupsi masal MBG presiden MBG,0,2 months ago,@RaJali-z2r,prabowo sumber korupsi masal mbg presiden mbg,45,7,neutral,0.9490670561790466,prabowo sumber korupsi masal mbg presiden mbg,anger,0.785662055015564
"Untung bagi yg koruptor tau...,besar besaran membuka pintu koruptor COBA MATE MATIKANYA BAGAIMANA BAPAK PRESIDEN..., JANGAN EGOIS... UNTUK MERUBAH MBG tf langsung ke yg mendapatkannya...kalau memang demi MASYARAKAT RI, EGO MU MERUGIKAN UANG RAKYAT... RI...!!!",0,2 months ago,@hernamandani7436,"untung bagi yang koruptor tau...,besar besaran membuka pintu koruptor coba mate matikanya bagaimana bapak presiden..., jangan egois... untuk merubah mbg tf langsung ke yang mendapatkannya...kalau memang demi masyarakat ri, ego mu merugikan uang rakyat... ri...",260,35,negative,0.9943979382514954,untung koruptor tau besar besar buka pintu koruptor coba mate matikanya bagaimana bapak presiden jangan egois rubah mbg tf langsung dapat kalau memang masyarakat ri ego mu rugi uang rakyat ri,anger,0.9293069839477539
Pemangku kebijakan yang berkepala batu . meski terus d kritik masih bungkam dan tuli,1,2 months ago,@ryanariefin9438,pemangku kebijakan yang berkepala batu . meski terus d kritik masih bungkam dan tuli,84,14,negative,0.9917930960655212,mang bijak kepala batu  meski terus d kritik bungkam tuli,sadness,0.6215008497238159
"Begitu lah jika seorang pemimpin hasil tipu² program yg benar ² gagal, mereka tak sadar bahwa pelajar Indonesia sedang di genosida dgn kebodohan, anggaran pendidikan yg dilucuti secara berjamaah melalui sistem ,mana ada makanan bergizi, yg ada makanan busuk dgn harga dibawah 10 ribuan jika ditotal,miris²",0,2 months ago,@ryanariefin9438,"begitu lah jika seorang pemimpin hasil tipu program yang benar gagal, mereka tidak sadar bahwa pelajar indonesia sedang di genosida dengan kebodohan, anggaran pendidikan yang dilucuti secara berjamaah melalui sistem ,mana ada makanan bergizi, yang ada makanan busuk dengan harga dibawah 10 ribuan jika ditotal,miris",315,45,negative,0.9975730776786804,orang pimpin hasil tipu program benar gagal sadar ajar indonesia sedang genosida bodoh anggar didik lucut jamaah lalu sistem mana makan gizi makan busuk harga bawah 10 ribu total miris,anger,0.5078844428062439
agenda 2 periode wowo. bagi2 proyek. ilmu gak dapat. otak kosong. menciptakan generasi ilmu pengetahuan lemah. perut selalu lapar,0,2 months ago,@lindhuirlanda793,agenda 2 periode wowo. bagi2 proyek. ilmu tidak dapat. otak kosong. menciptakan generasi ilmu pengetahuan lemah. perut selalu lapar,131,19,negative,0.9990671277046204,agenda 2 periode wowo bagi2 proyek ilmu dapat otak kosong cipta generasi ilmu tahu lemah perut selalu lapar,anger,0.5463024973869324
"Sebenernya program baguss, tapi terlalu memaksakan .. 😅",0,2 months ago,@isaaalproject,"sebenernya program baguss, tapi terlalu memaksakan ..",53,7,negative,0.987686276435852,sebenernya program baguss terlalu paksa ,sadness,0.8446226716041565
Mbg itu program cuci uang,0,2 months ago,@DewiLapet-mf9mq,mbg itu program cuci uang,25,5,negative,0.9424112439155579,mbg program cuci uang,anger,0.7614371180534363
"Penyebab stunting tuh bukan kurang gizi sejak usia dini, melainkan sejak dalam kandungan. Jadi tujuan MBG di sekolah untuk menurunkan stunting adalah bohong",0,2 months ago,@PatriHandoyo,"penyebab stunting itu bukan kurang gizi sejak usia dini, melainkan sejak dalam kandungan. jadi tujuan mbg di sekolah untuk menurunkan stunting adalah bohong",156,23,negative,0.9912325739860535,sebab stunting bukan kurang gizi sejak usia dini sejak kandung tuju mbg sekolah turun stunting bohong,sadness,0.3544051945209503
"Saya dukung mbg kalau aja =
1. Punya peternakan sapi perah sendiri sehingga anak didik bisa minum susu murni 100% min 750ml perharinya.
2. Bahan makanan dari peternakan dan perkebunan sendiri. Tanpa mengganggu konsumsi umum.
3. Lauk pauk terbukti gizinya maksimal serentak dan terbukti enak
4. Dimulai dari siswa termiskin bertahap kecuali jika dananya cukup tanpa mengganggu jatah anggaran pendidikan",0,2 months ago,@yudiwahyudi5255,saya dukung mbg kalau aja 1. punya peternakan sapi perah sendiri sehingga anak didik bisa minum susu murni 100% min 750ml perharinya. 2. bahan makanan dari peternakan dan perkebunan sendiri. tanpa mengganggu konsumsi umum. 3. lauk pauk terbukti gizinya maksimal serentak dan terbukti enak 4. dimulai dari siswa termiskin bertahap kecuali jika dananya cukup tanpa mengganggu jatah anggaran pendidikan,399,59,positive,0.9926881790161133,dukung mbg 1 punya terna sapi perah sendiri anak didik minum susu murni 100 min 750ml hari 2 bahan makan terna kebun sendiri ganggu konsumsi umum 3 lauk pauk bukti gizi maksimal serentak bukti enak 4 mulai siswa miskin tahap dana cukup ganggu jatah anggar didik,happy,0.894062340259552
Buat nampung benalu ex bumn. Danantara dicuci.,0,2 months ago,@gandautama4141,untuk nampung benalu ex bumn. danantara dicuci.,47,7,neutral,0.925291121006012,nampung benalu ex bumn danantara cuci,fear,0.2774909734725952
"Data menunjukkan 58% pemilih Prabowo PESIMIS, bukan Indonesia emas tapi Indonesia CEMAS",1,2 months ago,@OmBesar_Deltu-o7o,"data menunjukkan 58% pemilih prabowo pesimis, bukan indonesia emas tapi indonesia cemas",87,12,neutral,0.8150627613067627,data tunjuk 58 pilih prabowo pesimis bukan indonesia emas indonesia cemas,sadness,0.4684995412826538
Kalau memang prabowo membudeg pura pura gk dengar MARI KITA TURUNKAN DARI JABATANNYA...!!!,1,2 months ago,@hernamandani7436,kalau memang prabowo membudeg pura pura tidak dengar mari kita turunkan dari jabatannya...,90,13,negative,0.9891790151596069,memang prabowo membudeg pura pura dengar turun jabat,anger,0.884204089641571
"program gak guna!! Pemda jadi tumbal! dana transfer kepangkas, infra ga bisa jalan kita yg disalahin",0,2 months ago,@sandyherl,"program tidak guna pemda jadi tumbal dana transfer kepangkas, infra tidak bisa jalan kita yang disalahin",104,16,negative,0.9976906776428223,program pemda tumbal dana transfer pangkas infra jalan disalahin,anger,0.506746232509613
"Mbg itu seperti lintah negara, atau lebih tepatnya koruptor. Dampak nya minim tpi kerugian nya dasyhat",6,2 months ago,@Ikuroka,"mbg itu seperti lintah negara, atau lebih tepatnya koruptor. dampak nya minim tpi kerugian nya dasyhat",102,16,negative,0.9715312719345093,mbg lintah negara lebih tepat koruptor dampak minim tpi rugi dasyhat,anger,0.37289124727249146
"Seandainya uang 355T itu untuk dana pendidikan dan infrastruktur, pasti Indonesia 5-10 tahun kedepan bisa menjadi negara maju",12,2 months ago,@Ucinganaksoleh,"seandainya uang 355 triliun itu untuk dana pendidikan dan infrastruktur, pasti indonesia 5 10 tahun kedepan bisa menjadi negara maju",132,20,positive,0.9593374729156494,anda uang 355 triliun dana didik infrastruktur indonesia 5 10 tahun depan jadi negara maju,happy,0.7279196381568909
"SEBALIKNYA,MUMPUNG JADI PRESIDEN,TAPI PENILAIAN MASYARAKAT TIDAK BEGITU",0,2 months ago,@Rini-g5n,"sebaliknya,mumpung jadi presiden,tapi penilaian masyarakat tidak begitu",71,7,negative,0.6470574736595154,balik mumpung presiden tapi nilai masyarakat,happy,0.4332403242588043
"kedepannya terutama utk warga 58% makanya kalau ada debat capres itu disimak baik baik, biar tidak salah pilih, skrng sdh kelanjur jalan begini programnya jadi pusing sendiri,",0,2 months ago,@agungberiyadieasymelody5456,"kedepannya terutama untuk warga 58% makanya kalau ada debat capres itu disimak baik baik, biar tidak salah pilih, skrng sudah kelanjur jalan begini programnya jadi pusing sendiri,",179,27,negative,0.9592303037643433,depan utama warga 58 makanya debat capres simak baik baik biar salah pilih skrng lanjur jalan begini program pusing sendiri,fear,0.4049034118652344
"beban negara dari awala sdh salah bnyak efisiensi, anggaran pendidikan, tata kelola amburadul, tidak ada pengawasan, ladang bisnis, keracunan, limbah mubazir dan ganggu sektor pendidikan kesehatan dan infrastruktur. kalo memang mau sosial gabung saja di kemensos dan fokus pada yg miskin. Ditambah kesombongan pejabat yg bagi bagi kekuasaan dan proyek",0,2 months ago,@akmalrijal4155,"beban negara dari awala sudah salah bnyak efisiensi, anggaran pendidikan, tata kelola amburadul, tidak ada pengawasan, ladang bisnis, keracunan, limbah mubazir dan ganggu sektor pendidikan kesehatan dan infrastruktur. kalau memang mau sosial gabung saja di kemensos dan fokus pada yang miskin. ditambah kesombongan pejabat yang bagi bagi kekuasaan dan proyek",358,50,negative,0.9980271458625793,beban negara awala salah bnyak efisiensi anggar didik tata kelola amburadul awas ladang bisnis racun limbah mubazir ganggu sektor didik sehat infrastruktur memang mau sosial gabung kemensos fokus miskin tambah sombong jabat kuasa proyek,anger,0.8286145925521851
"Tambahan untuk narasi penutup video : apakah program stunting + program peningkatan mutu.pendidikan sudah terbidik tepat ? .....di salah satu sPPG jksel pemberian MBG unt usia Balita (paud, TK) hanya 10-20 % dibanding pelayanan usia yg lebih besar.......Dan seringnya menu SD 3 helai kripik Tempe sagu yg 1 jam sdh melempem.....dibandingkan di salah satu SMA Tangsel dpt tempe asli 1 potong 😊.....lebih bergizi yg mana yah ??",0,2 months ago,@CATCh-ih4lp,"tambahan untuk narasi penutup video apakah program stunting program peningkatan mutu.pendidikan sudah terbidik tepat .....di salah satu satuan pelayanan pemenuhan gizi jksel pemberian mbg unt usia balita paud, tk hanya 10 20 % dibanding pelayanan usia yang lebih besar.......dan seringnya menu sd 3 helai kripik tempe sagu yang 1 jam sudah melempem.....dibandingkan di salah satu sma tangsel dapat tempe asli 1 potong .....lebih bergizi yang mana yah",450,67,negative,0.489490270614624,tambah narasi tutup video program stunting program tingkat mutu didik bidik tepat di salah satu satu layan penuh gizi jksel beri mbg unt usia balita paud tk 10 20  banding layan usia lebih besar dan sering menu sd 3 helai kripik tempe sagu 1 jam melempem banding salah satu sma tangsel tempe asli 1 potong lebih gizi mana yah,sadness,0.5695785880088806
"China aja yang APBNnya 64.000 T pertahun buat makan bergizinya cuma 25 T, itu karena cuma subsidi buat yang miskin bukan makan gratis 😂 lah konoha APBN nya cuma 3000 T dana MBG 335 T 😂",48,2 months ago,@tesaja1237q,"china aja yang apbnnya 64.00 triliun pertahun untuk makan bergizinya cuma 25 triliun, itu karena cuma subsidi untuk yang miskin bukan makan gratis lah konoha anggaran pendapatan belanja negara nya cuma 300 triliun dana mbg 335 triliun",234,37,negative,0.8587092757225037,china apbnnya 64 00 triliun tahun makan gizi cuma 25 triliun cuma subsidi miskin bukan makan gratis konoha anggar dapat belanja negara cuma 300 triliun dana mbg 335 triliun,anger,0.7277605533599854
"EGO PRABOWO TERLALU BESAR
LIAT AJA KALAU DI KRITIK JAWABANNYA BEGITU KEMARIN WAKTU DI TANYA NAJWA SHIHAB
MBG AMBURADUL EKSEKUSI PELAKSANAANYA KACAU.  MALAH JADINYA BUANG2 ANGGARAN",0,2 months ago,@Ghriawn,ego prabowo terlalu besar liat aja kalau di kritik jawabannya begitu kemarin waktu di tanya najwa shihab mbg amburadul eksekusi pelaksanaanya kacau. malah jadinya buang2 anggaran,178,26,negative,0.9990301132202148,ego prabowo terlalu besar liat kritik jawab kemarin waktu tanya najwa shihab mbg amburadul eksekusi pelaksanaanya kacau malah jadi buang2 anggar,anger,0.9164544343948364
"Fyi : 
MBG di Jepang namanya Kyūshoku (給食), yang berarti ""makan siang sekolah"". Program ini telah berjalan lebih dari 100 tahun (sejak 1889) dan berfokus pada penyediaan makanan seimbang dan bergizi untuk pelajar.yah memang perlu diakui bahwa di Indonesia ini adalah program perintis dan wajar saja jika ada kekurangan diawal.,namun mulut orang idiot pasti miring diawal.so,,.. kalau ada komplain massal soal program ini, berarti kita bisa hitung berapa banyak SDM rendah kita. liat ajah 🙂",1,2 months ago,@Kowalskithenavigator,"fyi mbg di jepang namanya ky shoku , yang berarti makan siang sekolah . program ini telah berjalan lebih dari 100 tahun sejak 1889 dan berfokus pada penyediaan makanan seimbang dan bergizi untuk pelajar.yah memang perlu diakui bahwa di indonesia ini adalah program perintis dan wajar saja jika ada kekurangan diawal.,namun mulut orang idiot pasti miring diawal.so,,.. kalau ada komplain massal soal program ini, berarti kita bisa hitung berapa banyak sumber daya manusia rendah kita. liat ajah",493,77,negative,0.7266411781311035,fyi mbg jepang nama ky shoku  arti makan siang sekolah  program jalan lebih 100 tahun sejak 1889 fokus sedia makan imbang gizi ajar yah memang perlu aku indonesia program rintis wajar kurang awal namun mulut orang idiot miring awal so komplain massal soal program ini arti hitung berapa banyak sumber daya manusia rendah kita liat ajah,happy,0.6413730382919312
hati hati ngomu. bentar lagi dituduh antek antek asing 😂😂,0,2 months ago,@marzukirahman4868,hati hati ngomu. bentar lagi dituduh antek antek asing,54,9,negative,0.9985179305076599,hati hati ngomu bentar tuduh antek antek asing,anger,0.5790243148803711
"Liat dah Struktural pengelola nya Mulai dari kepala nya, sampe ada yang bilang ini pangkalan militer?.

Alangkah baiknya semua aspek struktural itu faham tentang Gizi GX harus expert karena itu tugas kepala nya",0,2 months ago,@syukcode,"liat dah struktural pengelola nya mulai dari kepala nya, sampe ada yang bilang ini pangkalan militer . alangkah baiknya semua aspek struktural itu faham tentang gizi gx harus expert karena itu tugas kepala nya",209,34,negative,0.6727384328842163,liat dah struktural kelola mulai kepala nya sampe bilang pangkal militer  alangkah baik semua aspek struktural faham gizi gx expert tugas kepala,anger,0.393349826335907
"Parahh jahat banget yaa program MBG ini 😢😢😢😢 innalillahi 

Korupsi terselubung 😢😢😢",1,2 months ago,@febryrizkyamalia6545,parahh jahat banget yaa program mbg ini innalillahi korupsi terselubung,71,10,negative,0.9990529417991638,parahh jahat banget yaa program mbg innalillahi korupsi selubung,fear,0.49998342990875244
"Ini program yg ga lihat realita dunia. Mending 335T ini lu fokusin utk berantas koruptor dlu dah. Baru jalanin program lainnya.

Slama koruptor ga diberantas, program apapun ga akan baik",0,2 months ago,@adelkf00,"ini program yang tidak lihat realita dunia. mending 335 triliun ini kamu fokusin untuk berantas koruptor dulu dah. baru jalanin program lainnya. slama koruptor tidak diberantas, program apapun tidak akan baik",208,31,negative,0.9982627034187317,program lihat realita dunia mending 335 triliun kamu fokusin berantas koruptor dulu dah baru jalanin program lain slama koruptor berantas program apa baik,anger,0.9321685433387756
Sedangkan petugas kesehatan yg berkerja di puskesmas tidak dapat gaji yg layak sedangkan gaji mbg melambung tinggi,0,2 months ago,@SriHartatik-y5g,sedangkan petugas kesehatan yang berkerja di puskesmas tidak dapat gaji yang layak sedangkan gaji mbg melambung tinggi,118,17,negative,0.9814760684967041,tugas sehat kerja puskesmas gaji layak gaji mbg lambung tinggi,sadness,0.6668422222137451
Harusnya MBG itu di daerah yg angka stunting nya tinggi aja biar tepat sasaran n tidak jadi beban yg terlalu besar,0,2 months ago,@rbagas5141,harusnya mbg itu di daerah yang angka stunting nya tinggi aja biar tepat sasaran n tidak jadi beban yang terlalu besar,118,21,negative,0.8417004346847534,harus mbg daerah angka stunting tinggi biar tepat sasar n beban terlalu besar,sadness,0.34349972009658813
"Ya ini yang dinamakan 19 jt lapangan kerja tapi buat para kader"" nya",0,2 months ago,@PaijemBrangkidul,ya ini yang dinamakan 19 juta lapangan kerja tapi untuk para kader nya,70,13,negative,0.6898974776268005,nama 19 juta lapang kerja kader,happy,0.38105469942092896
"Secara ekonomi, program ini berdampak besar pada petani, peternak, nelayan, UMKM pangan, dan tenaga kerja lokal (juru masak/pengantar) melalui penyerapan bahan baku dan penciptaan lapangan kerja.",2,2 months ago,@valentinoaldriansidabutar6191,"secara ekonomi, program ini berdampak besar pada petani, peternak, nelayan, usaha mikro kecil menengah pangan, dan tenaga kerja lokal juru masak pengantar melalui penyerapan bahan baku dan penciptaan lapangan kerja.",215,30,neutral,0.5579017996788025,ekonomi program dampak besar tani ternak nelayan usaha mikro kecil tengah pangan tenaga kerja lokal juru masak antar lalu serap bahan baku cipta lapang kerja,happy,0.7896247506141663
"Pembangunan infrastruktur menambah hutang Indonesia 7.000 triliun rupiah dalam 10 tahun pemerintahan Jokowi 
Banyak yg dikorupsi, triliunan jumlahnya",1,2 months ago,@valentinoaldriansidabutar6191,"pembangunan infrastruktur menambah hutang indonesia 7.00 triliun rupiah dalam 10 tahun pemerintahan jokowi banyak yang dikorupsi, triliunan jumlahnya",149,18,negative,0.6199057102203369,bangun infrastruktur tambah hutang indonesia 7 00 triliun rupiah 10 tahun perintah jokowi banyak korupsi triliun jumlah,sadness,0.46692758798599243
"​ @valentinoaldriansidabutar6191  hasilnya jelas, daripada mbg dikorupsi dan cuma jadi taik",0,1 month ago,@Hasannasbiiiii,"hasilnya jelas, daripada mbg dikorupsi dan cuma jadi taik",57,9,negative,0.9142993688583374,hasil jelas mbg korupsi cuma taik,anger,0.47568273544311523
"■ MBG Menciptakan Lap Kerja & Gaji:

Tiap SPPG dibutuhkan 18-25 staf, dg gaji:
· Supervisor/Kepala Dapur: Rp4 - 7 juta
· Ahli Gizi & Akuntan: ± Rp5 juta 
· Juru Masak Utama: Rp3 - 5 juta
· Asisten Koki/Prep/Packing: Rp2 - 3,8 juta
· Driver/Petugas Distribusi: Rp2,5 - 4,5 juta
· Bagian Cuci & Sanitasi: Rp2 - 3 juta

--> Semuanya dikali x 24.000-an SPPG (Feb 2025)
--> inilah gaji yg diterima masyarakat/bln berkat program MBG

■ MBG Mensejahterakan Pedagang Sayur & Pasar Lokal:

Kebutuhan 1 SPPG untuk sekali masak (melayani ±3.000 penerima) sangat besar :

· Telur: 3.000 - 3.300 butir (disediakan 2 kali seminggu)
· Ayam: 350 ekor (setara 2,6 ton per bulan)
· Beras: 5 ton per bulan
· Sayur: 350 kg
· Susu: 450 liter

--> ini dikali 24.000-an SPPG, total.ada 61Jt-an penerima makanan MBG se-Indonesia (Feb 2025)

--> Dana yang beredar sangat besar. Sekitar 70% anggaran SPPG (Rp1 miliar/bulan) digunakan untuk belanja bahan baku, yang 95-99% bersumber dari produk pertanian lokal .

■ TESTIMONI:

• Kadin Indonesia mencatat sektor pertanian dan peternakan mengalami pertumbuhan berkat program ini.

• Kenaikan Harga Komoditas: Wali Kota Tangerang secara spesifik menyebut bahwa program MBG berkontribusi pada kenaikan harga komoditas seperti cabai, telur, dan ayam, yang secara langsung menguntungkan petani dan pedagang.

• Perubahan Kebiasaan: Petani yang sempat berhenti mulai menanam lagi karena ada jaminan pembelian, bahkan ada yang mengubah pola tanam untuk memenuhi permintaan SPPG.

• Pasar Pasti (Captive Market): 
Banyak SPPG yang memenuhi 85% kebutuhan pangannya dari radius terdekat.

• Pemasok Lokal: Setiap SPPG memberdayakan minimal 15 pemasok lokal, mulai dari petani sayur, pemasok telur, hingga distributor ayam .

■ KESIMPULAN:

• Program ini membuka lapangan kerja massal, terutama bagi warga lokal dan ibu rumah tangga, dengan pendapatan signifikan di atas rata-rata upah harian.

• Program ini mengubah SPPG menjadi ""denyut nadi ekonomi baru"" di tingkat desa, menciptakan ekosistem yang melibatkan petani, pedagang pasar, dan koperasi desa.",1,1 month ago,@adralia23,"mbg menciptakan lap kerja gaji tiap satuan pelayanan pemenuhan gizi dibutuhkan 18 25 staf, dengan gaji supervisor kepala dapur rp4 7 juta ahli gizi akuntan rp5 juta juru masak utama rp3 5 juta asisten koki prep packing rp2 3,8 juta driver petugas distribusi rp2,5 4,5 juta bagian cuci sanitasi rp2 3 juta semuanya dikali x 24.00 an satuan pelayanan pemenuhan gizi feb 2025 inilah gaji yang diterima masyarakat bln berkat program mbg mbg mensejahterakan pedagang sayur pasar lokal kebutuhan 1 satuan pelayanan pemenuhan gizi untuk sekali masak melayani 3.00 penerima sangat besar telur 3.00 3.300 butir disediakan 2 kali seminggu ayam 350 ekor setara 2,6 ton per bulan beras 5 ton per bulan sayur 350 kg susu 450 liter ini dikali 24.00 an sppg, total.ada 61 juta an penerima makanan mbg se indonesia feb 2025 dana yang beredar sangat besar. sekitar 70% anggaran satuan pelayanan pemenuhan gizi rp1 miliar bulan digunakan untuk belanja bahan baku, yang 95 99% bersumber dari produk pertanian lokal . testimoni kadin indonesia mencatat sektor pertanian dan peternakan mengalami pertumbuhan berkat program ini. kenaikan harga komoditas wali kota tangerang secara spesifik menyebut bahwa program mbg berkontribusi pada kenaikan harga komoditas seperti cabai, telur, dan ayam, yang secara langsung menguntungkan petani dan pedagang. perubahan kebiasaan petani yang sempat berhenti mulai menanam lagi karena ada jaminan pembelian, bahkan ada yang mengubah pola tanam untuk memenuhi permintaan sppg. pasar pasti captive market banyak satuan pelayanan pemenuhan gizi yang memenuhi 85% kebutuhan pangannya dari radius terdekat. pemasok lokal setiap satuan pelayanan pemenuhan gizi memberdayakan minimal 15 pemasok lokal, mulai dari petani sayur, pemasok telur, hingga distributor ayam . kesimpulan program ini membuka lapangan kerja massal, terutama bagi warga lokal dan ibu rumah tangga, dengan pendapatan signifikan di atas rata rata upah harian. program ini mengubah satuan pelayanan pemenuhan gizi menjadi denyut nadi ekonomi baru di tingkat desa, menciptakan ekosistem yang melibatkan petani, pedagang pasar, dan koperasi desa.",2122,317,neutral,0.8917677998542786,mbg cipta lap kerja gaji tiap satu layan penuh gizi butuh 18 25 staf gaji supervisor kepala dapur rp4 7 juta ahli gizi akuntan rp5 juta juru masak utama rp3 5 juta asisten koki prep packing rp2 3 8 juta driver tugas distribusi rp2 5 4 5 juta bagi cuci sanitasi rp2 3 juta semua kali x 24 00 an satu layan penuh gizi feb 2025 ini gaji terima masyarakat bln berkat program mbg mbg sejahtera dagang sayur pasar lokal butuh 1 satu layan penuh gizi sekali masak layan 3 00 terima sangat besar telur 3 00 3 300 butir sedia 2 kali minggu ayam 350 ekor tara 2 6 ton per bulan beras 5 ton per bulan sayur 350 kg susu 450 liter kali 24 00 an sppg total ada 61 juta an terima makan mbg se indonesia feb 2025 dana edar sangat besar 70 anggar satu layan penuh gizi rp1 miliar bulan guna belanja bahan baku 95 99 sumber produk tani lokal  testimoni kadin indonesia catat sektor tani terna alami tumbuh berkat program ini naik harga komoditas wali kota tangerang spesifik sebut program mbg kontribusi naik harga komoditas cabai telur ayam langsung untung tani dagang ubah biasa tani sempat henti mulai tanam jamin beli bahkan ubah pola tanam penuh minta sppg pasar captive market banyak satu layan penuh gizi penuh 85 butuh pangan radius dekat pasok lokal satu layan penuh gizi daya minimal 15 pasok lokal mulai tani sayur pasok telur hingga distributor ayam  simpul program buka lapang kerja massal utama warga lokal ibu rumah tangga dapat signifikan atas rata rata upah hari program ubah satu layan penuh gizi jadi denyut nadi ekonomi baru tingkat desa cipta ekosistem libat tani dagang pasar koperasi desa,sadness,0.6704399585723877
Korupsi 10 kali lipat. :v,2,2 months ago,@M.Ilham123,korupsi 10 kali lipat. v,24,5,negative,0.9605052471160889,korupsi 10 kali lipat v,anger,0.5422161221504211
"Kenapa MBG 335 T rawan KKN sangat Miris? 
1.Populasi rakyat miskin 65 % sangat tak sebanding dgn besarnya anggaran 335T MBG
2.Dilakukan saat hutang jatuh tempo mencapai rekor tertinggi 
3.Menambah Beban hutang & Defisit Anggaran
4.Anggaran melebihi budget Kemenkes ( pertama didunia) 
5.Dikuasai kroni kroninya terutama anggota dewan & si ijo.(hanya menambah pundi pundi kekayaan para oknum) 
6.Tidak konsisten dgn kampanye ""Efisiensi Anggaran"". Pemborosan sistematis yang menciptakan bom waktu ekonomi yaitu = *kebangkrutan*.

Mereka tidak peduli kritikan & amarah rakyat, dgn penuh nafsu tetap menggeber program ini & mengabaikan segala resiko yang akan timbul dimasa depan",0,2 months ago,@Utang10.000T_bangkrut,"kenapa mbg 335 triliun rawan kkn sangat miris 1.populasi rakyat miskin 65 % sangat tidak sebanding dengan besarnya anggaran 335 triliun mbg 2.dilakukan saat hutang jatuh tempo mencapai rekor tertinggi 3.menambah beban hutang defisit anggaran 4.anggaran melebihi budget kemenkes pertama didunia 5.dikuasai kroni kroninya terutama anggota dewan si ijo. hanya menambah pundi pundi kekayaan para oknum 6.tidak konsisten dengan kampanye efisiensi anggaran . pemborosan sistematis yang menciptakan bom waktu ekonomi yaitu kebangkrutan . mereka tidak peduli kritikan amarah rakyat, dengan penuh nafsu tetap menggeber program ini mengabaikan segala resiko yang akan timbul dimasa depan",677,94,negative,0.9981803894042969,mbg 335 triliun rawan kkn sangat miris 1 populasi rakyat miskin 65  sangat banding besar anggar 335 triliun mbg 2 laku hutang jatuh tempo capai rekor tinggi 3 tambah beban hutang defisit anggar 4 anggar lebih budget kemenkes pertama dunia 5 asai kroni kroni utama anggota dewan si ijo tambah pundi pundi kaya oknum 6 tidak konsisten kampanye efisiensi anggar  boros sistematis cipta bom waktu ekonomi bangkrut  peduli kritik amarah rakyat penuh nafsu tetap geber program abai segala resiko timbul masa depan,anger,0.468833863735199
Wow APBN cina gede amat ya 64rbT... Indonesia aja cuma 3rb T,0,2 months ago,@Laewoo17,wow anggaran pendapatan belanja negara cina gede amat ya 64rbt... indonesia aja cuma 3 ribu t,93,16,negative,0.9416812658309937,wow anggar dapat belanja negara cina gede 64rbt indonesia cuma 3 ribu t,anger,0.4952590763568878
"23.000 T bro, bukan 64",0,1 month ago,@baydmc2162,"23.00 triliun bro, bukan 64",27,5,neutral,0.9702898859977722,23 00 triliun bro bukan 64,anger,0.39753711223602295
MAAF KARENA PREDIDEN KITA BODOH BIN OON ...,0,1 month ago,@Mutohar-y3u,maaf karena prediden kita bodoh bin oon ...,43,8,negative,0.99798583984375,maaf prediden bodoh bin oon ,anger,0.6769094467163086
"di negara lain program MBG ini bukan lah ""alat politik"" tetapi kesadaran negara akan pentingnya MBG itu bagi si penerima. jadi tidak ada istilah ""ambil untung"" secara sepihak/pribadi. pada akhirnya program MBG ini berjalan dengan baik, lancar, tepat sasaran. kalo di negara kita ini, itu murni politik dan motif ekonomi berkedok ""kepentingan rakyat""..",0,1 month ago,@heriberbagi029,"di negara lain program mbg ini bukan lah alat politik tetapi kesadaran negara akan pentingnya mbg itu bagi si penerima. jadi tidak ada istilah ambil untung secara sepihak pribadi. pada akhirnya program mbg ini berjalan dengan baik, lancar, tepat sasaran. kalau di negara kita ini, itu murni politik dan motif ekonomi berkedok kepentingan rakyat ..",347,55,negative,0.9030819535255432,negara program mbg bukan alat politik sadar negara penting mbg si terima istilah ambil untung pihak pribadi akhir program mbg jalan baik lancar tepat sasar negara ini murni politik motif ekonomi kedok penting rakyat ,anger,0.3817405700683594
"Perbandingan antar negara menarik sih, tapi biasanya tricky karena struktur APBN, jumlah penerima, dan tujuan programnya beda.
Yang jadi kunci mungkin bukan sekadar besar-kecil anggaran, tapi: seberapa tepat sasaran & efisien realisasinya
Karena program kecil pun bisa impactful kalau tepat, dan sebaliknya.",2,2 months ago,@NgomonginUang,"perbandingan antar negara menarik sih, tapi biasanya tricky karena struktur apbn, jumlah penerima, dan tujuan programnya beda. yang jadi kunci mungkin bukan sekadar besar kecil anggaran, tapi seberapa tepat sasaran efisien realisasinya karena program kecil pun bisa impactful kalau tepat, dan sebaliknya.",304,42,positive,0.7668712735176086,banding antar negara tarik sih biasa tricky struktur apbn jumlah terima tuju program beda kunci mungkin bukan sekadar besar kecil anggar berapa tepat sasar efisien realisasi program kecil impactful tepat balik,fear,0.27711018919944763
"​ @NgomonginUang iya itu artinya efisiensi MBG di Indonesa jauh lebih banyak korupsi dibanding MBG di China min
Klo bicara dampak dan efisiensi perbandingan anggaran menjadi salah satu tolak ukur.
Setahun berjalan dampak dan efisiensi MBG hancur banget, bahkan merusak anggaran sektor lain. MBG bukan lagi beban tapi jd toxic atau racun bagi anggaran 
Jika benar kita menginginkan MBG yg berdampak baik dan efisiensi akan lebih baik jika MBG dilakukan secara bertahap terutama didaerah pelosok lebih dahulu, setelah tahu kelemahan dan sistem yg baik dan telah berjalan baik baru diduplikasi ke daerah lain
Tapi ini kan program baru, banyak kekurangan dan celah korupsi tapi malah diterapkan secara besar-besaran dan anggaran yg luar biasa secara tiba-tiba. Bukan hanya beban ini justru program penghancur anggaran negara.",1,2 months ago,@agungkurniawan122,"iya itu artinya efisiensi mbg di indonesa jauh lebih banyak korupsi dibanding mbg di china min kalau bicara dampak dan efisiensi perbandingan anggaran menjadi salah satu tolak ukur. setahun berjalan dampak dan efisiensi mbg hancur banget, bahkan merusak anggaran sektor lain. mbg bukan lagi beban tapi jadi toxic atau racun bagi anggaran jika benar kita menginginkan mbg yang berdampak baik dan efisiensi akan lebih baik jika mbg dilakukan secara bertahap terutama didaerah pelosok lebih dahulu, setelah tahu kelemahan dan sistem yang baik dan telah berjalan baik baru diduplikasi ke daerah lain tapi ini kan program baru, banyak kekurangan dan celah korupsi tapi malah diterapkan secara besar besaran dan anggaran yang luar biasa secara tiba tiba. bukan hanya beban ini justru program penghancur anggaran negara.",813,124,negative,0.9939250349998474,iya arti efisiensi mbg indonesa jauh lebih banyak korupsi banding mbg china min bicara dampak efisiensi banding anggar jadi salah satu tolak ukur tahun jalan dampak efisiensi mbg hancur banget bahkan rusak anggar sektor lain mbg bukan beban toxic racun anggar benar ingin mbg dampak baik efisiensi lebih baik mbg laku tahap utama daerah pelosok lebih dahulu tahu lemah sistem baik jalan baik baru duplikasi daerah program baru banyak kurang celah korupsi malah terap besar besar anggar luar biasa tiba tiba bukan beban justru program hancur anggar negara,anger,0.50340336561203
"China aja yang APBNnya 64.000 T pertahun buat makan bergizinya cuma 25 T, itu karena cuma subsidi buat yang miskin bukan makan gratis 😂 lah konoha APBN nya cuma 3000 T dana MBG 335 T 😂",1,2 months ago,@tesaja1237q,"china aja yang apbnnya 64.00 triliun pertahun untuk makan bergizinya cuma 25 triliun, itu karena cuma subsidi untuk yang miskin bukan makan gratis lah konoha anggaran pendapatan belanja negara nya cuma 300 triliun dana mbg 335 triliun",234,37,negative,0.8587092757225037,china apbnnya 64 00 triliun tahun makan gizi cuma 25 triliun cuma subsidi miskin bukan makan gratis konoha anggar dapat belanja negara cuma 300 triliun dana mbg 335 triliun,anger,0.7277605533599854
"Coba bandingkan juga anggarannya berapa persen dari APBN mereka, yang idiot yang kritik atau anda? 😂",1,2 months ago,@tesaja1237q,"coba bandingkan juga anggarannya berapa persen dari anggaran pendapatan belanja negara mereka, yang idiot yang kritik atau anda",127,18,negative,0.9937509894371033,coba banding anggar berapa persen anggar dapat belanja negara mereka idiot kritik,anger,0.7962729334831238
Di top comment udah kok banyak suara begini 😅,0,2 months ago,@NgomonginUang,di top comment sudah kok banyak suara begini,44,8,negative,0.7186415195465088,top comment kok banyak suara begini,anger,0.7303538918495178
"Padahal kader"" nya sudah punya kerja",0,2 months ago,@PaijemBrangkidul,padahal kader nya sudah punya kerja,35,6,negative,0.9251788854598999,padahal kader punya kerja,anger,0.39129701256752014
"Tuh kasih orang"" yang baru Lulus Sarjana"" banyak  pada belum kerja",0,2 months ago,@PaijemBrangkidul,itu kasih orang yang baru lulus sarjana banyak pada belum kerja,63,11,negative,0.9928996562957764,kasih orang baru lulus sarjana banyak kerja,anger,0.376420259475708
"Padahal kader"" nya sudah pada punya kerja",0,2 months ago,@PaijemBrangkidul,padahal kader nya sudah pada punya kerja,40,7,negative,0.9410764575004578,padahal kader punya kerja,anger,0.4134664833545685
"program paling aneh, kualitas pendidikan masih aneh. malah bikin program pake pihak ketiga, kenapa dana nya ga dikasih ke orang tua siswa yang lebih tau selera anak masing masing. probabilitas untuk korupsi nya besar tapi nasih dilaksanakan yasudah biarkan saja",0,2 months ago,@rezafahlevib,"program paling aneh, kualitas pendidikan masih aneh. malah bikin program pake pihak ketiga, kenapa dana nya tidak dikasih ke orang tua siswa yang lebih tau selera anak masing masing. probabilitas untuk korupsi nya besar tapi nasih dilaksanakan yasudah biarkan saja",264,40,negative,0.9981061220169067,program paling aneh kualitas didik aneh malah bikin program pake pihak tiga dana kasih orang tua siswa lebih tau selera anak masing masing probabilitas korupsi besar nasih laksana yasudah biar,anger,0.8566610217094421
"Sy biasanya sllu dukung program pemerintah pak Prabowo 
Tp soal MBG sy kurang setuju krn urusan pangan tu bkn yg urgent... Yg urgent itu byk sarjana susah cari kerja",0,2 months ago,@abrorifahim3980,sy biasanya sllu dukung program pemerintah bapak prabowo tapi soal mbg sy kurang setuju karena urusan pangan itu bkn yang urgent... yang urgent itu banyak sarjana susah cari kerja,179,29,negative,0.7814446091651917,sy biasa sllu dukung program perintah bapak prabowo soal mbg sy kurang tuju urus pangan bkn urgent urgent banyak sarjana susah cari kerja,anger,0.5729464292526245
"Indonesia ini Negara yang  kaya akan kekayaan Sumber alam dan Mineral nya.Tapi Indonesia Negara yang saat ini,Kaya akan Para Koruptor nya.Dan Negara yang Banyak Rakyat nya Hidup dalam Kemiskinan.",0,2 months ago,@SuherMan-d5i,"indonesia ini negara yang kaya akan kekayaan sumber alam dan mineral nya.tapi indonesia negara yang saat ini,kaya akan para koruptor nya.dan negara yang banyak rakyat nya hidup dalam kemiskinan.",194,29,negative,0.9902814626693726,indonesia negara kaya kaya sumber alam mineral nya tapi indonesia negara ini kaya koruptor nya dan negara banyak rakyat hidup miskin,sadness,0.6378329992294312
"Fix sih ini, kalau ga ada aksi Nepalkan berarti masyarakat tunduk& siap menghadapi konsekuensi dari MBG ini",0,2 months ago,@ha.a31,"fix sih ini, kalau tidak ada aksi nepalkan berarti masyarakat tunduk siap menghadapi konsekuensi dari mbg ini",109,17,negative,0.7091800570487976,fix ini aksi nepalkan arti masyarakat tunduk siap hadap konsekuensi mbg,anger,0.523439884185791
negara konoha gk tau bersyukur...banyak pengangguran demo dibuka nya lapangan pekerjaan untuk rakyat juga salah...padahal negara lain banyak yang kolaps,0,2 months ago,@RedmiNote5-d5c,negara konoha tidak tau bersyukur...banyak pengangguran demo dibuka nya lapangan pekerjaan untuk rakyat juga salah...padahal negara lain banyak yang kolaps,155,20,negative,0.9970545768737793,negara konoha tau syukur banyak anggur demo buka lapang kerja rakyat salah padahal negara banyak kolaps,sadness,0.5486487746238708
"1 % solusi
99% beban",0,2 months ago,@FajarKusuma-qj9ru,1 % solusi 99% beban,20,5,negative,0.7733944058418274,1  solusi 99 beban,sadness,0.5258938670158386
Sumpah gakapapa banget kalau mau ngakui mbg tu gak make sense diterapkan disini mending anggarannya tuh buat pendidikan aja. Aku ngerasa banget sebagai dari keluarga yang menengah kebawah selalu kepikiran soal biaya sekolah sama fasilitas sekolah yang kurang sehingga tuh gak ndukung buat ngembangin diri,0,2 months ago,@Bunga616,sumpah gakapapa banget kalau mau ngakui mbg itu tidak make sense diterapkan disini mending anggarannya itu untuk pendidikan aja. saya ngerasa banget sebagai dari keluarga yang menengah kebawah selalu kepikiran soal biaya sekolah sama fasilitas sekolah yang kurang sehingga itu tidak ndukung untuk ngembangin diri,312,45,negative,0.9820923805236816,sumpah gakapapa banget mau ngakui mbg make sense terap sini mending anggar didik aja ngerasa banget keluarga tengah bawah selalu pikir soal biaya sekolah sama fasilitas sekolah kurang ndukung ngembangin diri,sadness,0.6841206550598145
menurut saya mbg jadi solusi disaat rakyat sulit cari kerjaan...ada atau gk ada mbg kurupsi jalan terus...mending sekalian uang negara habis untuk rakyat,0,2 months ago,@RedmiNote5-d5c,menurut saya mbg jadi solusi disaat rakyat sulit cari kerjaan...ada atau tidak ada mbg kurupsi jalan terus...mending sekalian uang negara habis untuk rakyat,156,23,negative,0.937903106212616,mbg solusi saat rakyat sulit cari kerja ada mbg kurupsi jalan terus mending sekali uang negara habis rakyat,anger,0.9241258502006531
"Apa ideologi Pemerintah skrg berubah mjd MBG ya...? 

Koq MBG sepertinya mjd sesuatu yg didewa²kan. MBG HARUS tetap jalan apapun yg terjadi, meski faktanya pelaksanaan MBG byk yg menyimpang dr ketentuan dan byk dikorupsi.

Semoga Pemerintah tetap waras bahwa ideologi kita itu Pancasila, bukan MBG",0,2 months ago,@pray1925,"apa ideologi pemerintah sekarang berubah mjd mbg ya... koq mbg sepertinya mjd sesuatu yang didewa kan. mbg harus tetap jalan apapun yang terjadi, meski faktanya pelaksanaan mbg banyak yang menyimpang dari ketentuan dan banyak dikorupsi. semoga pemerintah tetap waras bahwa ideologi kita itu pancasila, bukan mbg",311,46,negative,0.9204921722412109,apa ideologi perintah sekarang ubah mjd mbg ya koq mbg seperti mjd dewa kan mbg tetap jalan apa jadi meski fakta laksana mbg banyak simpang tentu banyak korupsi moga perintah tetap waras ideologi pancasila bukan mbg,anger,0.7669399976730347
Gila muka  kepala BGN nyebelin bat jir mau gw amplas rasanya 😂,0,2 months ago,@haikalathallahtm9583,gila muka kepala badan gizi nasional nyebelin bat jir mau saya amplas rasanya,77,13,negative,0.999309778213501,gila muka kepala badan gizi nasional nyebelin bat jir mau amplas rasa,anger,0.9199581742286682
"MBG indo itu cuma bagus di teori, tapi di praktikum.... HAWK TUAH!!!",0,2 months ago,@ridhobaihaqi144,"mbg indo itu cuma bagus di teori, tapi di praktikum.... hawk tuah",65,12,negative,0.7980248928070068,mbg indo cuma bagus teori praktikum hawk tuah,anger,0.4558698534965515
"Dengan program mbg, para petani tidak mendapat manfaat langsung dari kenaikan harga,, karena yang membeli hasil panen mereka bukan dari pihak dapur mbg, tapi dari pihak mitra yang menydiakan bahan2 untuk dapur mbg.. para mitra tersebut membeli hasil panen dengan harga murah dan dijual dengan harga mahal ke pengelola dapur mbg..
Hal ini tidak membuat hidup petani lebih sejahtera, membuat harga panen mahal di pasaran karena hasil panen sudah banyak dibeli oleh mitra penyedia mbg,, dan juga membuat mitra penyedia mbg menjadi lebih sejahtera karena membeli hasil panen dengan harga murah dan menjualnya dengan harga mahal ke dapur mbg..
Di tempat kami ada 2 dapur mbg yang menu nya ada yang lebih banyak dan lebih sedikit isi porsinya.. setelah di tanya oleh pihak sekolah tentang hal ini, jawaban dari pihak dapur mbg mengatakan ""mitra mereka berbeda dengan dapur mbg yang satunya.. merek bilang mitra mereka menjual bahan dengan harga lebih mahal dari mitra dapur mbg yang lain, sehingga porsi dari menu mereka lebih sedikit""",0,2 months ago,@raf1359,"dengan program mbg, para petani tidak mendapat manfaat langsung dari kenaikan harga,, karena yang membeli hasil panen mereka bukan dari pihak dapur mbg, tapi dari pihak mitra yang menydiakan bahan2 untuk dapur mbg.. para mitra tersebut membeli hasil panen dengan harga murah dan dijual dengan harga mahal ke pengelola dapur mbg.. hal ini tidak membuat hidup petani lebih sejahtera, membuat harga panen mahal di pasaran karena hasil panen sudah banyak dibeli oleh mitra penyedia mbg,, dan juga membuat mitra penyedia mbg menjadi lebih sejahtera karena membeli hasil panen dengan harga murah dan menjualnya dengan harga mahal ke dapur mbg.. di tempat kami ada 2 dapur mbg yang menu nya ada yang lebih banyak dan lebih sedikit isi porsinya.. setelah di tanya oleh pihak sekolah tentang hal ini, jawaban dari pihak dapur mbg mengatakan mitra mereka berbeda dengan dapur mbg yang satunya.. merek bilang mitra mereka menjual bahan dengan harga lebih mahal dari mitra dapur mbg yang lain, sehingga porsi dari menu mereka lebih sedikit",1027,164,negative,0.9735065698623657,program mbg tani dapat manfaat langsung naik harga beli hasil panen bukan pihak dapur mbg pihak mitra menydiakan bahan2 dapur mbg mitra sebut beli hasil panen harga murah jual harga mahal kelola dapur mbg buat hidup tani lebih sejahtera buat harga panen mahal pasar hasil panen banyak beli mitra sedia mbg buat mitra sedia mbg jadi lebih sejahtera beli hasil panen harga murah jual harga mahal dapur mbg tempat 2 dapur mbg menu lebih banyak lebih sedikit isi porsi tanya pihak sekolah ini jawab pihak dapur mbg kata mitra beda dapur mbg satu merek bilang mitra jual bahan harga lebih mahal mitra dapur mbg lain porsi menu lebih sedikit,sadness,0.6335278153419495
"MBG buat siapa? ya buat si Wowo lah.. sdh sgt jelas.
Nasib jd WNI, kerja keras bayar pajak, eh duitnya buat kampanye politik presiden halu😢",0,2 months ago,@Dh4nker,"mbg untuk siapa ya untuk si wowo lah.. sudah sgt jelas. nasib jadi wni, kerja keras bayar pajak, eh duitnya untuk kampanye politik presiden halu",144,25,negative,0.9564720392227173,mbg siapa si wowo lah sgt jelas nasib wni kerja keras bayar pajak eh duit kampanye politik presiden halu,anger,0.7960925102233887
"Program MBG perlu didukung dengan tata kelola yang kuat, pelibatan pelaku lokal, serta pengawasan berkelanjutan agar mampu mendorong ketahanan pangan dan kesejahteraan masyarakat secara luas.",0,2 months ago,@shortV-z3i,"program mbg perlu didukung dengan tata kelola yang kuat, pelibatan pelaku lokal, serta pengawasan berkelanjutan agar mampu mendorong ketahanan pangan dan kesejahteraan masyarakat secara luas.",191,25,positive,0.5824929475784302,program mbg perlu dukung tata kelola kuat libat laku lokal awas lanjut mampu dorong tahan pangan sejahtera masyarakat luas,happy,0.6510031819343567
"Prabowo nyerocos mau renovasi 300 ribu uang kelas. Sementara ratusan truliun apbn abis buat mbg, apbn yang juga tertekan ama kenaikan harga minyak. Bahkan apbn sudah dinyatakan defisit ampe 130 an triliun. Pertanyaannya duitnya dari mana coba?? Kyaknya prabowo harus diajarin ekonomi ama admin ngomu dulu",0,2 months ago,@hamaspahlawan1577,"prabowo nyerocos mau renovasi 300 ribu uang kelas. sementara ratusan truliun anggaran pendapatan belanja negara abis untuk mbg, anggaran pendapatan belanja negara yang juga tertekan sama kenaikan harga minyak. bahkan anggaran pendapatan belanja negara sudah dinyatakan defisit ampe 130 an triliun. pertanyaannya duitnya dari mana coba kyaknya prabowo harus diajarin ekonomi sama admin ngomu dulu",395,55,negative,0.9918445944786072,prabowo nyerocos mau renovasi 300 ribu uang kelas ratus truliun anggar dapat belanja negara abis mbg anggar dapat belanja negara tekan sama naik harga minyak bahkan anggar dapat belanja negara nyata defisit ampe 130 an triliun tanya duit mana coba kyaknya prabowo diajarin ekonomi sama admin ngomu dulu,anger,0.8055317401885986
"Ada yg komen ini hanya menguntungkan kan pemilik dapur MBG nya ,, iya sih ini bener jga ..TPI yg lebih pasti yg bikin proyek nya yg akan mendapatkan ke untungan yg lebih besar ..ingat berapa tahun lagi dia di pastikan nyalon lagi,( klu belum mati ya) nah itu biaya nya besar lho ..mau nyogok sana sini kan butuh uang ,, jdi sebetulnya ini cuma proyek nya dia ,, kita aja yg di bodoh bodoh in ,, dia bilang makan bergizi ,, saya aja yg bisa di bilang kelas bawah ..lebih mampu beli yg bergizi dari pada yg dia kasih,, lagian di mana letak gizi nya,saya rasa sudah banyak yg Spil kok ,,apa yg di kasih nya",0,2 months ago,@langkisau-bkt,"ada yang komen ini hanya menguntungkan kan pemilik dapur mbg nya ,, iya sih ini bener jga ..tpi yang lebih pasti yang bikin proyek nya yang akan mendapatkan ke untungan yang lebih besar ..ingat berapa tahun lagi dia di pastikan nyalon lagi, kalau belum mati ya nah itu biaya nya besar lho ..mau nyogok sana sini kan butuh uang ,, jadi sebetulnya ini cuma proyek nya dia ,, kita aja yang di bodoh bodoh in ,, dia bilang makan bergizi ,, saya aja yang bisa di bilang kelas bawah ..lebih mampu beli yang bergizi dari pada yang dia kasih,, lagian di mana letak gizi nya,saya rasa sudah banyak yang spil kok ,,apa yang di kasih nya",626,116,negative,0.9884110689163208,komen untung milik dapur mbg  iya bener jga tpi lebih bikin proyek dapat untung lebih besar ingat berapa tahun pasti nyalon lagi mati nah biaya besar lho mau nyogok sana sini butuh uang  cuma proyek  bodoh bodoh in  bilang makan gizi  bilang kelas bawah lebih mampu beli gizi kasih lagi mana letak gizi nya saya rasa banyak spil kok apa kasih,anger,0.7609397768974304
Bau baunya dana george soros,0,2 months ago,@ivanluhur,bau baunya dana george soros,28,5,neutral,0.5230333805084229,bau bau dana george soros,sadness,0.40968286991119385
"Anak dapat makan, tapi ortu mereka kesulitan beli bahan makanan di pasar karena stok pasar diserap besar oleh MBG. Dipikir2 kontradiktif. Negara ini emg kocak😂😂",0,2 months ago,@hamaspahlawan1577,"anak dapat makan, tapi ortu mereka kesulitan beli bahan makanan di pasar karena stok pasar diserap besar oleh mbg. dipikir2 kontradiktif. negara ini memang kocak",161,25,positive,0.5303817987442017,anak makan ortu sulit beli bahan makan pasar stok pasar serap besar mbg dipikir2 kontradiktif negara memang kocak,sadness,0.42165470123291016
Dana MBG....di buat. Pabrik2  baru...biar orang tua bisa kerja... Ngasih anak makan bergizi...,0,2 months ago,@LusianaKurniawati-v1c6z,dana mbg....di buat. pabrik2 baru...biar orang tua bisa kerja... ngasih anak makan bergizi...,93,13,positive,0.5186637043952942,dana mbg di buat pabrik2 baru biar orang tua kerja ngasih anak makan gizi,happy,0.5632168054580688
"Setuju,
Kuncinya memang di tata kelola & pengawasan.
Tapi pertanyaannya: pelaku lokalnya nanti benar-benar merata atau cuma “itu-itu aja”?",0,2 months ago,@NgomonginUang,"setuju, kuncinya memang di tata kelola pengawasan. tapi pertanyaannya pelaku lokalnya nanti benar benar merata atau cuma itu itu aja",132,20,negative,0.8854217529296875,tuju kunci memang tata kelola awas tanya laku lokal benar benar rata cuma,fear,0.5465922951698303
"Mbg tu baguss asal punya dana dan maksud tujuan yang bener2 membantu bukan mencerdaskan bangsa, untuk fokus anak2 bukan IQ anak2 karena kalau mau cerdas sistem pendidikan harus jelas jangan mentri ganti ganti kurikulum al hasil pembelajaran gak afektif dan terkesan "" uji coba "", pendidikan di mulai dr gaji guru dan kulitas guru, serta fasilitas dan kurikulum yang memadai hal penting si guru tersebut harus bisa beradaptasi dengan sistem modern kek AI dan buku online, cara pembelajaran pun harus seru dan mudah dipahami anak2, untuk mbg sebagai fokus dan tingkat kualitas tubuh agar selalu vit dam pembelajaran, mbg harus ada sana sendiri bukan dr apbn karena 1 hr mbg butuh 1 terilun untuk semua sekolah di indo belum termasuk sekolah pedalaman , dan mbg harus punya bagian2 sendiri masing2 punya bagian cek kualitas Makanan, karena jika pu ya sistem dan duit sendiri semua lancar tanpa mengurangi anggaran penting negara kek pendidikan kesehatan bahkan kabar awal mbg semua dipangkas banyak pengangguran buka karena skil kurang melainkan untuk mbg miris banget  sedangkan anak butuh duit sekolah dan masa depan bukan soal makan 1× disekolah, kalau mbg punya bagian2, 1 bagian menu Semua dicek masing2 bgn menu apa aja serta belanja, 2 sistem daour semua dimasak fress tanpa hambatan dan harus memadai, bagian 3 pengecekan apakah makanan ini mayak atau tidak karena dalam jumlah besar beberapa makanan bisa terkontaminasi oleh zat2 terntentu dr dapur makanya perlu dicek diresto aja semua makanan di cek masak mbg yang jelas2 buat bangsa gak di cek kan lawak mana itu dr pemerintah bukan swasta",0,2 months ago,@Sukseske3,"mbg itu baguss asal punya dana dan maksud tujuan yang bener2 membantu bukan mencerdaskan bangsa, untuk fokus anak2 bukan iq anak2 karena kalau mau cerdas sistem pendidikan harus jelas jangan mentri ganti ganti kurikulum al hasil pembelajaran tidak afektif dan terkesan uji coba , pendidikan di mulai dari gaji guru dan kulitas guru, serta fasilitas dan kurikulum yang memadai hal penting si guru tersebut harus bisa beradaptasi dengan sistem modern kek ai dan buku online, cara pembelajaran pun harus seru dan mudah dipahami anak2, untuk mbg sebagai fokus dan tingkat kualitas tubuh agar selalu vit dam pembelajaran, mbg harus ada sana sendiri bukan dari anggaran pendapatan belanja negara karena 1 hr mbg butuh 1 terilun untuk semua sekolah di indo belum termasuk sekolah pedalaman , dan mbg harus punya bagian2 sendiri masing2 punya bagian cek kualitas makanan, karena jika pu ya sistem dan duit sendiri semua lancar tanpa mengurangi anggaran penting negara kek pendidikan kesehatan bahkan kabar awal mbg semua dipangkas banyak pengangguran buka karena skil kurang melainkan untuk mbg miris banget sedangkan anak butuh duit sekolah dan masa depan bukan soal makan 1 disekolah, kalau mbg punya bagian2, 1 bagian menu semua dicek masing2 badan gizi nasional menu apa aja serta belanja, 2 sistem daour semua dimasak fress tanpa hambatan dan harus memadai, bagian 3 pengecekan apakah makanan ini mayak atau tidak karena dalam jumlah besar beberapa makanan bisa terkontaminasi oleh zat2 terntentu dari dapur makanya perlu dicek diresto aja semua makanan di cek masak mbg yang jelas2 untuk bangsa tidak di cek kan lawak mana itu dari pemerintah bukan swasta",1653,262,negative,0.993058443069458,mbg baguss asal punya dana maksud tuju bener2 bantu bukan cerdas bangsa fokus anak2 bukan iq anak2 mau cerdas sistem didik jelas jangan tri ganti ganti kurikulum al hasil ajar afektif kes uji coba  didik mulai gaji guru kulitas guru fasilitas kurikulum pada penting si guru sebut adaptasi sistem modern kek ai buku online cara ajar seru mudah paham anak2 mbg fokus tingkat kualitas tubuh selalu vit dam ajar mbg sana sendiri bukan anggar dapat belanja negara 1 hr mbg butuh 1 terilun semua sekolah indo masuk sekolah dalam  mbg punya bagian2 sendiri masing2 punya bagi cek kualitas makan pu sistem duit sendiri semua lancar kurang anggar penting negara kek didik sehat bahkan kabar awal mbg semua pangkas banyak anggur buka skil kurang mbg miris banget anak butuh duit sekolah masa depan bukan soal makan 1 seko mbg punya bagian2 1 bagi menu semua cek masing2 badan gizi nasional menu apa belanja 2 sistem daour semua masak fress hambat pada bagi 3 kece makan mayak jumlah besar beberapa makan kontaminasi zat2 terntentu dapur makanya perlu cek diresto semua makan cek masak mbg jelas2 bangsa cek lawak mana perintah bukan swasta,anger,0.7616221904754639
"Hati-hati min, nanti disangka antek-antek asing atau terima dana dari soros wkwkwk",0,2 months ago,@achosaja6539,"hati hati min, nanti disangka antek antek asing atau terima dana dari soros wkwkwk",82,14,negative,0.9939650893211365,hati hati min sangka antek antek asing terima dana soros wkwkwk,fear,0.8577120304107666
Sepertinya uang sudah mengalir ke sini..,0,2 months ago,@gemamoch1,sepertinya uang sudah mengalir ke sini..,40,6,negative,0.9068880081176758,seperti uang alir sini,happy,0.8133430480957031
"Mbg mau buka cabang di tel Aviv, untuk pengungsi Israel.",0,2 months ago,@DekKo-p5y,"mbg mau buka cabang di tel aviv, untuk pengungsi israel.",56,10,neutral,0.960851788520813,mbg mau buka cabang tel aviv ungsi israel,fear,0.36473241448402405
Admin ngomu mungkin bisa collab dengan para aktifis kayak Ferry Najwa Gugem dll,0,2 months ago,@hibbanayyasy4419,admin ngomu mungkin bisa collab dengan para aktifis kayak ferry najwa gugem dll,79,13,negative,0.9910135865211487,admin ngomu mungkin collab aktif kayak ferry najwa gugem,anger,0.8420678377151489
"lebih murah duit langsung di kasih ke orang tua  !!
dah tuh otomatis  merata duit yg mengalirnya bukan pemasok atau penyedia dapur yg besar yg dapat keuntungan 6 jt perhari",0,2 months ago,@lixcul5052,lebih murah duit langsung di kasih ke orang tua dah itu otomatis merata duit yang mengalirnya bukan pemasok atau penyedia dapur yang besar yang dapat keuntungan 6 juta perhari,175,29,positive,0.9648306369781494,lebih murah duit langsung kasih orang tua dah otomatis rata duit alir bukan pasok sedia dapur besar untung 6 juta hari,anger,0.40573200583457947
"Ganti nama lah, MBG.
Enak bgt jir kasih nama ""gratis""",0,2 months ago,@cendolisme1928,"ganti nama lah, mbg. enak bgt jir kasih nama gratis",51,10,positive,0.9258507490158081,ganti nama lah mbg enak bgt jir kasih nama gratis,happy,0.6328722834587097
"coba pikir pakai logika makanan mbg itu hampir setengah dari porsi itu mubasir dan dibuang,,begini logikax
1.setiap sekolah penerima.                   
   dlm sehari ada yang tdk. 
    datang,,makananx lebh
2.murid yg tsk mau makanan        
   mbg,tdk mau terima baik yg
   memang orang mampu,dan
   golongan menengah yg tdk 
   mau makan
3.makanan diambil murid 
   tetapi cuma makan sedikit
   contohx ambil buahx sj,yg 
   lain di buang di tong samph

4,murid mengambil makanan 
   tetapi di rumah dibuang 
   oleh orang tua murid krn 
   takut
bukankah hampir setengah anggaran uang negara hilang atau terbuang percuma coba kali 15 rib di kali lagi jumlah penerima mamfaat persekolah",0,2 months ago,@Rayya-t2s,"coba pikir pakai logika makanan mbg itu hampir setengah dari porsi itu mubasir dan dibuang,,begini logikax 1.setiap sekolah penerima. dlm sehari ada yang tdk. datang,,makananx lebh 2.murid yang tsk mau makanan mbg,tdk mau terima baik yang memang orang mampu,dan golongan menengah yang tidak mau makan 3.makanan diambil murid tetapi cuma makan sedikit contohx ambil buahx sj,yg lain di buang di tong samph 4,murid mengambil makanan tetapi di rumah dibuang oleh orang tua murid karena takut bukankah hampir setengah anggaran uang negara hilang atau terbuang percuma coba kali 15 rib di kali lagi jumlah penerima mamfaat persekolah",628,96,negative,0.9879928827285767,coba pikir pakai logika makan mbg hampir tengah porsi mubasir buang begini logikax 1 tiap sekolah terima dlm hari tdk datang makananx lebh 2 murid tsk mau makan mbg tdk mau terima baik memang orang mampu dan golong tengah mau makan 3 makan ambil murid cuma makan sedikit contohx ambil buahx sj yg buang tong samph 4 murid ambil makan rumah buang orang tua murid takut bukankah hampir tengah anggar uang negara hilang buang percuma coba kali 15 rib kali jumlah terima mamfaat seko,anger,0.5731045007705688
"Bagus lah min biar mati pedagang udah terlalu banyak mengganggu kemacetan dan mengganggu kesetan makin langka, makin bagus.
udah saatnya mereka gak dagang makanan mulu, sudah saatnya ke sektor teknologi 👍",0,2 months ago,@dwi-k4e,"bagus lah min biar mati pedagang sudah terlalu banyak mengganggu kemacetan dan mengganggu kesetan makin langka, makin bagus. sudah saatnya mereka tidak dagang makanan mulu, sudah saatnya ke sektor teknologi",206,30,positive,0.8841906189918518,bagus min biar mati dagang terlalu banyak ganggu macet ganggu keset makin langka makin bagus saat dagang makan mulu saat sektor teknologi,anger,0.8502221703529358
"Program konsumtif spt MBG-KMP yg sengaja menyerap APBN dlm waktu singkat utk Anggaran Pendidikan 40% dan Anggaran Kesehatan 20%. Hasilnya justru membodohkan dan melemahkan Kesehatan masyarakat. Apalagi dlm pelaksanaan setiap lini memungut rente dr ""Bancakan"" MBG ini. KMP juga membodohkan teknologi otomotif Indonesia dan membuang peluang jutaan Kesempatan Kerja Rantai Pasok produksi Otomotif Indonesia. Negara dikelola scr ugal2an oleh org2 Oligarki koplak.i",0,2 months ago,@bambanghesti8902,program konsumtif spt mbg kmp yang sengaja menyerap anggaran pendapatan belanja negara dlm waktu singkat untuk anggaran pendidikan 40% dan anggaran kesehatan 20%. hasilnya justru membodohkan dan melemahkan kesehatan masyarakat. apalagi dlm pelaksanaan setiap lini memungut rente dari bancakan mbg ini. kmp juga membodohkan teknologi otomotif indonesia dan membuang peluang jutaan kesempatan kerja rantai pasok produksi otomotif indonesia. negara dikelola scr ugal2an oleh org2 oligarki koplak.i,494,66,negative,0.9968665242195129,program konsumtif spt mbg kmp sengaja serap anggar dapat belanja negara dlm waktu singkat anggar didik 40 anggar sehat 20 hasil justru bodoh lemah sehat masyarakat dlm laksana lini mungut rente bancak mbg ini kmp bodoh teknologi otomotif indonesia buang peluang juta sempat kerja rantai pasok produksi otomotif indonesia negara kelola scr ugal2an org2 oligarki koplak i,anger,0.784273087978363
"MBG adalah solusi membungkam rakyat bawah dan rekan politik tanpa memikirkan defisit negara...😂😂😂

say setuju setuju saya MBG dilanjutkan...tapi anggaran tunjangan untuk DPR dikurangi untuk menutup defisit negara...",0,2 months ago,@GasrukML,mbg adalah solusi membungkam rakyat bawah dan rekan politik tanpa memikirkan defisit negara... say setuju setuju saya mbg dilanjutkan...tapi anggaran tunjangan untuk dewan perwakilan rakyat dikurangi untuk menutup defisit negara...,231,30,negative,0.8914443254470825,mbg solusi bungkam rakyat bawah rekan politik pikir defisit negara say tuju tuju mbg lanjut tapi anggar tunjang dewan wakil rakyat rang tutup defisit negara,anger,0.6731621623039246
Gak perlu orang pintar kita rakyat biasa yg dianggap bodooh sama pemerintah pun pasti tau MBG beban ekonomi. Klo masih ada yg bela MBG mungkin udh hilang akal,0,2 months ago,@pandamealtime,tidak perlu orang pintar kita rakyat biasa yang dianggap bodooh sama pemerintah pun pasti tau mbg beban ekonomi. kalau masih ada yang bela mbg mungkin sudah hilang akal,168,28,negative,0.9876003265380859,perlu orang pintar rakyat biasa anggap bodooh sama perintah tau mbg beban ekonomi bela mbg mungkin hilang akal,anger,0.9184752702713013
"Masih belum ada penelitian, pengaruh MBG terhadap peningkatan Gizi dan kualitas Pendidikan anak Indonesia",0,2 months ago,@argafirmansyah9750,"masih belum ada penelitian, pengaruh mbg terhadap peningkatan gizi dan kualitas pendidikan anak indonesia",105,14,neutral,0.9434083700180054,teliti pengaruh mbg tingkat gizi kualitas didik anak indonesia,sadness,0.5307121872901917
Awal kehancuran negara ini berawal dari program ini,0,2 months ago,@tshukamto7989,awal kehancuran negara ini berawal dari program ini,51,8,negative,0.940121591091156,awal hancur negara awal program,sadness,0.5058720707893372
Mengutip dari celios😂😂😂 penerima dana dari yayasan geoge Soros itu yaa berarti satu paket ni channel,0,2 months ago,@ekohendrianto3909,mengutip dari celios penerima dana dari yayasan geoge soros itu yaa berarti satu paket ini channel,98,16,neutral,0.9484178423881531,kutip celios terima dana yayasan geoge soros yaa arti satu paket channel,happy,0.5271464586257935
"Pdhal ketololan anak sekolah di indonesia berasal dari trend tiktok dn medsos
Bukan dari makanannya

Lgian percuma ngasih makan anak anak sekolah yg isi otaknya cuma pacaran aja ujung ujungnya gk lulus hamil duluan 
Mending buat pembangunan dana nya",0,2 months ago,@GemboyOfficial-musicviral,pdhal ketololan anak sekolah di indonesia berasal dari trend tiktok dn medsos bukan dari makanannya lgian percuma ngasih makan anak anak sekolah yang isi otaknya cuma pacaran aja ujung ujungnya tidak lulus hamil duluan mending untuk pembangunan dana nya,253,39,negative,0.9960842132568359,pdhal tolol anak sekolah indonesia asal trend tiktok dn medsos bukan makan lgian percuma ngasih makan anak anak sekolah isi otak cuma pacar ujung ujung lulus hamil duluan mending bangun dana,anger,0.7313252091407776
Apanya bang? Ini chanel edukasi😊,0,2 months ago,@tradingForliving-j3d,apanya bang ini chanel edukasi,30,5,negative,0.6021183729171753,apa bang chanel edukasi,happy,0.515516996383667
"Akhirnya ngomu membahas mbg juga!, Sebagai orang awam yang hidup di desa walaupun dipulau Jawa, permainan oknum, ketidaktransparansi lembaga, calo, hal"" yang bersifat korup, merusak, dan menguntungkan diri sendiri adalah hal umum yang terjadi dipedesaan, masyarakat seperti ini yang menghambat apapun yang sebenernya berniat baik menjadi melenceng",0,2 months ago,@riyanriyono3052,"akhirnya ngomu membahas mbg juga , sebagai orang awam yang hidup di desa walaupun dipulau jawa, permainan oknum, ketidaktransparansi lembaga, calo, hal yang bersifat korup, merusak, dan menguntungkan diri sendiri adalah hal umum yang terjadi dipedesaan, masyarakat seperti ini yang menghambat apapun yang sebenernya berniat baik menjadi melenceng",346,48,negative,0.9960076808929443,akhir ngomu bahas mbg  orang awam hidup desa walaupun pulau jawa main oknum ketidaktransparansi lembaga calo sifat korup rusak untung diri sendiri umum jadi desa masyarakat hambat apa sebenernya niat baik jadi lenceng,sadness,0.5068624019622803
"tapi ada yang paling buruk selain dapur SPPG yaitu mitranya dapur SPPG, soalnya gua pernah kerja di pabrik roti yang bermitra dengan dapur SPPG untuk memasok roti demi kelancaran program MBG, disana gua kerja dari jam 7 sampai 10 malam tanpa jam istirahat dan di gaji 70rb perhari, memang cerita gua ini terdengar mengada-ngada tetapi cerita ini memang murni dari pengalaman gua saat bulan ramadhan kemarin.

dan lu tau apa hal yang paling buruk yang ada di pabrik roti itu?

mereka juga memperkerjakan pekerja remaja dibawah umur, bayangkan anak 14-16 tahun sudah di suruh kerja sekeras seperti itu, mereka (bos-bos mitra SPPG) memang biadab dan tidak berperikemanusiaan.",23,2 months ago,@gibranbhala7511,"tapi ada yang paling buruk selain dapur satuan pelayanan pemenuhan gizi yaitu mitranya dapur sppg, soalnya gua pernah kerja di pabrik roti yang bermitra dengan dapur satuan pelayanan pemenuhan gizi untuk memasok roti demi kelancaran program mbg, disana gua kerja dari jam 7 sampai 10 malam tanpa jam istirahat dan di gaji 70 ribu perhari, memang cerita gua ini terdengar mengada ngada tetapi cerita ini memang murni dari pengalaman gua saat bulan ramadhan kemarin. dan kamu tau apa hal yang paling buruk yang ada di pabrik roti itu mereka juga memperkerjakan pekerja remaja dibawah umur, bayangkan anak 14 16 tahun sudah di suruh kerja sekeras seperti itu, mereka bos bos mitra satuan pelayanan pemenuhan gizi memang biadab dan tidak berperikemanusiaan.",753,120,negative,0.991111695766449,paling buruk dapur satu layan penuh gizi mitra dapur sppg soal gua pernah kerja pabrik roti mitra dapur satu layan penuh gizi pasok roti lancar program mbg sana gua kerja jam 7 10 malam jam istirahat gaji 70 ribu hari memang cerita gua dengar ada ngada cerita memang murni alam gua bulan ramadhan kemarin kamu tau apa paling buruk pabrik roti kerja kerja remaja bawah umur bayang anak 14 16 tahun suruh kerja keras itu bos bos mitra satu layan penuh gizi memang biadab perikemanusiaan,sadness,0.5209069848060608
MBG proyek utk cari modal buat nyalon di 2029,0,2 months ago,@beeeducationcenter9657,mbg proyek untuk cari modal untuk nyalon di 2029,48,9,neutral,0.9962254762649536,mbg proyek cari modal nyalon 2029,happy,0.36083850264549255
"Negara lebih mengutamakan isi perut ketimbang isi otak, biar rakyat mudah di atur😂",0,2 months ago,@arisusanto8215,"negara lebih mengutamakan isi perut ketimbang isi otak, biar rakyat mudah di atur",81,13,negative,0.6336854696273804,negara lebih utama isi perut ketimbang isi otak biar rakyat mudah atur,anger,0.5286003947257996
Dan kenapa harus pakai anggaran pendidikan,2,2 months ago,@POHONAPI-f3y8d,dan kenapa harus pakai anggaran pendidikan,42,6,negative,0.9414408802986145,pakai anggar didik,anger,0.42389190196990967
Lebih tepatnya beban baru. Karena ada masalah makanan yang beracun. Tidak layak dimakan.,0,2 months ago,@MaulanaAr-v1q,lebih tepatnya beban baru. karena ada masalah makanan yang beracun. tidak layak dimakan.,88,13,negative,0.9920932650566101,lebih tepat beban baru masalah makan racun layak makan,fear,0.4692920744419098
Ketololan massal dipertontonkan para Voters 02 di pemilu 2024,0,2 months ago,@shinymilotic4877,ketololan massal dipertontonkan para voters 02 di pemilu 2024,61,9,negative,0.6985723376274109,tolol massal tonton voters 02 milu 2024,anger,0.7428827285766602
Masalah kita itu soal pembangunan itu lebih ke kualitas ASN kita sampai pejabat dari tingkat desa sampai ke provinsi yg kualitasnya rendah. Mau bangun apa aja pasti dikorupsi.,0,2 months ago,@WekaYara,masalah kita itu soal pembangunan itu lebih ke kualitas asn kita sampai pejabat dari tingkat desa sampai ke provinsi yang kualitasnya rendah. mau bangun apa aja pasti dikorupsi.,177,28,negative,0.9978705644607544,masalah soal bangun lebih kualitas asn jabat tingkat desa provinsi kualitas rendah mau bangun apa korupsi,anger,0.5891035795211792
"Untuk yg punya kepentingan, tapi bukan untuk *ujung targetnya (*seluruh siswa di seantero Indonesia, itu hanya dalihnya aja)",0,2 months ago,@IkaputriKurniasari,"untuk yang punya kepentingan, tapi bukan untuk ujung targetnya seluruh siswa di seantero indonesia, itu hanya dalihnya aja",122,18,negative,0.9916526675224304,punya penting bukan ujung target seluruh siswa antero indonesia dalih,anger,0.8124561905860901
Sayangnya presiden kita ga mau sama sekali mendengar keluhan rakyat,0,2 months ago,@riobudianto1701,sayangnya presiden kita tidak mau sama sekali mendengar keluhan rakyat,70,10,negative,0.9988576173782349,sayang presiden mau sama sekali dengar keluh rakyat,sadness,0.6793516278266907
"6juta per hari itu apa ya min? kalo ada 944 siswa rata-rata, bulatkan saja 1.000 siswa. ambil data dari 83.000.000/88.000 dapur = 944 penerima manfaat. kalo dijatah 6juta/1.000 siswa = 6.000 per siswa. 6.000 itu. harga modal aja. ga cukup kalo sudah termasuk omset. minimal 12.000-15.000 per porsi.",0,2 months ago,@Adhi.Santoso,"6juta per hari itu apa ya min kalau ada 944 siswa rata rata, bulatkan saja 1.00 siswa. ambil data dari 83.00.00 88.00 dapur 944 penerima manfaat. kalau dijatah 6juta 1.00 siswa 6.00 per siswa. 6.00 itu. harga modal aja. tidak cukup kalau sudah termasuk omset. minimal 12.00 15.00 per porsi.",290,50,negative,0.7488496899604797,6juta per hari apa min 944 siswa rata rata bulat 1 00 siswa ambil data 83 00 00 88 00 dapur 944 terima manfaat jatah 6juta 1 00 siswa 6 00 per siswa 6 00 itu harga modal aja cukup masuk omset minimal 12 00 15 00 per porsi,anger,0.47786763310432434
"Si Hendrik homoboti,duta joget mbg 😂😂😂",0,2 months ago,@ipankh4534,"si hendrik homoboti,duta joget mbg",34,5,neutral,0.9776130318641663,si hendrik homoboti duta joget mbg,happy,0.6350245475769043
YaAllah tolong potong usia bapak manula npd sakit jiwa itu dalam waktu dekat yaAllaaah amiiiin,0,2 months ago,@akj8697,yaallah tolong potong usia bapak manula npd sakit jiwa itu dalam waktu dekat yaallaah amiin,91,15,negative,0.7190496921539307,yaallah potong usia bapak manula npd sakit jiwa waktu dekat yaallaah amiin,sadness,0.46821048855781555
"MBG program Anyiiing, ga tepat sasaran dan memperkaya sebagian manusia yang rakus, yang goblok nya Oposisi tidak ada yg pernah mengingatkan, manusia manusia pemikir pada molor semua",0,2 months ago,@PuyDean,"mbg program anyiing, tidak tepat sasaran dan memperkaya sebagian manusia yang rakus, yang goblok nya oposisi tidak ada yang pernah mengingatkan, manusia manusia pemikir pada molor semua",185,27,negative,0.99357670545578,mbg program anyiing tepat sasar kaya bagi manusia rakus goblok oposisi pernah ingat manusia manusia pikir molor semua,anger,0.7835927605628967
"lah ngapain pelaku usaha kecil sama umkm jadi pemasok mbg? ya kalo tujuannya gerakin ekonomi kan emang harus make vendor besar biar mereka bisa nambah karyawan dan kasi gaji layak ke karyawannya terus si karyawan itu yang beli beli di UMKM. Bayangin orang kerja di umkm banyak yg upahnya cuman1/3 bahkan 1/4 umk belom lagi beban kerja yang overwork dan overtime berkedok loyalitasnya, mau diminta muter roda ekoonomi???",0,2 months ago,@FahriYain,"lah ngapain pelaku usaha kecil sama usaha mikro kecil menengah jadi pemasok mbg ya kalau tujuannya gerakin ekonomi kan memang harus make vendor besar biar mereka bisa nambah karyawan dan kasi gaji layak ke karyawannya terus si karyawan itu yang beli beli di umkm. bayangin orang kerja di usaha mikro kecil menengah banyak yang upahnya cuman1 3 bahkan 1 4 umk belom lagi beban kerja yang overwork dan overtime berkedok loyalitasnya, mau diminta muter roda ekoonomi",463,76,negative,0.9953319430351257,ngapain laku usaha kecil sama usaha mikro kecil tengah pasok mbg tuju gerakin ekonomi memang make vendor besar biar nambah karyawan kasi gaji layak karyawannya terus si karyawan beli beli umkm bayangin orang kerja usaha mikro kecil tengah banyak upah cuman1 3 bahkan 1 4 umk bom beban kerja overwork overtime kedok loyalitas mau minta muter roda ekoonomi,anger,0.9289413690567017
Mending Nontonin Bennix Lebih Masuk Akal Dan Jelas,0,2 months ago,@fikrisatriamashuri2263,mending nontonin bennix lebih masuk akal dan jelas,50,8,positive,0.9455444812774658,mending nontonin bennix lebih masuk akal jelas,happy,0.6853755712509155
"Pemerintah cukup paham istilah ""lapar galak kenyang bego (dan anteng)"". Alih2 mencerdaskan, lebih baik mengenyangkan.",0,2 months ago,@StruggleSurvival,"pemerintah cukup paham istilah lapar galak kenyang bego dan anteng . alih2 mencerdaskan, lebih baik mengenyangkan.",114,16,negative,0.5395832061767578,perintah cukup paham istilah lapar galak kenyang bego anteng  alih2 cerdas lebih baik kenyang,anger,0.6118879914283752
"Jujur ini yang sering kejadian 😅
Programnya niatnya bagus, tapi kalah sama “realita lapangan”.
Jadi mungkin diskusinya perlu naik level:
bukan cuma setuju/tidak, tapi gimana bikin sistemnya anti-penyimpangan?",0,2 months ago,@NgomonginUang,"jujur ini yang sering kejadian programnya niatnya bagus, tapi kalah sama realita lapangan . jadi mungkin diskusinya perlu naik level bukan cuma setuju tidak, tapi gimana bikin sistemnya anti penyimpangan",203,30,negative,0.9818037748336792,jujur sering jadi program niat bagus kalah sama realita lapang  mungkin diskusi perlu naik level bukan cuma tuju tidak gimana bikin sistem anti simpang,anger,0.6524847745895386
"Terima kasih udah share pengalaman kayak gini 🙏
Kalau memang terjadi seperti itu, ini jelas bukan cuma soal program, tapi sudah masuk ke isu serius di sisi ketenagakerjaan & pengawasan mitra.
Program sebesar ini memang sangat bergantung ke rantai mitranya.
Kalau di level mitra ada praktik yang tidak manusiawi, itu berarti: sistem seleksi & pengawasannya perlu dievaluasi serius
Dan poin soal pekerja di bawah umur juga nggak bisa dianggap ringan—
karena itu sudah masuk ranah yang seharusnya diawasi ketat.
Mungkin yang penting sekarang: bagaimana kasus-kasus seperti ini bisa dilaporkan & ditindak,
supaya programnya nggak justru merugikan pihak lain di belakang layar.",4,2 months ago,@NgomonginUang,"terima kasih sudah share pengalaman kayak gini kalau memang terjadi seperti itu, ini jelas bukan cuma soal program, tapi sudah masuk ke isu serius di sisi ketenagakerjaan pengawasan mitra. program sebesar ini memang sangat bergantung ke rantai mitranya. kalau di level mitra ada praktik yang tidak manusiawi, itu berarti sistem seleksi pengawasannya perlu dievaluasi serius dan poin soal pekerja di bawah umur juga tidak bisa dianggap ringan karena itu sudah masuk ranah yang seharusnya diawasi ketat. mungkin yang penting sekarang bagaimana kasus kasus seperti ini bisa dilaporkan ditindak, supaya programnya tidak justru merugikan pihak lain di belakang layar.",662,98,negative,0.918315052986145,terima kasih share alam kayak gin memang jadi itu jelas bukan cuma soal program masuk isu serius sisi ketenagakerjaan awas mitra program besar memang sangat gantung rantai mitra level mitra praktik manusiawi arti sistem seleksi awas perlu evaluasi serius poin soal kerja bawah umur anggap ringan masuk ranah awas ketat mungkin penting sekarang bagaimana kasus kasus lapor tindak program justru rugi pihak belakang layar,anger,0.3598557114601135
"Dan saya sebagai walmur, pas ramadhan kemarin, dapat mbg yang ada menu rotinya, rotinya tidak enak (seperti kebanyakan raginya) dan berakhir tidak kemakan.",0,2 months ago,@ariseptiana148,"dan saya sebagai walmur, pas ramadhan kemarin, dapat mbg yang ada menu rotinya, rotinya tidak enak seperti kebanyakan raginya dan berakhir tidak kemakan.",153,23,negative,0.9543794393539429,walmur pas ramadhan kemarin mbg menu roti roti enak banyak ragi akhir makan,sadness,0.9291121363639832
"selalu ada selisih harga jual dan beli antara sppg dan suppliernya, kemana kah? dan akhirnya kualitas, tenaga kerja, biaya operasional ditekan sekecil mungkin oleh supplier buat menuhin keinginan sppg",0,1 month ago,@NurRachmat-kk2vl,"selalu ada selisih harga jual dan beli antara satuan pelayanan pemenuhan gizi dan suppliernya, kemana kah dan akhirnya kualitas, tenaga kerja, biaya operasional ditekan sekecil mungkin oleh supplier untuk menuhin keinginan satuan pelayanan pemenuhan gizi",254,35,negative,0.6915662884712219,selalu selisih harga jual beli satu layan penuh gizi suppliernya akhir kualitas tenaga kerja biaya operasional tekan kecil mungkin supplier menuhin ingin satu layan penuh gizi,sadness,0.6700282692909241
La anggaran pendidikan naik terus tp rata2 iqnya malah 78,1,2 months ago,@FahriYain,la anggaran pendidikan naik terus tapi rata2 iqnya malah 78,59,10,neutral,0.6974825859069824,la anggar didik naik terus rata2 iqnya malah 78,anger,0.7326442003250122
"MBG, KMP, Program pemerintah paling idiot sepanjang masa",0,2 months ago,@zaenalzed,"mbg, kmp, program pemerintah paling idiot sepanjang masa",56,8,negative,0.9866310954093933,mbg kmp program perintah paling idiot panjang masa,anger,0.4666338264942169
jelas sekali mbg ini amat sangat bermanfaat bagi masyarakat sekitar karna umkm disana terbantu,0,2 months ago,@alfahito-m3y,jelas sekali mbg ini amat sangat bermanfaat bagi masyarakat sekitar karna usaha mikro kecil menengah disana terbantu,116,17,positive,0.9950621724128723,jelas sekali mbg sangat manfaat masyarakat karna usaha mikro kecil tengah sana bantu,happy,0.9290616512298584
Kita mempunyai presiden yang sebenarnya punya power besar tapi idealis.,0,2 months ago,@an_t_abrahamic,kita mempunyai presiden yang sebenarnya punya power besar tapi idealis.,71,10,negative,0.9975472092628479,punya presiden benar punya power besar idealis,anger,0.5760888457298279
"Setelah kisruh Woosh yg pakai hutang, sekarang ada yg lbh membagongkan lg ytu MBG yg habisin triliunan perhari. Tinggal ngitung kawan.",0,2 months ago,@LadaHitam-c8b,"setelah kisruh woosh yang pakai hutang, sekarang ada yang lebih membagongkan lagi ytu mbg yang habisin triliunan perhari. tinggal ngitung kawan.",144,21,negative,0.9936833381652832,kisruh woosh pakai hutang sekarang lebih bagong ytu mbg habisin triliun hari tinggal ngitung kawan,anger,0.8049393892288208
Menarik untuk dilihat efek dominonya sampai 5 tahun kedepan...,1,2 months ago,@BagusSaepudin,menarik untuk dilihat efek dominonya sampai 5 tahun kedepan...,62,9,positive,0.6427120566368103,tarik lihat efek domino 5 tahun depan,happy,0.6390563249588013
"MBG udah cuann dari selisih harga 10ribu dibelanjaain cuma 6ribu 7ribuan,kurang puas lagi mereka motong 5ribu dari 15ribu/siswa, kurang puas masih juga  Setiap dapur Embege disubsidi insentif 6juta perhari.
.
👉gak masuk akal biaya modal bikin dapur Embege 2milyar sampe 4milyar nah uang segitu kalau di Depositokan paling banyak dapet 120juta sampe 240juta setahun 
.
bandingkan dengan pemerintah kasih insentif 6juta perhari kalau 300hari operasional dalam setahun udah 1,8milyar
.
 negara disuruh nyewa dapur mereka itu  harga sewanya 1,8milyar/tahun.  ..LOGIKA DIMANA? 
.
please ngakalin duit APBN jangan terlalu PUULGAR😃😀",0,2 months ago,@wid6500,"mbg sudah cuann dari selisih harga 10ribu dibelanjaain cuma 6ribu 7ribuan,kurang puas lagi mereka motong 5ribu dari 15ribu siswa, kurang puas masih juga setiap dapur embege disubsidi insentif 6juta perhari. . tidak masuk akal biaya modal bikin dapur embege 2milyar sampe 4milyar nah uang segitu kalau di depositokan paling banyak dapet 120juta sampe 240juta setahun . bandingkan dengan pemerintah kasih insentif 6juta perhari kalau 300hari operasional dalam setahun sudah 1,8milyar . negara disuruh nyewa dapur mereka itu harga sewanya 1,8milyar tahun. ..logika dimana . please ngakalin duit anggaran pendapatan belanja negara jangan terlalu puulgar",649,94,negative,0.9936447143554688,mbg cuann selisih harga 10ribu dibelanjaain cuma 6ribu 7ribuan kurang puas motong 5ribu 15ribu siswa kurang puas dapur embege subsidi insentif 6juta hari  masuk akal biaya modal bikin dapur embege 2milyar sampe 4milyar nah uang segitu deposito paling banyak dapet 120juta sampe 240juta tahun  banding perintah kasih insentif 6juta hari 300hari operasional tahun 1 8milyar  negara suruh nyewa dapur harga sewa 1 8milyar tahun logika  please ngakalin duit anggar dapat belanja negara jangan terlalu puulgar,anger,0.8641765713691711
Ngakalin duit APBN dapet insentif 6juta perhari padahal udah ngambil cuann dari selisih harga makanan dan cuann dari motong anggaran 5ribu dari seharusnya 15ribu/siswa/hari jadi 10ribu/siswa/hari.,0,2 months ago,@wid6500,ngakalin duit anggaran pendapatan belanja negara dapet insentif 6juta perhari padahal sudah ngambil cuann dari selisih harga makanan dan cuann dari motong anggaran 5ribu dari seharusnya 15ribu siswa hari jadi 10ribu siswa hari.,227,33,negative,0.9803298711776733,ngakalin duit anggar dapat belanja negara dapet insentif 6juta hari padahal ngambil cuann selisih harga makan cuann motong anggar 5ribu 15ribu siswa hari 10ribu siswa hari,anger,0.8260836005210876
sudah paling bener itu program BLT semua senang ngak ada yg ribut.,0,2 months ago,@dewamandala,sudah paling bener itu program blt semua senang ngak ada yang ribut.,68,12,positive,0.9536980390548706,paling bener program blt semua senang ngak ribut,happy,0.6405243277549744
Makin kesel min abis liat video konten MBG yang joget2 6 juta itu,0,2 months ago,@timothystevano2994,makin kesel min abis liat video konten mbg yang joget2 6 juta itu,65,13,negative,0.9976856708526611,makin kesel min abis liat video konten mbg joget2 6 juta,anger,0.5335370898246765
Faktor kenapa Bowo membuat mbg adalah ingin membubarkan negara Indonesia di tahun 2030,1,2 months ago,@DwikE245,faktor kenapa bowo membuat mbg adalah ingin membubarkan negara indonesia di tahun 2030,86,13,negative,0.9472004771232605,faktor bowo buat mbg bubar negara indonesia tahun 2030,sadness,0.43765944242477417
Agak Geli kalau di Bilang GRATIS,0,2 months ago,@KebunAzief,agak geli kalau di bilang gratis,32,6,negative,0.9009201526641846,geli bilang gratis,fear,0.44136035442352295
Akan lbh bgs jk uang itu utk lunasin hutang shg APBN jd lbh sehat..,0,2 months ago,@andis1708,akan lebih bagus jika uang itu untuk lunasin hutang shg anggaran pendapatan belanja negara jadi lebih sehat..,109,17,positive,0.953302800655365,lebih bagus uang lunasin hutang shg anggar dapat belanja negara lebih sehat,happy,0.7029763460159302
Awas min dserang relawan MBG 😂 YG bagajih,1,2 months ago,@labu7978,awas min dserang relawan mbg yang bagajih,41,7,negative,0.9012126326560974,awas min dserang rawan mbg bagajih,anger,0.4860887825489044
"gmn rakyat bisa makmur klu uangnya di hambur2 kan ,berapa triliun uang keluar setiap hari buat MBG,setiap masukan langsung di ACC mau jadi apa. Negara ini",0,2 months ago,@taktiktok3886,"gimana rakyat bisa makmur kalau uangnya di hambur2 kan ,berapa triliun uang keluar setiap hari untuk mbg,setiap masukan langsung di acc mau jadi apa. negara ini",160,26,negative,0.9954084753990173,gimana rakyat makmur uang hambur2 berapa triliun uang keluar hari mbg tiap masuk langsung acc mau apa negara,anger,0.8032785058021545
"Kita realistis aja programnya bagus banget, tapi kalau korupsi belum diberantas program apapun akan jadi sampah Ujung-ujungnya. Mending perbaiki kurikulum pendidikan yang amburadul dulu, berantas korupsi barudeh jalanin program ginian. Walaupun ga mungkin terjadi kayaknya ya 🗿",0,2 months ago,@LordPutuu,"kita realistis aja programnya bagus banget, tapi kalau korupsi belum diberantas program apapun akan jadi sampah ujung ujungnya. mending perbaiki kurikulum pendidikan yang amburadul dulu, berantas korupsi barudeh jalanin program ginian. walaupun tidak mungkin terjadi kayaknya ya",278,37,negative,0.9943938255310059,realistis program bagus banget korupsi berantas program apa sampah ujung ujung mending baik kurikulum didik amburadul dulu berantas korupsi barudeh jalanin program ginian walaupun mungkin jadi kayak,anger,0.7859978079795837
"entah kenapa aku pikir program ini ada maksud lain seperti ngunci suara untuk priode selanjutnya, dia bakal jadiin ini sebagai  program unggulan nya dia lagi dan orang2 yang kerja di mbg otomatis akan milih dia lagi kalo misal g milih ya kerjaan nya ilang",0,2 months ago,@suhailramadhan6737,"entah kenapa saya pikir program ini ada maksud lain seperti ngunci suara untuk priode selanjutnya, dia bakal jadiin ini sebagai program unggulan nya dia lagi dan orang2 yang kerja di mbg otomatis akan milih dia lagi kalau misal g milih ya kerjaan nya ilang",256,44,negative,0.9538177847862244,entah pikir program maksud ngunci suara priode lanjut bakal jadiin program unggul orang2 kerja mbg otomatis milih misal g milih kerja ilang,anger,0.3847864866256714
Makan bergizi gratis tapi menu nya kekurangan gizi 😂😂,0,2 months ago,@BramaKumbara-s9b,makan bergizi gratis tapi menu nya kekurangan gizi,50,8,negative,0.907342791557312,makan gizi gratis menu kurang gizi,sadness,0.6329241394996643
"MBG Fix bebani APBN,sudah bnyak yang mngalami keracunan dah puluhan ribu,Anggaran MBG jga kga masuk akal pertahunnya. Dichina aja cuma 80 T pertahun. Program kontroversi tanpa adanya Evaluasi penuh👎🏻👎🏻 program yang diagung²kan wowo nyatanya gagal total😆😆😂😂🤣🤣 sok²an sih jiplak program negara maju.🔥🔥",0,2 months ago,@ArdiAjjagen,"mbg fix bebani apbn,sudah bnyak yang mngalami keracunan dah puluhan ribu,anggaran mbg jga kga masuk akal pertahunnya. dichina aja cuma 80 triliun pertahun. program kontroversi tanpa adanya evaluasi penuh program yang diagung kan wowo nyatanya gagal total sok an sih jiplak program negara maju.",293,44,negative,0.9972809553146362,mbg fix beban apbn sudah bnyak mngalami racun dah puluh ribu anggar mbg jga kga masuk akal tahun dichina cuma 80 triliun tahun program kontroversi ada evaluasi penuh program agung wowo nyata gagal total sok an jiplak program negara maju,anger,0.8193342089653015
"Akun fake ,join 2 jam yang lalu",0,2 months ago,@giyosugihmulya5378,"akun fake ,join 2 jam yang lalu",31,7,negative,0.991463840007782,akun fake join 2 jam lalu,anger,0.7268415689468384
"Program nya bagus menurut saya, tapi dari sisi manajemen pengelolaan masih banyak masalah. Kalau liat di filem² sama info² di luar negeri, mereka bikin dapur nya di sekolah bukan di ruko² kosong dan gak perlu di antara jemput pake mobil pickup yg mondar mandir itu.

Kalau manajemen nya di perbaiki, dikaji ulang dan Diatur sedemikian rupa, Akan lebih efisien lagi dan gak akan sebesar itu biayanya.


MUNGKIN YA",1,2 months ago,@andraem6574,"program nya bagus menurut saya, tapi dari sisi manajemen pengelolaan masih banyak masalah. kalau liat di filem sama info di luar negeri, mereka bikin dapur nya di sekolah bukan di ruko kosong dan tidak perlu di antara jemput pake mobil pickup yang mondar mandir itu. kalau manajemen nya di perbaiki, dikaji ulang dan diatur sedemikian rupa, akan lebih efisien lagi dan tidak akan sebesar itu biayanya. mungkin ya",412,68,positive,0.7499181032180786,program bagus saya sisi manajemen kelola banyak masalah liat filem sama info luar negeri bikin dapur sekolah bukan ruko kosong perlu jemput pake mobil pickup mondar mandir itu manajemen baik kaji ulang atur demikian rupa lebih efisien besar biaya mungkin,anger,0.5178365111351013
"Semoga saja ini murni mengkritik, bukan karena duit dari George Soros udah cair",0,2 months ago,@betatester8071,"semoga saja ini murni mengkritik, bukan karena duit dari george soros sudah cair",80,13,negative,0.8118940591812134,moga murni kritik bukan duit george soros cair,sadness,0.40667566657066345
Solusi ekonomi untuk sekelompok orang tapi beban bagi APBN karena yang diuntungkan hanya orang orang tertentu,0,2 months ago,@luhurbudi8087,solusi ekonomi untuk sekelompok orang tapi beban bagi anggaran pendapatan belanja negara karena yang diuntungkan hanya orang orang tertentu,139,19,negative,0.6214345097541809,solusi ekonomi kelompok orang beban anggar dapat belanja negara untung orang orang tentu,anger,0.49952414631843567
Sudahlah.   Indonesia. Terus tekor.  Dan BANGKRUT.  2027.    MBego,0,2 months ago,@DennyWardan,sudahlah. indonesia. terus tekor. dan bangkrut. 2027. mbego,59,8,negative,0.9989191293716431,sudah indonesia terus tekor bangkrut 2027 mbego,anger,0.810939371585846
MBG adl solusi bagi donatur biaya pemilu si omon2 biar pd balik modal...plus korupsi terpimpin biar ga pd berisik. Peduli setan dgn penurunan stunting n perbaikan gizi rakyat,0,2 months ago,@dka0087,mbg adl solusi bagi donatur biaya pemilu si omon2 biar pada balik modal...plus korupsi terpimpin biar tidak pada berisik. peduli setan dengan penurunan stunting n perbaikan gizi rakyat,184,28,negative,0.9716556072235107,mbg adl solusi donatur biaya milu si omon2 biar balik modal plus korupsi pimpin biar berisik peduli setan turun stunting n baik gizi rakyat,anger,0.8344248533248901
"lu tau gak min, dulu janji prabowo dapatin uang buat MBG ini dari hilirirasi. kita gak bakal ekspor bahan mentah lagi. tapi bakal bikin barang mentah jadi barang jadi. dari situ keuntungannya bakal dipakai buat MBG. nyatanya apa? cuma janji manis pas kampanye. uang MBG dari APBN yang bahkan nyunat dana pendidikan dan kesehatan. 

dan si prabowo dengan bangga-nya bilang dan nantangin rakyat kalau mau buktikan nanti pas pemilu 2029. Gue yakin 2029 dia ngecalon juga gak bakal ada yang coblos dia lagi. kalau bisa sampai menang lagi, udah sinting sih ini rakyat.",0,2 months ago,@ZidanMae-san,"kamu tau tidak min, dulu janji prabowo dapatin uang untuk mbg ini dari hilirirasi. kita tidak bakal ekspor bahan mentah lagi. tapi bakal bikin barang mentah jadi barang jadi. dari situ keuntungannya bakal dipakai untuk mbg. nyatanya apa cuma janji manis pas kampanye. uang mbg dari anggaran pendapatan belanja negara yang bahkan nyunat dana pendidikan dan kesehatan. dan si prabowo dengan bangga nya bilang dan nantangin rakyat kalau mau buktikan nanti pas pemilu 2029. saya yakin 2029 dia ngecalon juga tidak bakal ada yang coblos dia lagi. kalau bisa sampai menang lagi, sudah sinting sih ini rakyat.",602,97,negative,0.9892271757125854,kamu tau min dulu janji prabowo dapatin uang mbg hilirirasi bakal ekspor bahan mentah lagi bakal bikin barang mentah barang jadi situ untung bakal pakai mbg nyata apa cuma janji manis pas kampanye uang mbg anggar dapat belanja negara bahkan nyunat dana didik sehat si prabowo bangga bilang nantangin rakyat mau bukti pas milu 2029 yakin 2029 ngecalon bakal coblos lagi menang lagi sinting rakyat,anger,0.9119415283203125
PROGRAM HASILNYA CUMA JADI TAIK,2,2 months ago,@SRIMULYONO69,program hasilnya cuma jadi taik,31,5,negative,0.9979894161224365,program hasil cuma taik,anger,0.35467779636383057
"Secara ekonomi & budaya...
..MBG itu tak jauh beda dengan pandangan kontroversial aktifitas mudik lebaran....

Bedanya, ekosistem perputaran ekonomi  mudik tercipta secara alami...
...tapi MBG ini dikonsep terlebih dulu

Keduanya jadi baik & tertata karena selalu dievaluasi & disempurnakan

Musuh kita bersama bukan programnya, tapi prilaku2 negatif yg menyertai program/even tersebut
Kontrol pemerintah, masukan warga masyarakat maupun akademisi tetap dibutuhkan agar makin dekat dengan sasaran...
Kelemahan kita itu ""mudah menyalak"" & kurangnya konsistensi menyempurnakan program secara jangka panjang, hanya karena tidak sejalan & sepemahaman
...karena sentimen kolusi & nipotisme yg masih mengakar sebagai parasit pada kearifan lokal kita",0,2 months ago,@winarnocahyo1411,"secara ekonomi budaya... ..mbg itu tidak jauh beda dengan pandangan kontroversial aktivitas mudik lebaran.... bedanya, ekosistem perputaran ekonomi mudik tercipta secara alami... ...tapi mbg ini dikonsep terlebih dulu keduanya jadi baik tertata karena selalu dievaluasi disempurnakan musuh kita bersama bukan programnya, tapi prilaku2 negatif yang menyertai program even tersebut kontrol pemerintah, masukan warga masyarakat maupun akademisi tetap dibutuhkan agar makin dekat dengan sasaran... kelemahan kita itu mudah menyalak kurangnya konsistensi menyempurnakan program secara jangka panjang, hanya karena tidak sejalan sepemahaman ...karena sentimen kolusi nipotisme yang masih mengakar sebagai parasit pada kearifan lokal kita",731,93,positive,0.938321053981781,ekonomi budaya mbg jauh beda pandang kontroversial aktivitas mudik lebaran beda ekosistem putar ekonomi mudik cipta alami tapi mbg konsep lebih dulu dua baik tata selalu evaluasi sempurna musuh sama bukan program prilaku2 negatif serta program even sebut kontrol perintah masuk warga masyarakat maupun akademisi tetap butuh makin dekat sasar lemah mudah salak kurang konsistensi sempurna program jangka panjang jalan paham karena sentimen kolusi nipotisme akar parasit arif lokal,sadness,0.43631723523139954
"MBG itu beban APBN, tidak transparan dan anti kritik. Sengaja dibuat cepet agar pak Prabowo masih terpilih tahun depan. MBG hanya nguntungin mereka yang berhubungan dengan politik.",0,2 months ago,@rijonax,"mbg itu beban apbn, tidak transparan dan anti kritik. sengaja dibuat cepet agar bapak prabowo masih terpilih tahun depan. mbg hanya nguntungin mereka yang berhubungan dengan politik.",182,27,negative,0.9981698989868164,mbg beban apbn transparan anti kritik sengaja buat cepet bapak prabowo pilih tahun depan mbg nguntungin hubung politik,anger,0.836654782295227
Apakah ngomu dapet duit dari soros?,0,2 months ago,@adscft7597,apakah ngomu dapet duit dari soros,34,6,neutral,0.7463933229446411,ngomu dapet duit soros,happy,0.3940340280532837
MBG sengaja dibuat laju biar prabowo dipilih lagi tahun depan 😂😂,0,2 months ago,@rijonax,mbg sengaja dibuat laju biar prabowo dipilih lagi tahun depan,61,10,neutral,0.845696747303009,mbg sengaja buat laju biar prabowo pilih tahun depan,happy,0.43629738688468933
"Maunya ikut2an luar negeri, Woooooiiiii luar negeri itu PENDIDIKAN DASARNYA DULU YG GRATIS BARU MAKAN GRATIS ITU PUN YG MENGELOLA MASING2 SEKOLAH 😂",0,2 months ago,@dolynugroho,"maunya ikut2an luar negeri, wooii luar negeri itu pendidikan dasarnya dulu yang gratis baru makan gratis itu pun yang mengelola masing2 sekolah",143,22,negative,0.9410824775695801,mau ikut2an luar negeri wooii luar negeri didik dasar dulu gratis baru makan gratis kelola masing2 sekolah,anger,0.6980497241020203
program kosumtif kok diklaim program INEVTASI...... sudah jelas habis di konsumsi....kas negara malah tekor,0,2 months ago,@jackone3389,program kosumtif kok diklaim program inevtasi...... sudah jelas habis di konsumsi....kas negara malah tekor,107,14,negative,0.9987232089042664,program kosumtif kok klaim program inevtasi jelas habis konsumsi kas negara malah tekor,anger,0.9429619312286377
Kita fokus mbg padahal ada agenda besar yang sedang menyerang Indonesia,0,2 months ago,@Fthree_,kita fokus mbg padahal ada agenda besar yang sedang menyerang indonesia,71,11,negative,0.9977018237113953,fokus mbg padahal agenda besar sedang serang indonesia,sadness,0.6415507197380066
Ini era penculik dan penipu ok wo,1,2 months ago,@wirosableng8759,ini era penculik dan penipu ok wo,33,7,negative,0.9889392256736755,era culik tipu wo,anger,0.7345579266548157
Makan anjing gratis terlebih dahulu buat DPR BUMN pejabat dan aparat terlebih dahulu,1,2 months ago,@wirosableng8759,makan anjing gratis terlebih dahulu untuk dewan perwakilan rakyat bumn pejabat dan aparat terlebih dahulu,105,15,neutral,0.9918168187141418,makan anjing gratis lebih dewan wakil rakyat bumn jabat aparat lebih,happy,0.4603370428085327
"Suara mimin Ngomu bikin adem banget, cocok jadi pengisi suara",0,2 months ago,@Maiene,"suara mimin ngomu bikin adem banget, cocok jadi pengisi suara",61,10,positive,0.9913120865821838,suara mimin ngomu bikin adem banget cocok isi suara,happy,0.8368849754333496
"KEPALA MBG WAJAHNYA MIRIP BENJAMIN NETANYAHU, CARA NGOMONGNYA JUGA MIRIP BANGSATNYA😅",0,2 months ago,@balenasu,"kepala mbg wajahnya mirip benjamin netanyahu, cara ngomongnya juga mirip bangsatnya",83,11,negative,0.9677350521087646,kepala mbg wajah mirip benjamin netanyahu cara ngomongnya mirip bangsat,happy,0.45590612292289734
"Program buat ngamanin 2 periode, bergizi kaga, gratis kaga.",0,2 months ago,@OvermindXBT,"program untuk ngamanin 2 periode, bergizi kaga, gratis kaga.",60,9,positive,0.8216248154640198,program ngamanin 2 periode gizi kaga gratis kaga,happy,0.8136976361274719
"PENGURUS MBG MEMBANGUN BISNIS JUAL AYAM POTONG, BUKA BISNIS JUAL BUAH, SEWA RUMAH MILIK KELUARGANYA😅😅😅
BELANJA AYAM DI KEDAINYA, BELANJA BUAH DI TOKONYA. HASIL KORUPSI DIJADIKAN MODAL BISNIS.",0,2 months ago,@balenasu,"pengurus mbg membangun bisnis jual ayam potong, buka bisnis jual buah, sewa rumah milik keluarganya belanja ayam di kedainya, belanja buah di tokonya. hasil korupsi dijadikan modal bisnis.",188,28,positive,0.5148867964744568,urus mbg bangun bisnis jual ayam potong buka bisnis jual buah sewa rumah milik keluarga belanja ayam kedai belanja buah toko hasil korupsi jadi modal bisnis,anger,0.39872312545776367
"Selalu ngomong soal kebocoran, padahal MBG itu adalah kebocoran yang nyata di buat,😂😂 
Pemerintahan sekarang adalah pemerintahan terlucu yg pernah sy lihat di Indonesia😂😂",0,2 months ago,@farisalisra6220,"selalu ngomong soal kebocoran, padahal mbg itu adalah kebocoran yang nyata di buat, pemerintahan sekarang adalah pemerintahan terlucu yang pernah sy lihat di indonesia",167,24,negative,0.8207546472549438,selalu ngomong soal bocor padahal mbg bocor nyata buat perintah sekarang perintah lucu pernah sy lihat indonesia,anger,0.4662712514400482
"Tau apa sih ahli gizi SPPG MBG? Kalau memang ahli di bidang GIZI, tak kan ada makanan berbau, bahkan busuk. Dan tak kan ada Keracunan Massal.",0,2 months ago,@HafisAlfitoDealova,"tau apa sih ahli gizi satuan pelayanan pemenuhan gizi mbg kalau memang ahli di bidang gizi, tidak kan ada makanan berbau, bahkan busuk. dan tidak kan ada keracunan massal.",171,29,positive,0.6920053362846375,tau apa ahli gizi satu layan penuh gizi mbg memang ahli bidang gizi makan bau bahkan busuk racun massal,anger,0.426561176776886
Semua jika sistem kerjanya benar itu baik ‼️,0,2 months ago,@rengatsaja3-6-9,semua jika sistem kerjanya benar itu baik,41,7,positive,0.9781510829925537,semua sistem kerja benar baik,happy,0.7794597148895264
"Aku ada lihat konten ada kepala sekolah atau ibu guru marah-marah ke ahli gizi SPPG MBG karena kualitas makanan MBG rendah tak memenuhi syarat Gizi Nasional. 

Percuma ada ahli gizi SPPG MBG tapi pengetahuan gizinya rendah atau tidak mengerti tentang gizi.

Nah, jika seperti ini ceritanya, lebih baik donk Puskesmas dan Posyandu dijadikan pengawas lapangan di dapur SPPG-MBG untuk melakukan monitoring rutin dan melekat.",0,2 months ago,@HaroldDomar-r5l,"saya ada lihat konten ada kepala sekolah atau ibu guru marah marah ke ahli gizi satuan pelayanan pemenuhan gizi mbg karena kualitas makanan mbg rendah tidak memenuhi syarat gizi nasional. percuma ada ahli gizi satuan pelayanan pemenuhan gizi mbg tapi pengetahuan gizinya rendah atau tidak mengerti tentang gizi. nah, jika seperti ini ceritanya, lebih baik donk puskesmas dan posyandu dijadikan pengawas lapangan di dapur satuan pelayanan pemenuhan gizi mbg untuk melakukan monitoring rutin dan melekat.",502,75,negative,0.9948710203170776,lihat konten kepala sekolah ibu guru marah marah ahli gizi satu layan penuh gizi mbg kualitas makan mbg rendah penuh syarat gizi nasional percuma ahli gizi satu layan penuh gizi mbg tahu gizi rendah erti gizi nah cerita lebih baik donk puskesmas posyandu jadi awas lapang dapur satu layan penuh gizi mbg laku monitoring rutin lekat,anger,0.7273221015930176
"klau program ini emang bisa menggerakkan ekonomi (paling ga untk jangka pendek) mestinya program ini profit oriented, bukan charity. 
Klau narasi-nya untk mnciptakan generasi yg sehat dan produktif dlam jngka panjang, mnurut gw pribadi ini gambling. Aplgi kalau praktek yg dipakai sperti sekarang. 
Apa iya di masa depan bisa tercipta generasi yg produktif, kalau menu mknanan-nya aja masih bnyak yg amburadul?",0,2 months ago,@zayne_rhea,"kalau program ini memang bisa menggerakkan ekonomi paling tidak untk jangka pendek mestinya program ini profit oriented, bukan charity. kalau narasi nya untk mnciptakan generasi yang sehat dan produktif dlam jngka panjang, mnurut saya pribadi ini gambling. aplgi kalau praktik yang dipakai sperti sekarang. apa iya di masa depan bisa tercipta generasi yang produktif, kalau menu mknanan nya aja masih bnyak yang amburadul",421,63,negative,0.9844992756843567,program memang gerak ekonomi paling untk jangka pendek mesti program profit oriented bukan charity narasi untk mnciptakan generasi sehat produktif dlam jngka panjang mnurut pribadi gambling aplgi praktik pakai sperti sekarang apa iya masa depan cipta generasi produktif menu mknanan bnyak amburadul,anger,0.35149654746055603
"Aslinya MBG di khususkan hanya untuk anak SD atau MI aja,,karena anak2 ini dalam proses perkembangan,bukan SMP SMA juga,mereka sudah besar dan semua makanan di gas dari seblak dll mereka udah tau gizi mana yg di butuhkan,ibarat kurang gizi,anak SMP SMA udah bisa ngerti mereka kurang gizi atau GK nya itu dah pilihan mereka andaikan ortu GK mampu mereka udah bisa belajar usaha untuk memenuhi gizinya ,sedangkan anak SD sederajat mereka butuh perhatian khusus,,kalau anak TK biasnya udah ada makan di sekolah di Potong lewat SPP perbulan ,,mungkin bnyak yg bilang MBG GK perlu,karena ladang korup ,itu fakta,tetapi percayalah ada orang yg bahagia walau cuma dapat nasi lauk lele dapat buah segigit dan kadang dapat susu ,,makanan gituan mampu bikin dan beli sendiri,itu kata mereka yg mampu,,ada tetanggaku anaknya 5 ,dia cerita seneng banget ada MBG ,bahkan anaknya antusias ceritain tiap hari dapat makan apa,,sumpah dalam hati kadang tersenyum bahagia dengar mereka cerita ,memang ya MBG itu kadang GK berguna bagi yg mampu tetapi bagi yg sangat membutuhkan sangat berguna sekali ,,walau gara2 MBG harga bahan pangan ikut naik,contoh nyata di daerahku dulu sebelum ada MBG harga ayam naik turun di harga 25-34 naik turun ,tergantung hari2 atau stok ayam di broker,lah sekarang semenjak ada MBG harga ayam stabil di harga 37-40 ,,tetapi tahun ini lah bulan puasa harga tetap stabil,walau bnyak tidak suka dg pak Prabowo,tetapi ku akui bulan puasa inilah GK ada nik gila2 an dari cabe ayam dan barang pasar lain",0,2 months ago,@ombayuofficial,"aslinya mbg di khususkan hanya untuk anak sd atau mi aja,,karena anak2 ini dalam proses perkembangan,bukan smp sma juga,mereka sudah besar dan semua makanan di gas dari seblak dll mereka sudah tau gizi mana yang di butuhkan,ibarat kurang gizi,anak smp sma sudah bisa ngerti mereka kurang gizi atau tidak nya itu dah pilihan mereka andaikan ortu tidak mampu mereka sudah bisa belajar usaha untuk memenuhi gizinya ,sedangkan anak sd sederajat mereka butuh perhatian khusus,,kalau anak tk biasnya sudah ada makan di sekolah di potong lewat spp perbulan ,,mungkin bnyak yang bilang mbg tidak perlu,karena ladang korup ,itu fakta,tetapi percayalah ada orang yang bahagia walau cuma dapat nasi lauk lele dapat buah segigit dan kadang dapat susu ,,makanan gituan mampu bikin dan beli sendiri,itu kata mereka yang mampu,,ada tetanggaku anaknya 5 ,dia cerita seneng banget ada mbg ,bahkan anaknya antusias ceritain tiap hari dapat makan apa,,sumpah dalam hati kadang tersenyum bahagia dengar mereka cerita ,memang ya mbg itu kadang tidak berguna bagi yang mampu tetapi bagi yang sangat membutuhkan sangat berguna sekali ,,walau gara2 mbg harga bahan pangan ikut naik,contoh nyata di daerahku dulu sebelum ada mbg harga ayam naik turun di harga 25 34 naik turun ,tergantung hari2 atau stok ayam di broker,lah sekarang semenjak ada mbg harga ayam stabil di harga 37 40 ,,tetapi tahun ini lah bulan puasa harga tetap stabil,walau bnyak tidak suka dengan bapak prabowo,tetapi ku akui bulan puasa inilah tidak ada nik gila2 an dari cabe ayam dan barang pasar lain",1549,246,positive,0.9919117093086243,asli mbg khusus anak sd mi aja karena anak2 proses kembang bukan smp sma juga mereka besar semua makan gas seblak tau gizi mana butuh ibarat kurang gizi anak smp sma ngerti kurang gizi dah pilih andai ortu mampu ajar usaha penuh gizi sedang anak sd derajat butuh perhati khusus kalau anak tk bias makan sekolah potong lewat spp bulan mungkin bnyak bilang mbg perlu karena ladang korup itu fakta tetapi percaya orang bahagia cuma nasi lauk lele buah gigit kadang susu makan gituan mampu bikin beli sendiri itu kata mampu ada tetangga anak 5 dia cerita neng banget mbg bahkan anak antusias ceritain tiap hari makan apa sumpah hati kadang senyum bahagia dengar cerita memang mbg kadang guna mampu sangat butuh sangat guna sekali walau gara2 mbg harga bahan pangan ikut naik contoh nyata daerah dulu mbg harga ayam naik turun harga 25 34 naik turun gantung hari2 stok ayam broker lah sekarang semenjak mbg harga ayam stabil harga 37 40 tetapi tahun bulan puasa harga tetap stabil walau bnyak suka bapak prabowo tetapi ku aku bulan puasa ini nik gila2 an cabe ayam barang pasar,happy,0.6309489011764526
"ingatlah ini, program nya bagus yang mana program ini mementingkan asupan gizi anak atau siswa dari SD sampai SMK/SMA, CUMAN PENGELOLA NYA AJA YANG KURANG BAGUS, ANGGARAN DIPOTONG SANA SINI SEHINGGA MENU NYA TIDAK PANTAS DIBILANG LAYAK. Kami dari Gemari Tematik sering mendengar cerita dari siswa kami",0,2 months ago,@MissShafira,"ingatlah ini, program nya bagus yang mana program ini mementingkan asupan gizi anak atau siswa dari sd sampai smk sma, cuman pengelola nya aja yang kurang bagus, anggaran dipotong sana sini sehingga menu nya tidak pantas dibilang layak. kami dari gemari tematik sering mendengar cerita dari siswa kami",301,48,negative,0.819698691368103,ingat ini program bagus mana program penting asupan gizi anak siswa sd smk sma cuman kelola kurang bagus anggar potong sana sini menu pantas bilang layak gemar tematik sering dengar cerita siswa,sadness,0.793327808380127
"Ini mewakili bagi kita yg TDK setuju MBG dilanjutkan, dikaji ulang, dipilah pilih pakai skala prioritas",0,2 months ago,@profyusron3439,"ini mewakili bagi kita yang tidak setuju mbg dilanjutkan, dikaji ulang, dipilah pilih pakai skala prioritas",107,16,neutral,0.6793235540390015,wakil tuju mbg lanjut kaji ulang pilah pilih pakai skala prioritas,anger,0.4164821207523346
"Ya udah arahkan ke orang orang ibu hamil dan anak kecil, kalon alasan utamanya itu, yg d kota kota gak usah, masuk kepedalaman, yg SMP dan SMA tidak usah, jgn jd kurupsi berjemaah😂",0,2 months ago,@profyusron3439,"ya sudah arahkan ke orang orang ibu hamil dan anak kecil, kalon alasan utamanya itu, yang d kota kota tidak usah, masuk kepedalaman, yang smp dan sma tidak usah, jgn jadi kurupsi berjemaah",188,33,negative,0.9673519134521484,arah orang orang ibu hamil anak kecil kalon alas utama itu d kota kota usah masuk dalam smp sma usah jgn kurupsi jemaah,anger,0.8017863631248474
"Pekerjaan itu adalah aktivitas yg menghasilkan barang & jasa untuk menambah nilai ekonomi.. MBG ini lebih tepat disebut pembagian bansos, bukan lapangan kerja..",0,2 months ago,@windans924,"pekerjaan itu adalah aktivitas yang menghasilkan barang jasa untuk menambah nilai ekonomi.. mbg ini lebih tepat disebut pembagian bansos, bukan lapangan kerja..",160,22,negative,0.7655487060546875,kerja aktivitas hasil barang jasa tambah nilai ekonomi mbg lebih tepat sebut bagi bansos bukan lapang kerja,anger,0.4593205451965332
"Tiap hari dipertontonkan makanan yg TDK dimakan, orang tua pada bersuara bahwa tidak layak dinamakan makanan bergizi😂",0,2 months ago,@profyusron3439,"tiap hari dipertontonkan makanan yang tidak dimakan, orang tua pada bersuara bahwa tidak layak dinamakan makanan bergizi",120,17,negative,0.9120907187461853,tiap hari tonton makan makan orang tua suara layak nama makan gizi,anger,0.4530298113822937
"Mau tau rahasia besar?
Ini rahasianya:


IKL PUSKESMAS

Bagaimana pengawasan rutin dan melekat dapat dilakukan puskesmas di dapur-dapur SPPG MBG jika IKL saja hanya sekali sebulan?


Wajarlah Keracunan Makanan Massal MBG, IKL PUSKESMAS saja hanya SEKALI SEBULAN.

Bukan salah Puskesmas, tapi pembuat kebijakan di pusat yang tidak mengerti kebijakan apa yang dibuat.",0,2 months ago,@SollowSwan,"mau tau rahasia besar ini rahasianya ikl puskesmas bagaimana pengawasan rutin dan melekat dapat dilakukan puskesmas di dapur dapur satuan pelayanan pemenuhan gizi mbg jika ikl saja hanya sekali sebulan wajarlah keracunan makanan massal mbg, ikl puskesmas saja hanya sekali sebulan. bukan salah puskesmas, tapi pembuat kebijakan di pusat yang tidak mengerti kebijakan apa yang dibuat.",383,56,negative,0.9966981410980225,mau tau rahasia besar rahasia ikl puskesmas bagaimana awas rutin lekat laku puskesmas dapur dapur satu layan penuh gizi mbg ikl sekali bulan wajar racun makan massal mbg ikl puskesmas sekali bulan bukan salah puskesmas buat bijak pusat erti bijak apa buat,anger,0.43892902135849
"Pelaku usaha restoran pernah bercerita kalau harga bahan baku di pasar sudah mulai naik, karena kebanyakan sudah diborong sppg, jadi barang yang ga seberapa harus diperebutkan dengan masyarakat umum",0,2 months ago,@gembonggilangramadhan3480,"pelaku usaha restoran pernah bercerita kalau harga bahan baku di pasar sudah mulai naik, karena kebanyakan sudah diborong sppg, jadi barang yang tidak seberapa harus diperebutkan dengan masyarakat umum",201,29,positive,0.6094791889190674,laku usaha restoran pernah cerita harga bahan baku pasar mulai naik banyak borong sppg barang berapa rebut masyarakat umum,sadness,0.5036131143569946
"katanya buat generasi unggul percuma brooo..indonesia makin sempit lapangan pekerjaannya...banyak yg pinter juga gak ditampung...pemerintah lebih mengakomodir ordal, para relawan ataupun..orng2 parpol pendukung dan influincer..",0,2 months ago,@AdaSini-m6y,"katanya untuk generasi unggul percuma broo..indonesia makin sempit lapangan pekerjaannya...banyak yang pinter juga tidak ditampung...pemerintah lebih mengakomodir ordal, para relawan ataupun..orng2 parpol pendukung dan influincer..",231,25,negative,0.9957951307296753,kata generasi unggul percuma broo indonesia makin sempit lapang kerja banyak pinter tampung perintah lebih mengakomodir ordal rawan atau orng2 parpol dukung influincer,anger,0.8923773765563965
"Percaya aja sama Pak Prabowo , dia itu Berkah buat Indonesia karna beliau adalah Orang Pilihan",1,2 months ago,@MasterKimJongUn,"percaya aja sama bapak prabowo , dia itu berkah untuk indonesia karna beliau adalah orang pilihan",97,16,positive,0.9971238970756531,percaya sama bapak prabowo  berkah indonesia karna beliau orang pilih,happy,0.8892174363136292
"Analisis Angka Keracunan MBG dan Perbaikan Tata Kelolanya dari Perspektif Medis

A. Interpretasi Angka Keracunan Makanan dalam Program MBG dan Solusi meminimalisir Kasus Keracunan makanan MBG

Angka keracunan makanan dalam Program MBG (0,0006-0,0007%) menunjukkan bahwa makanan yang tidak higienis dengan kandungan gizi yang dipertanyakan dalam Program MBG berbahaya/berisiko bagi kesehatan siswa (generasi emas Indonesia), meskipun belum ada korban jiwa. 

Program ini memerlukan perbaikan sistem pemantauan.  

Untuk memperkuat pemantauan makanan bergizi dalam Program MBG, diperlukan keterlibatan Puskesmas dan  Posyandu sebagai ""Field Supervisor (pengawas lapangan) di dapur MBG"".

Peran Puskesmas:

a. Melakukan inspeksi sanitasi dan keamanan pangan secara rutin dan melekat, minimal 2-3 kali per Minggu termasuk jam produksi dini hari.

b. Memeriksa pola memasak, penyimpanan, dan distribusi makanan yang disediakan.

c. Melakukan uji cepat pada sampel makanan yang dicurigai terkontaminasi. Hal ini meliputi uji organoleptik, uji cepat harian di SPPG dan sekolah, dengan laporan digital real-time ke dashboard BGN.

d. Melakukan pembinaan penjamah makanan.

e. Melakukan monitoring kesehatan penerima.

f. Memberikan perawatan medis awal dalam kasus keracunan makanan.

g. Menyusun laporan pemantauan makanan dan gizi untuk Dinas Kesehatan.

h. Melakukan pendidikan dan penyuluhan tentang gizi seimbang dan kehigienesan makanan kepada masyarakat dan penyedia MBG.

i. Membantu memantau penerimaan dan konsumsi makanan MBG di sekolah dasar, terutama di daerah pedesaan.

Peran Posyandu:

Posyandu bertindak sebagai petugas pemantau untuk distribusi non-sekolah (balita/ibu hamil), pendidikan higiene dasar, dan saluran komunikasi cepat untuk melaporkan kasus keracunan ke Puskesmas. Untuk merealisasikan hal ini, Petugas Posyandu harus dilatih dan ditugaskan untuk memantau distribusi di luar sekolah (kepada balita/ibu hamil), memberikan pendidikan higiene di tingkat akar rumput, dan bertindak sebagai saluran komunikasi cepat untuk kejadian luar biasa (KLB).

Kolaborasi antara Puskesmas, Posyandu, dan  SPPG-MBG dapat membentuk rantai pemantauan berlapis, yang meliputi:

1. Pemeriksaan administratif (sertifikasi dan dokumentasi).

2. Pemeriksaan lapangan (kebersihan dan sanitasi).

3. Pendidikan masyarakat (gizi dan perilaku sehat).

4. Sanksi tegas: Penonaktifan permanen SPPG jika tidak mematuhi inspeksi rutin dan melekat yang dilakukan oleh Puskesmas.

Tidak hanya itu, tenaga medis khusus tambahan juga diperlukan di puskesmas untuk memastikan keberhasilan program MBG, dengan minimal 2-4 tenaga medis khusus per puskesmas di Indonesia. Dana dari anggaran negara dan anggaran daerah diperlukan untuk menambah tenaga medis khusus ini.

Untuk mencapai hal ini, diperlukan revisi terhadap pedoman teknis dan peraturan lain yang terkait dengan MBG.

Selain itu, Surat Edaran Kementerian Kesehatan HK.02.02/C.I/4202/2025 mewajibkan setiap SPPG memiliki 
Sertifikat Laik Higiene Sanitasi (SLHS).  Namun, kenyataan di lapangan menunjukkan bahwa Sertifikat SLHS hanya menjadi persyaratan untuk mengajukan permohonan pendirian dapur SPPG-MBG dan operasional. Sertifikat ini tidak dapat menjadi jaminan mutlak keamanan pangan, dan Sertifikat SLHS juga tidak dapat menjamin bahwa insiden keracunan pangan MBG tidak akan terulang karena SLHS adalah standar hukum minimum, bukan jaminan keamanan pangan untuk anak-anak.

Terkait sertifikat, sertifikat tidak menjamin bebas korupsi, sertifikat bisa saja jadi ladang Korupsi, kasus yang paling jelas adalah kasus Noel terkait pemerasan sertifikat K3.

Dan ingatlah bahwa program MBG tidak boleh menjadi skema untuk mencari keuntungan di setiap tingkatan. 

B.Bagaimana Sudut Pandang Medis terhadap Angka Keracunan Makanan MBG 0,0006-0.0007%?

Secara statistik, tingkat keracunan makanan dalam Program Makanan Bergizi Gratis (MBG) tercatat dikisaran 0,0006-0,0007%, artinya tingkat keberhasilan program ini adalah 99,9993-99,9994%.

Meskipun secara matematis angka ini terlihat sangat kecil, dari perspektif kesehatan masyarakat, bahkan angka terkecil pun tidak boleh diabaikan, terutama jika kasus tersebut telah dikategorikan sebagai Kejadian Luar Biasa (KLB) oleh otoritas kesehatan.

Bagi tenaga medis dan epidemiolog, 0,0006-0,0007% bukan hanya angka statistik, tetapi juga indikator awal potensi bahaya sistemik yang memerlukan tindakan pencegahan segera.

Setiap insiden keracunan makanan, sekecil apa pun, memerlukan tanggapan cepat, penyelidikan menyeluruh, dan perbaikan prosedur pengolahan makanan untuk mencegah dampak berulang di masa depan.

C. Tantangan Tata Kelola Dapur SPPG-MBG Saat Ini

Surat Edaran Kementerian Kesehatan No. HK.02.02/C.I/4202/2025 mewajibkan setiap SPPG memiliki Sertifikat Laik Higiene Sanitasi (SLHS) sebagai syarat operasional. Ini merupakan fondasi administratif yang penting.
Namun di lapangan, Inspeksi Kesehatan Lingkungan (IKL) umumnya dilakukan sebulan sekali. Untuk dapur yang memproduksi makanan setiap hari dalam skala besar, frekuensi IKL ini relatif minimal.

Risiko kontaminasi pangan dapat muncul dalam hitungan jam, bukan bulan.
Pengalaman lintas sektor juga menunjukkan bahwa sertifikasi tanpa pengawasan aktif berisiko menjadi formalitas administratif. Kasus penyalahgunaan penerbitan sertifikat di sektor lain menjadi pengingat bahwa tata kelola harus transparan, akuntabel, dan bebas konflik kepentingan.
Program MBG tidak boleh menjadi ruang pencarian keuntungan di setiap tingkatan. Keamanan anak tidak boleh dinegosiasikan.

D.Presiden Soeharto: Puskesmas dan Posyandu

Pada masa pemerintahan Presiden Soeharto, kebijakan pembangunan kesehatan nasional menekankan prinsip promotif dan preventif.

Konsep Puskesmas lahir dari Rapat Kerja Kesehatan Nasional 1968, dan masuk ke dalam Program Pembangunan Lima Tahun (Pelita).

Pada Pelita II (1974–1979), pemerintah berhasil membangun sekitar 2.000 Puskesmas. Hingga 1993, jumlahnya meningkat menjadi 6.749 unit di seluruh Indonesia.

Sementara itu, Posyandu (Pos Pelayanan Terpadu) mulai diperkenalkan pada 21 Agustus 1971 di Garut, dan diresmikan sebagai program nasional pada 1984 berkat inisiatif Ibu Tien Soeharto.
Posyandu kemudian menjadi pilar pelayanan gizi, imunisasi, dan keluarga berencana yang berorientasi pada masyarakat.

Keduanya, Puskesmas dan Posyandu, terbukti efektif dalam mengendalikan penyakit berbasis lingkungan dan pangan, termasuk kasus keracunan makanan massal, seperti kasus keracunan makanan di Lampung pada 11 April 1997, yang menyebabkan kepanikan luas karena menelan korban jiwa. 

E. Martabat Penerima Bantuan MBG dan Fenomena Flexing

Menolak atau mengkritik program MBG bukan berarti penerima bantuan tidak bersyukur. Dalam kerangka kebijakan publik, warga memiliki hak untuk mempertanyakan kualitas, keamanan, serta cara program dijalankan, terutama ketika menyangkut kesehatan dan keselamatan anak.

Program MBG bukan hadiah pribadi, melainkan kebijakan publik yang dibiayai oleh pajak rakyat. Karena itu, kritik merupakan bentuk partisipasi warga negara dalam demokrasi, bukan tanda kesombongan.

Masalah muncul ketika terjadi “flexing kebaikan”, yakni ketika pelaksana program MBG di dapur SPPG-MBG, menampilkan sikap atau narasi yang seolah menempatkan penerima bantuan MBG pada posisi lebih rendah, seakan mereka harus menunjukkan rasa tunduk agar dianggap layak menerima bantuan.
Padahal, martabat penerima MBG tidak boleh menjadi harga yang harus dibayar untuk memperoleh hak sosialnya.

Bantuan Gizi Publik yang kuat tidak hanya diukur dari distribusi manfaat, tetapi juga dari cara negara menghormati warganya.

Kebijakan yang benar-benar berhasil lahir dari bantuan yang nyata dan penghormatan yang tulus, tanpa narasi merendahkan, tanpa pamer atau flexing kebaikan.


Kata Kunci Utama: ""Puskesmas dan Posyandu dijadikan field supervisor (pengawas lapangan) di dapur MBG dan lakukan pengawasan rutin dan melekat di Dapur-dapur SPPG MBG.""

Catatan:

1. Mengkritik tata kelola bukan berarti menjelekkan pemerintah. Justru kritik adalah bentuk kepedulian agar program yang baik bisa menjadi lebih baik dan melindungi lebih banyak anak.

2. Dihina tidak memperpendek umur, dipuji tidak memperpanjang umur. Pujian dan cacian hanyalah suara sementara. Yang abadi adalah keberanian untuk tetap berpihak pada keselamatan anak dan martabat manusia. Karena pada akhirnya, keselamatan satu anak adalah kehormatan sebuah bangsa.

3. Satu nyawa anak sangat berarti bagi saya, apalagi 12.658 nyawa anak yang menjadi korban  keracunan makanan massal MBG.",1,2 months ago,@rafaelmanalu5926,"analisis angka keracunan mbg dan perbaikan tata kelolanya dari perspektif medis a. interpretasi angka keracunan makanan dalam program mbg dan solusi meminimalisir kasus keracunan makanan mbg angka keracunan makanan dalam program mbg 0,006 0,007% menunjukkan bahwa makanan yang tidak higienis dengan kandungan gizi yang dipertanyakan dalam program mbg berbahaya berisiko bagi kesehatan siswa generasi emas indonesia , meskipun belum ada korban jiwa. program ini memerlukan perbaikan sistem pemantauan. untuk memperkuat pemantauan makanan bergizi dalam program mbg, diperlukan keterlibatan puskesmas dan posyandu sebagai field supervisor pengawas lapangan di dapur mbg . peran puskesmas a. melakukan inspeksi sanitasi dan keamanan pangan secara rutin dan melekat, minimal 2 3 kali per minggu termasuk jam produksi dini hari. b. memeriksa pola memasak, penyimpanan, dan distribusi makanan yang disediakan. c. melakukan uji cepat pada sampel makanan yang dicurigai terkontaminasi. hal ini meliputi uji organoleptik, uji cepat harian di satuan pelayanan pemenuhan gizi dan sekolah, dengan laporan digital real time ke dashboard bgn. d. melakukan pembinaan penjamah makanan. e. melakukan monitoring kesehatan penerima. f. memberikan perawatan medis awal dalam kasus keracunan makanan. g. menyusun laporan pemantauan makanan dan gizi untuk dinas kesehatan. h. melakukan pendidikan dan penyuluhan tentang gizi seimbang dan kehigienesan makanan kepada masyarakat dan penyedia mbg. i. membantu memantau penerimaan dan konsumsi makanan mbg di sekolah dasar, terutama di daerah pedesaan. peran posyandu posyandu bertindak sebagai petugas pemantau untuk distribusi non sekolah balita ibu hamil , pendidikan higiene dasar, dan saluran komunikasi cepat untuk melaporkan kasus keracunan ke puskesmas. untuk merealisasikan hal ini, petugas posyandu harus dilatih dan ditugaskan untuk memantau distribusi di luar sekolah kepada balita ibu hamil , memberikan pendidikan higiene di tingkat akar rumput, dan bertindak sebagai saluran komunikasi cepat untuk kejadian luar biasa klb . kolaborasi antara puskesmas, posyandu, dan satuan pelayanan pemenuhan gizi mbg dapat membentuk rantai pemantauan berlapis, yang meliputi 1. pemeriksaan administratif sertifikasi dan dokumentasi . 2. pemeriksaan lapangan kebersihan dan sanitasi . 3. pendidikan masyarakat gizi dan perilaku sehat . 4. sanksi tegas penonaktifan permanen satuan pelayanan pemenuhan gizi jika tidak mematuhi inspeksi rutin dan melekat yang dilakukan oleh puskesmas. tidak hanya itu, tenaga medis khusus tambahan juga diperlukan di puskesmas untuk memastikan keberhasilan program mbg, dengan minimal 2 4 tenaga medis khusus per puskesmas di indonesia. dana dari anggaran negara dan anggaran daerah diperlukan untuk menambah tenaga medis khusus ini. untuk mencapai hal ini, diperlukan revisi terhadap pedoman teknis dan peraturan lain yang terkait dengan mbg. selain itu, surat edaran kementerian kesehatan hk.02.02 c.i 4202 2025 mewajibkan setiap satuan pelayanan pemenuhan gizi memiliki sertifikat laik higiene sanitasi slhs . namun, kenyataan di lapangan menunjukkan bahwa sertifikat slhs hanya menjadi persyaratan untuk mengajukan permohonan pendirian dapur satuan pelayanan pemenuhan gizi mbg dan operasional. sertifikat ini tidak dapat menjadi jaminan mutlak keamanan pangan, dan sertifikat slhs juga tidak dapat menjamin bahwa insiden keracunan pangan mbg tidak akan terulang karena slhs adalah standar hukum minimum, bukan jaminan keamanan pangan untuk anak anak. terkait sertifikat, sertifikat tidak menjamin bebas korupsi, sertifikat bisa saja jadi ladang korupsi, kasus yang paling jelas adalah kasus noel terkait pemerasan sertifikat k3. dan ingatlah bahwa program mbg tidak boleh menjadi skema untuk mencari keuntungan di setiap tingkatan. b.bagaimana sudut pandang medis terhadap angka keracunan makanan mbg 0,006 0.007% secara statistik, tingkat keracunan makanan dalam program makanan bergizi gratis mbg tercatat dikisaran 0,006 0,007%, artinya tingkat keberhasilan program ini adalah 99,993 99,994%. meskipun secara matematis angka ini terlihat sangat kecil, dari perspektif kesehatan masyarakat, bahkan angka terkecil pun tidak boleh diabaikan, terutama jika kasus tersebut telah dikategorikan sebagai kejadian luar biasa klb oleh otoritas kesehatan. bagi tenaga medis dan epidemiolog, 0,006 0,007% bukan hanya angka statistik, tetapi juga indikator awal potensi bahaya sistemik yang memerlukan tindakan pencegahan segera. setiap insiden keracunan makanan, sekecil apa pun, memerlukan tanggapan cepat, penyelidikan menyeluruh, dan perbaikan prosedur pengolahan makanan untuk mencegah dampak berulang di masa depan. c. tantangan tata kelola dapur satuan pelayanan pemenuhan gizi mbg saat ini surat edaran kementerian kesehatan no. hk.02.02 c.i 4202 2025 mewajibkan setiap satuan pelayanan pemenuhan gizi memiliki sertifikat laik higiene sanitasi slhs sebagai syarat operasional. ini merupakan fondasi administratif yang penting. namun di lapangan, inspeksi kesehatan lingkungan ikl umumnya dilakukan sebulan sekali. untuk dapur yang memproduksi makanan setiap hari dalam skala besar, frekuensi ikl ini relatif minimal. risiko kontaminasi pangan dapat muncul dalam hitungan jam, bukan bulan. pengalaman lintas sektor juga menunjukkan bahwa sertifikasi tanpa pengawasan aktif berisiko menjadi formalitas administratif. kasus penyalahgunaan penerbitan sertifikat di sektor lain menjadi pengingat bahwa tata kelola harus transparan, akuntabel, dan bebas konflik kepentingan. program mbg tidak boleh menjadi ruang pencarian keuntungan di setiap tingkatan. keamanan anak tidak boleh dinegosiasikan. d.presiden soeharto puskesmas dan posyandu pada masa pemerintahan presiden soeharto, kebijakan pembangunan kesehatan nasional menekankan prinsip promotif dan preventif. konsep puskesmas lahir dari rapat kerja kesehatan nasional 1968, dan masuk ke dalam program pembangunan lima tahun pelita . pada pelita ii 1974 1979 , pemerintah berhasil membangun sekitar 2.00 puskesmas. hingga 1993, jumlahnya meningkat menjadi 6.749 unit di seluruh indonesia. sementara itu, posyandu pos pelayanan terpadu mulai diperkenalkan pada 21 agustus 1971 di garut, dan diresmikan sebagai program nasional pada 1984 berkat inisiatif ibu tien soeharto. posyandu kemudian menjadi pilar pelayanan gizi, imunisasi, dan keluarga berencana yang berorientasi pada masyarakat. keduanya, puskesmas dan posyandu, terbukti efektif dalam mengendalikan penyakit berbasis lingkungan dan pangan, termasuk kasus keracunan makanan massal, seperti kasus keracunan makanan di lampung pada 11 april 1997, yang menyebabkan kepanikan luas karena menelan korban jiwa. e. martabat penerima bantuan mbg dan fenomena flexing menolak atau mengkritik program mbg bukan berarti penerima bantuan tidak bersyukur. dalam kerangka kebijakan publik, warga memiliki hak untuk mempertanyakan kualitas, keamanan, serta cara program dijalankan, terutama ketika menyangkut kesehatan dan keselamatan anak. program mbg bukan hadiah pribadi, melainkan kebijakan publik yang dibiayai oleh pajak rakyat. karena itu, kritik merupakan bentuk partisipasi warga negara dalam demokrasi, bukan tanda kesombongan. masalah muncul ketika terjadi flexing kebaikan , yakni ketika pelaksana program mbg di dapur satuan pelayanan pemenuhan gizi mbg, menampilkan sikap atau narasi yang seolah menempatkan penerima bantuan mbg pada posisi lebih rendah, seakan mereka harus menunjukkan rasa tunduk agar dianggap layak menerima bantuan. padahal, martabat penerima mbg tidak boleh menjadi harga yang harus dibayar untuk memperoleh hak sosialnya. bantuan gizi publik yang kuat tidak hanya diukur dari distribusi manfaat, tetapi juga dari cara negara menghormati warganya. kebijakan yang benar benar berhasil lahir dari bantuan yang nyata dan penghormatan yang tulus, tanpa narasi merendahkan, tanpa pamer atau flexing kebaikan. kata kunci utama puskesmas dan posyandu dijadikan field supervisor pengawas lapangan di dapur mbg dan lakukan pengawasan rutin dan melekat di dapur dapur satuan pelayanan pemenuhan gizi mbg. catatan 1. mengkritik tata kelola bukan berarti menjelekkan pemerintah. justru kritik adalah bentuk kepedulian agar program yang baik bisa menjadi lebih baik dan melindungi lebih banyak anak. 2. dihina tidak memperpendek umur, dipuji tidak memperpanjang umur. pujian dan cacian hanyalah suara sementara. yang abadi adalah keberanian untuk tetap berpihak pada keselamatan anak dan martabat manusia. karena pada akhirnya, keselamatan satu anak adalah kehormatan sebuah bangsa. 3. satu nyawa anak sangat berarti bagi saya, apalagi 12.658 nyawa anak yang menjadi korban keracunan makanan massal mbg.",8679,1178,neutral,0.8982189893722534,analisis angka racun mbg baik tata kelola perspektif medis a interpretasi angka racun makan program mbg solusi meminimalisir kasus racun makan mbg angka racun makan program mbg 0 006 0 007 tunjuk makan higienis kandung gizi tanya program mbg bahaya risiko sehat siswa generasi emas indonesia  meski korban jiwa program perlu baik sistem pantau kuat pantau makan gizi program mbg perlu libat puskesmas posyandu field supervisor awas lapang dapur mbg  peran puskesmas a laku inspeksi sanitasi aman pangan rutin lekat minimal 2 3 kali per minggu masuk jam produksi dini hari b periksa pola masak simpan distribusi makan sedia c laku uji cepat sampel makan curiga kontaminasi liput uji organoleptik uji cepat hari satu layan penuh gizi sekolah lapor digital real time dashboard bgn d laku bina jamah makan e laku monitoring sehat terima f beri awat medis awal kasus racun makan g susun lapor pantau makan gizi dinas sehat h laku didik suluh gizi imbang kehigienesan makan masyarakat sedia mbg i bantu pantau terima konsumsi makan mbg sekolah dasar utama daerah desa peran posyandu posyandu tindak tugas pantau distribusi non sekolah balita ibu hamil  didik higiene dasar salur komunikasi cepat lapor kasus racun puskesmas realisasi ini tugas posyandu latih tugas pantau distribusi luar sekolah balita ibu hamil  beri didik higiene tingkat akar rumput tindak salur komunikasi cepat jadi luar biasa klb  kolaborasi puskesmas posyandu satu layan penuh gizi mbg bentuk rantai pantau lap liput 1 periksa administratif sertifikasi dokumentasi  2 periksa lapang bersih sanitasi  3 didik masyarakat gizi perilaku sehat  4 sanksi tegas nonaktif permanen satu layan penuh gizi patuh inspeksi rutin lekat laku puskesmas itu tenaga medis khusus tambah perlu puskesmas pasti hasil program mbg minimal 2 4 tenaga medis khusus per puskesmas indonesia dana anggar negara anggar daerah perlu tambah tenaga medis khusus ini capai ini perlu revisi pedoman teknis atur kait mbg itu surat edar menteri sehat hk 02 02 c i 4202 2025 wajib satu layan penuh gizi milik sertifikat laik higiene sanitasi slhs  namun nyata lapang tunjuk sertifikat slhs jadi syarat aju mohon diri dapur satu layan penuh gizi mbg operasional sertifikat jadi jamin mutlak aman pangan sertifikat slhs jamin insiden racun pangan mbg ulang slhs standar hukum minimum bukan jamin aman pangan anak anak kait sertifikat sertifikat jamin bebas korupsi sertifikat ladang korupsi kasus paling jelas kasus noel kait peras sertifikat k3 ingat program mbg jadi skema cari untung tingkat b bagaimana sudut pandang medis angka racun makan mbg 0 006 0 007 statistik tingkat racun makan program makan gizi gratis mbg catat kisar 0 006 0 007 arti tingkat hasil program 99 993 99 994 meski matematis angka lihat sangat kecil perspektif sehat masyarakat bahkan angka kecil abai utama kasus sebut kategori jadi luar biasa klb otoritas sehat tenaga medis epidemiolog 0 006 0 007 bukan angka statistik indikator awal potensi bahaya sistemik perlu tindak cegah segera insiden racun makan kecil apa pun perlu tanggap cepat lidi seluruh baik prosedur olah makan cegah dampak ulang masa depan c tantang tata kelola dapur satu layan penuh gizi mbg surat edar menteri sehat no hk 02 02 c i 4202 2025 wajib satu layan penuh gizi milik sertifikat laik higiene sanitasi slhs syarat operasional rupa fondasi administratif penting lapang inspeksi sehat lingkung ikl umum laku bulan sekali dapur produksi makan hari skala besar frekuensi ikl relatif minimal risiko kontaminasi pangan muncul hitung jam bukan bulan alam lintas sektor tunjuk sertifikasi awas aktif risiko jadi formalitas administratif kasus penyalahgunaan terbit sertifikat sektor jadi ingat tata kelola transparan akuntabel bebas konflik penting program mbg jadi ruang cari untung tingkat aman anak negosiasi d presiden soeharto puskesmas posyandu masa perintah presiden soeharto bijak bangun sehat nasional tekan prinsip promotif preventif konsep puskesmas lahir rapat kerja sehat nasional 1968 masuk program bangun lima tahun pelita  pelita ii 1974 1979  perintah hasil bangun 2 00 puskesmas hingga 1993 jumlah tingkat jadi 6 749 unit seluruh indonesia itu posyandu pos layan padu mulai kenal 21 agustus 1971 garut resmi program nasional 1984 berkat inisiatif ibu tien soeharto posyandu kemudian jadi pilar layan gizi imunisasi keluarga rencana orientasi masyarakat dua puskesmas posyandu bukti efektif kendali sakit bas lingkung pangan masuk kasus racun makan massal kasus racun makan lampung 11 april 1997 sebab panik luas tel korban jiwa e martabat terima bantu mbg fenomena flexing tolak kritik program mbg bukan arti terima bantu syukur kerangka bijak publik warga milik hak tanya kualitas aman cara program jalan utama sangkut sehat selamat anak program mbg bukan hadiah pribadi bijak publik biaya pajak rakyat itu kritik rupa bentuk partisipasi warga negara demokrasi bukan tanda sombong masalah muncul jadi flexing baik  laksana program mbg dapur satu layan penuh gizi mbg tampil sikap narasi tempat terima bantu mbg posisi lebih rendah akan tunjuk rasa tunduk anggap layak terima bantu padahal martabat terima mbg jadi harga bayar oleh hak sosial bantu gizi publik kuat ukur distribusi manfaat cara negara hormat warga bijak benar benar hasil lahir bantu nyata hormat tulus narasi rendah pamer flexing baik kata kunci utama puskesmas posyandu jadi field supervisor awas lapang dapur mbg laku awas rutin lekat dapur dapur satu layan penuh gizi mbg catat 1 kritik tata kelola bukan arti jelek perintah justru kritik bentuk peduli program baik jadi lebih baik lindung lebih banyak anak 2 hina pendek umur puji panjang umur puji caci hanya suara sementara abadi berani tetap pihak selamat anak martabat manusia akhir selamat satu anak hormat buah bangsa 3 satu nyawa anak sangat arti saya 12 658 nyawa anak jadi korban racun makan massal mbg,sadness,0.7160349488258362
"Gara gara proyek MBG semua pembangunan infrastruktur sangat lambat, mending anggaran nya untuk pembangunan infrastruktur jalan dan jembatan, banyak desa desa yg tertinggal karena kurangnya infrastruktur 👍",1,2 months ago,@MuhammadFajri-k6f,"gara gara proyek mbg semua pembangunan infrastruktur sangat lambat, mending anggaran nya untuk pembangunan infrastruktur jalan dan jembatan, banyak desa desa yang tertinggal karena kurangnya infrastruktur",204,26,negative,0.9854897260665894,gara gara proyek mbg semua bangun infrastruktur sangat lambat mending anggar bangun infrastruktur jalan jembatan banyak desa desa tinggal kurang infrastruktur,sadness,0.6232134103775024
"Mbg buat di daerah 3T aja, sisanya buat pendidikan dan infrastruktur sama kesehatan anggaran sejumbo itu",0,2 months ago,@MandorSuangJabodetabek,"mbg untuk di daerah 3 triliun aja, sisanya untuk pendidikan dan infrastruktur sama kesehatan anggaran sejumbo itu",113,17,neutral,0.8761365413665771,mbg daerah 3 triliun aja sisa didik infrastruktur sama sehat anggar jumbo,sadness,0.26180827617645264
"Fakta dan masukan dari akademisi dan masyarakat sudah sejelas ini, namun pemerintah masih kekeh. 
Satu kata ""MIRIS"".",0,2 months ago,@septiarahmat4564,"fakta dan masukan dari akademisi dan masyarakat sudah sejelas ini, namun pemerintah masih kekeh. satu kata miris .",114,18,negative,0.9932615160942078,fakta masuk akademisi masyarakat jelas ini perintah kekeh satu kata miris ,sadness,0.8619791865348816
Beban lah.  Wong korupsinya gila2an kok sementara manfaatnya kecil banget,0,2 months ago,@sabrinakirani2211,beban lah. wong korupsinya gila2an kok sementara manfaatnya kecil banget,72,10,negative,0.9988969564437866,beban lah wong korupsi gila2an kok manfaat kecil banget,anger,0.8816908001899719
Berita sederhana dan narasinya mudah di cerna tapi wowo tak paham,0,2 months ago,@jametsulteng8810,berita sederhana dan narasinya mudah di cerna tapi wowo tidak paham,67,11,negative,0.8235451579093933,berita sederhana narasi mudah cerna wowo paham,anger,0.455699622631073
Mbg hanya didukung oleh mereka yg mendapat keuntungan dr program mbg. Kl bicara netral ini program gagal total yg belum di rancang dgn benar,0,2 months ago,@howardlie8775,mbg hanya didukung oleh mereka yang mendapat keuntungan dari program mbg. kl bicara netral ini program gagal total yang belum di rancang dengan benar,149,24,negative,0.9970117807388306,mbg dukung dapat untung program mbg kl bicara netral program gagal total rancang benar,anger,0.7469063997268677
"Efek MBG : Barang seperti sayur dan lainnya sering di borong MBG shg permintaan naik dan barang sering habis.

 Alhasil barang di pasar harganya naik. Dan stok masih segitu aja di pasaran.

Sayuran kualitas B aja ikutan naik😢😊",0,2 months ago,@Garissajalah,efek mbg barang seperti sayur dan lainnya sering di borong mbg shg permintaan naik dan barang sering habis. alhasil barang di pasar harganya naik. dan stok masih segitu aja di pasaran. sayuran kualitas b aja ikutan naik,219,37,positive,0.9871641397476196,efek mbg barang sayur lain sering borong mbg shg minta naik barang sering habis alhasil barang pasar harga naik stok segitu pasar sayur kualitas b ikut naik,fear,0.6535241603851318
"MBG adalah program politik, jutaan orang akan bergantung pada program MBG, konsekuensinya pada pemilu selanjutnya para mitra MBG ini akan kembali memilih presiden sekarang supaya kelangsungan bisnis mereka tetap berjalan. Stop bayar pajak untuk MBG.",0,2 months ago,@akbargelar5171,"mbg adalah program politik, jutaan orang akan bergantung pada program mbg, konsekuensinya pada pemilu selanjutnya para mitra mbg ini akan kembali memilih presiden sekarang supaya kelangsungan bisnis mereka tetap berjalan. stop bayar pajak untuk mbg.",249,35,negative,0.8689121007919312,mbg program politik juta orang gantung program mbg konsekuensi milu lanjut mitra mbg pilih presiden sekarang langsung bisnis tetap jalan stop bayar pajak mbg,anger,0.5602520704269409
"JELAS MBG itu beban negara,Pemerintah takut rakyat ya cerdas makanya pendidikan di pangkas",1,2 months ago,@Bagas-j5b7c,"jelas mbg itu beban negara,pemerintah takut rakyat ya cerdas makanya pendidikan di pangkas",90,13,negative,0.9984472393989563,jelas mbg beban negara perintah takut rakyat cerdas makanya didik pangkas,fear,0.6621592044830322
"MBG itu bukan solusi ekonomi, MBG itu adalah untuk mengatasi Indonesia darurat stunting. Kalo dianggap mendorong ekonomi itu hanya efek sampingnya bukan tujuan utama. Kalo dianggap membebani negara. Rakyat harus bayar gak gratis lagi. Mau?",1,2 months ago,@greysmith203,"mbg itu bukan solusi ekonomi, mbg itu adalah untuk mengatasi indonesia darurat stunting. kalau dianggap mendorong ekonomi itu hanya efek sampingnya bukan tujuan utama. kalau dianggap membebani negara. rakyat harus bayar tidak gratis lagi. mau",242,35,negative,0.9958608746528625,mbg bukan solusi ekonomi mbg atas indonesia darurat stunting anggap dorong ekonomi efek samping bukan tuju utama anggap beban negara rakyat bayar gratis lagi mau,anger,0.8104622960090637
"Alasan simple kenapa banyak orang yang kontra dengan MBG ya karena terindikasi KORUPSI
1. Dapur MBG meminta UMKM untuk membuat roti ribuan pcs, akan tetapi dengan harga yang ditawarkan semurah mungkin, tapi ditulisnya semahal mungkin
2. Seandainya program MBG berfokus kepada rakyat miskin, terutama di pedalaman desa dan antara budget dan makanan sesuai dan tidak keracunan maka kemungkinan banyak yang menerimanya
3. Yang punya dapur SPPG ini butuh transparansi siapa saja pemiliknya  ditakutkan malah yang kaya, anak penjabat, dll sebagai pemilik asli MBG yang biasanya suka beli barang branded LN
4. Transparansi yang bisa diakses dan juga cada perhitungan gizinya yang bikin perusahaan pembuat protein untuk gym pada insecure.",0,2 months ago,@hafsh9185,"alasan simple kenapa banyak orang yang kontra dengan mbg ya karena terindikasi korupsi 1. dapur mbg meminta usaha mikro kecil menengah untuk membuat roti ribuan pcs, akan tetapi dengan harga yang ditawarkan semurah mungkin, tapi ditulisnya semahal mungkin 2. seandainya program mbg berfokus kepada rakyat miskin, terutama di pedalaman desa dan antara budget dan makanan sesuai dan tidak keracunan maka kemungkinan banyak yang menerimanya 3. yang punya dapur satuan pelayanan pemenuhan gizi ini butuh transparansi siapa saja pemiliknya ditakutkan malah yang kaya, anak penjabat, dll sebagai pemilik asli mbg yang biasanya suka beli barang branded ln 4. transparansi yang bisa diakses dan juga cada perhitungan gizinya yang bikin perusahaan pembuat protein untuk gym pada insecure.",779,115,negative,0.9633598327636719,alas simple banyak orang kontra mbg indikasi korupsi 1 dapur mbg minta usaha mikro kecil tengah buat roti ribu pcs harga tawar murah mungkin tulis mahal mungkin 2 anda program mbg fokus rakyat miskin utama dalam desa budget makan sesuai racun mungkin banyak terima 3 punya dapur satu layan penuh gizi butuh transparansi siapa milik takut malah kaya anak jabat milik asli mbg biasa suka beli barang branded ln 4 transparansi akses cada hitung gizi bikin usaha buat protein gym insecure,anger,0.507652997970581
"jika MBG ini dipaksakan karna janji pemilu, sebenarnya rakyat akan sangat mengerti jika pemerintah ngejelasin kalau MBG saat ini hanya untuk wilayah plosok, miskin dan banyak anak stunting dan gizi buruk, dana MBG akan masih logis untuk kondisi ekonomi saat ini, tapi program ini tu serampangan banget masa iya ngasih makan anak se Indonesia gini sih 😂 kalo duit negara ini sekelas arab atau negara teluk arab sih oke aja",0,2 months ago,@Kocheng_Belang,"jika mbg ini dipaksakan karna janji pemilu, sebenarnya rakyat akan sangat mengerti jika pemerintah ngejelasin kalau mbg saat ini hanya untuk wilayah plosok, miskin dan banyak anak stunting dan gizi buruk, dana mbg akan masih logis untuk kondisi ekonomi saat ini, tapi program ini itu serampangan banget masa iya ngasih makan anak se indonesia gini sih kalau duit negara ini sekelas arab atau negara teluk arab sih oke aja",421,69,negative,0.9974240064620972,mbg paksa karna janji milu benar rakyat sangat erti perintah ngejelasin mbg wilayah plosok miskin banyak anak stunting gizi buruk dana mbg logis kondisi ekonomi ini program serampang banget masa iya ngasih makan anak se indonesia gin duit negara kelas arab negara teluk arab oke,anger,0.8452168107032776
Semoga presiden berikut bikin program yang lebih baik (& hentikan mbg),2,2 months ago,@Rafaarie1789,semoga presiden berikut bikin program yang lebih baik hentikan mbg,66,10,negative,0.7944247126579285,moga presiden ikut bikin program lebih baik henti mbg,happy,0.4929012656211853
"Kalau lu renungi lebih jauh, MBG ini program yang paling problematic dan paling banyak mudarat nya. 
Kenapa? 
1. Sistem sapu jagad. 
MBG di paksakan di semua lingkungan pendidikan dari playgroup sampe SMA tanpa memandang status. Pengalaman yang gua dapat ini nyusahin sekolah swasta yang udah punya program makan siang bergizi duluan, bayangin, sekolah yang SPP nya 5-10 juta perbulan, siswa nya di paksa makan MBG. 
2. QC yang luar biasa buruk. 
MBG ini termasuk salah satu program pemerintah yang sangat rentan, karena jarang sekali sebenarnya sektor pelayanan publik bersinggungan dengan penyediaan makanan massal, hampir semua kementerian dan badan setingkat kementerian ga punya pengalaman mengenai ini, akhirnya apa.. 
SOP di bangun sejalan dengan program berjalan, Korban berjatuhan, yang mirisnya ya anak anak sekolah yang cita citanya mau diberikan gizi tadi. 
3. MBG ini sangat minim partisipasi publik. 
Loh apa hubungannya? 
Hampir semua SPPG di kelola oleh Yayasan, Pribadi ataupun Badan organisasi lain nya yang terafiliasi dengan pemerintah, akibatnya sistem whistle blower ga akan terjadi, semuanya sistem komando. Tidak ada siapa yang mengkoreksi siapa. Bahkan semua karyawan nya rencananya akan dijadikan pegawai pemerintah. 
Emang apa buruknya dengan pegawai pemerintah? 
Pengalaman saya, pegawai pemerintah itu ga akan berani bersuara tentang keburukkan program pemerintah. Karena akan bertentangan dengan kepentingan nya sendiri, dan juga ya terikat akan sumpah pekerjaan nya. (Well coba perhatikan di sumpah pegawai negeri khusus nya no 3 sampai habis)",0,2 months ago,@JohnArmys,"kalau kamu renungi lebih jauh, mbg ini program yang paling problematic dan paling banyak mudarat nya. kenapa 1. sistem sapu jagad. mbg di paksakan di semua lingkungan pendidikan dari playgroup sampe sma tanpa memandang status. pengalaman yang gua dapat ini nyusahin sekolah swasta yang sudah punya program makan siang bergizi duluan, bayangin, sekolah yang spp nya 5 10 juta perbulan, siswa nya di paksa makan mbg. 2. qc yang luar biasa buruk. mbg ini termasuk salah satu program pemerintah yang sangat rentan, karena jarang sekali sebenarnya sektor pelayanan publik bersinggungan dengan penyediaan makanan massal, hampir semua kementerian dan badan setingkat kementerian tidak punya pengalaman mengenai ini, akhirnya apa.. sop di bangun sejalan dengan program berjalan, korban berjatuhan, yang mirisnya ya anak anak sekolah yang cita citanya mau diberikan gizi tadi. 3. mbg ini sangat minim partisipasi publik. loh apa hubungannya hampir semua satuan pelayanan pemenuhan gizi di kelola oleh yayasan, pribadi ataupun badan organisasi lain nya yang terafiliasi dengan pemerintah, akibatnya sistem whistle blower tidak akan terjadi, semuanya sistem komando. tidak ada siapa yang mengkoreksi siapa. bahkan semua karyawan nya rencananya akan dijadikan pegawai pemerintah. memang apa buruknya dengan pegawai pemerintah pengalaman saya, pegawai pemerintah itu tidak akan berani bersuara tentang keburukkan program pemerintah. karena akan bertentangan dengan kepentingan nya sendiri, dan juga ya terikat akan sumpah pekerjaan nya. well coba perhatikan di sumpah pegawai negeri khusus nya no 3 sampai habis",1598,232,negative,0.9991660118103027,kamu renung lebih jauh mbg program paling problematic paling banyak mudarat nya 1 sistem sapu jagad mbg paksa semua lingkung didik playgroup sampe sma pandang status alam gua nyusahin sekolah swasta punya program makan siang gizi duluan bayangin sekolah spp 5 10 juta bulan siswa paksa makan mbg 2 qc luar biasa buruk mbg masuk salah satu program perintah sangat rentan jarang sekali benar sektor layan publik singgung sedia makan massal hampir semua menteri badan tingkat menteri punya alam kena ini akhir apa sop bangun jalan program jalan korban jatuh miris anak anak sekolah cita cita mau beri gizi tadi 3 mbg sangat minim partisipasi publik loh apa hubung hampir semua satu layan penuh gizi kelola yayasan pribadi atau badan organisasi afiliasi perintah akibat sistem whistle blower jadi semua sistem komando siapa koreksi siapa bahkan semua karyawan rencana jadi pegawai perintah memang apa buruk pegawai perintah alam saya pegawai perintah berani suara buruk program perintah tentang penting sendiri ikat sumpah kerja nya well coba perhati sumpah pegawai negeri khusus no 3 habis,anger,0.7462596893310547
sudah terima uang brp dari george soros?,0,2 months ago,@patrickmahargyo,sudah terima uang brp dari george soros,39,7,neutral,0.9954315423965454,terima uang brp george soros,anger,0.41425031423568726
"Awas cik, yg nyinyir MBG ntar di sangka ANTEK ANTEK ASENG 😅😂",0,2 months ago,@NirArt-t3g,"awas cik, yang nyinyir mbg nanti di sangka antek antek aseng",60,11,negative,0.9934579730033875,awas cik nyinyir mbg sangka antek antek aseng,anger,0.7806299924850464
"Kak Luna yang setia saya pantengin
Sebetulnya program MBG baik tapi, harus di reset ulang

Seperti di negara lain, jadi sebagai pelaksana pihak sekolah yang menyediakan makan siang fresh untuk anak' sekolah",1,2 months ago,@sahabatahmad27,"kak luna yang setia saya pantengin sebetulnya program mbg baik tapi, harus di reset ulang seperti di negara lain, jadi sebagai pelaksana pihak sekolah yang menyediakan makan siang fresh untuk anak sekolah",204,32,positive,0.8023331165313721,kak luna setia pantengin program mbg baik tapi reset ulang negara lain laksana pihak sekolah sedia makan siang fresh anak sekolah,happy,0.7664403319358826
Telor 2 biji 30gram protein. Perlu diteliti sih telur ap itu yg dipakai 😂,0,2 months ago,@eriantotomi32,telor 2 biji 30gram protein. perlu diteliti sih telur ap itu yang dipakai,73,13,neutral,0.5640437602996826,telor 2 biji 30gram protein perlu teliti telur ap pakai,happy,0.2674717903137207
"Menarik sih ini 👍
Karena kalau sekolah yang jadi pelaksana langsung, bisa:
👉 lebih dekat ke siswa
👉 kontrol kualitas lebih jelas
👉 makanan lebih fresh
Tapi mungkin tantangannya:
👉 kesiapan tiap sekolah beda-beda
👉 kapasitas dapur & SDM
👉 dan standar kualitas harus tetap seragam
Jadi mungkin bukan sekadar “reset”, tapi lebih ke re-design sistemnya biar fleksibel tapi tetap terkontrol",0,2 months ago,@NgomonginUang,"menarik sih ini karena kalau sekolah yang jadi pelaksana langsung, bisa lebih dekat ke siswa kontrol kualitas lebih jelas makanan lebih fresh tapi mungkin tantangannya kesiapan tiap sekolah beda beda kapasitas dapur sumber daya manusia dan standar kualitas harus tetap seragam jadi mungkin bukan sekadar reset , tapi lebih ke re design sistemnya biar fleksibel tapi tetap terkontrol",382,58,positive,0.9483723044395447,tarik sekolah laksana langsung lebih dekat siswa kontrol kualitas lebih jelas makan lebih fresh mungkin tantang kesiap tiap sekolah beda beda kapasitas dapur sumber daya manusia standar kualitas tetap seragam mungkin bukan sekadar reset  lebih re design sistem biar fleksibel tetap kontrol,fear,0.3934254050254822
"​ @NgomonginUang yang menjadi pengelola bukan pihak sekolah tapi kantin/dapur yang di siapkan team MBG nya 
Dan ada kontrol yang berjalan, hal ini jelas sesuai program stunting di awal kampanyenya",0,2 months ago,@sahabatahmad27,"yang menjadi pengelola bukan pihak sekolah tapi kantin dapur yang di siapkan team mbg nya dan ada kontrol yang berjalan, hal ini jelas sesuai program stunting di awal kampanyenya",178,29,positive,0.9508914947509766,jadi kelola bukan pihak sekolah kantin dapur siap team mbg kontrol jalan jelas sesuai program stunting awal kampanye,happy,0.6280600428581238
Umur segitu lagi lucu lucunya kawan😂,0,2 months ago,@mrapolo9946,umur segitu lagi lucu lucunya kawan,35,6,negative,0.894905149936676,umur segitu lucu lucu kawan,happy,0.8154402375221252
Dan besok tahun depan 2027 jutaan guru dipecat demi keberlangsungan MBG. Murid2 dikasih makan siang gratis di sekolah tapi gurunya tidak ada. Lucu sekali negri ini,0,2 months ago,@chanwahyu2829,dan besok tahun depan 2027 jutaan guru dipecat demi keberlangsungan mbg. murid2 dikasih makan siang gratis di sekolah tapi gurunya tidak ada. lucu sekali negri ini,163,26,negative,0.9988162517547607,besok tahun depan 2027 juta guru pecat langsung mbg murid2 kasih makan siang gratis sekolah guru ada lucu sekali negri,anger,0.7866907715797424
"Program sampah, dari dtg mbg, malah harga bahan pangan jd melonjak naik ngga turun2. Program ini jg kd ajang korupsi pejabat2, sedangkan Makanan yg disajikan jauh dari kata bergizi",0,2 months ago,@syafrilsyafril8426,"program sampah, dari dtg mbg, malah harga bahan pangan jadi melonjak naik tidak turun2. program ini juga kd ajang korupsi pejabat2, sedangkan makanan yang disajikan jauh dari kata bergizi",187,29,negative,0.9968979358673096,program sampah dtg mbg malah harga bahan pangan lonjak naik turun2 program kd ajang korupsi pejabat2 makan saji jauh kata gizi,sadness,0.5994827151298523
"Tujuanya bagus baik, Maaf Pak Probowo yg di pahami, 90 persen Manusia2 pengelola MBG semuanya Akhlaqnya Maling",0,2 months ago,@suhalisuhali1849,"tujuanya bagus baik, maaf bapak probowo yang di pahami, 90 persen manusia2 pengelola mbg semuanya akhlaqnya maling",114,17,negative,0.9891096353530884,tujuanya bagus baik maaf bapak probowo paham 90 persen manusia2 kelola mbg semua akhlaqnya maling,anger,0.806488573551178
"Saya lebih setuju kalau anggaran mbg selama 5 tahun kedepan dibelikan btc semua sekarang diharga 70000$ an, dan utk anggaran 1 T perhari bisa dengan cara lending kan btc di aave/morpho atau protokol defi lainnya utk borrow usdt dan itu yg dipakai untuk anggaran mbg setiap tahun
Dengan begitu kedepannya bisa dapet anggaran 1 T perhari tanpa mengurangi jumlah btc yg dihold dan secara otomatis membayar hutang itu dengan kenaikan btc

Sekaligus menjadikan itu sebagai btc strategic reserve",0,2 months ago,@khoeron_najib,"saya lebih setuju kalau anggaran mbg selama 5 tahun kedepan dibelikan btc semua sekarang diharga 700 an, dan untuk anggaran 1 triliun perhari bisa dengan cara lending kan btc di aave morpho atau protokol defi lainnya untuk borrow usdt dan itu yang dipakai untuk anggaran mbg setiap tahun dengan begitu kedepannya bisa dapet anggaran 1 triliun perhari tanpa mengurangi jumlah btc yang dihold dan secara otomatis membayar hutang itu dengan kenaikan btc sekaligus menjadikan itu sebagai btc strategic reserve",505,79,positive,0.6415446996688843,lebih tuju anggar mbg lama 5 tahun depan beli btc semua sekarang harga 700 an anggar 1 triliun hari cara lending btc aave morpho protokol defi lain borrow usdt pakai anggar mbg tahun depan dapet anggar 1 triliun hari kurang jumlah btc dihold otomatis bayar hutang naik btc sekaligus jadi btc strategic reserve,happy,0.6216623187065125
"Proyeknya Ijo sama Coklat, ntr klo Ganti presiden MBG di Stop, pasti bakalan ngamuk  ijo sama coklat, karna udh biasa terima duit banyak.",1,2 months ago,@apriantoasyari9169,"proyeknya ijo sama coklat, nanti kalau ganti presiden mbg di stop, pasti bakalan ngamuk ijo sama coklat, karna sudah biasa terima duit banyak.",142,23,negative,0.9799395799636841,proyek ijo sama coklat ganti presiden mbg stop bakal ngamuk ijo sama coklat karna biasa terima duit banyak,anger,0.8796555995941162
"Maling berkedok gizi ga sih , puyeng dah",0,2 months ago,@KaryAlkarim,"maling berkedok gizi tidak sih , puyeng dah",43,8,negative,0.9985018968582153,maling kedok gizi  puyeng dah,anger,0.774181067943573
Setiap keputusan pasti ada opportunity cost,0,2 months ago,@AhmadJunaidi-bj3gy,setiap keputusan pasti ada opportunity cost,43,6,positive,0.451110303401947,putus opportunity cost,happy,0.7057095766067505
"Berbeda dengan negara maju di mana MBG sudah lama diterapkan dan terintegrasi dengan baik, di Indonesia program ini menghadapi tantangan logistik dan finansial yang besar. MBG di Indonesia berpotensi menjadi beban jika tidak dibarengi dengan pengawasan ketat, perbaikan infrastruktur dapur, dan efisiensi anggaran.

Program Makan Bergizi Gratis (MBG) di Indonesia sering dianggap sebagai ""beban"" anggaran dibandingkan negara maju karena perbedaan fundamental dalam kapasitas fiskal, skala geografis, infrastruktur, dan tata kelola. Sementara negara maju menerapkan MBG sebagai investasi SDM yang terintegrasi, Indonesia menghadapi tantangan eksekusi skala masif dengan dana terbatas.

Kesimpulannya jangan malu untuk berkata kita belum mampu dan siap untuk ini jadi tak perlu memaksakan diri.",1,2 months ago,@AURORA_MARGIN,"berbeda dengan negara maju di mana mbg sudah lama diterapkan dan terintegrasi dengan baik, di indonesia program ini menghadapi tantangan logistik dan finansial yang besar. mbg di indonesia berpotensi menjadi beban jika tidak dibarengi dengan pengawasan ketat, perbaikan infrastruktur dapur, dan efisiensi anggaran. program makan bergizi gratis mbg di indonesia sering dianggap sebagai beban anggaran dibandingkan negara maju karena perbedaan fundamental dalam kapasitas fiskal, skala geografis, infrastruktur, dan tata kelola. sementara negara maju menerapkan mbg sebagai investasi sumber daya manusia yang terintegrasi, indonesia menghadapi tantangan eksekusi skala masif dengan dana terbatas. kesimpulannya jangan malu untuk berkata kita belum mampu dan siap untuk ini jadi tidak perlu memaksakan diri.",804,108,negative,0.6991202235221863,beda negara maju mana mbg lama terap integrasi baik indonesia program hadap tantang logistik finansial besar mbg indonesia potensi jadi beban bareng awas ketat baik infrastruktur dapur efisiensi anggar program makan gizi gratis mbg indonesia sering anggap beban anggar banding negara maju beda fundamental kapasitas fiskal skala geografis infrastruktur tata kelola negara maju terap mbg investasi sumber daya manusia integrasi indonesia hadap tantang eksekusi skala masif dana batas simpul jangan malu kata mampu siap perlu paksa diri,sadness,0.538607120513916
"Penghancuran ekonomi Rakyat,yg.nikmat,pejabat,DPR,pengusaha,Pemimpin,Nepotisme,rakyat sudah Sekarat anda PENGKIANAT.",0,2 months ago,@Kasmir-l2j,"penghancuran ekonomi rakyat,yg.nikmat,pejabat,dpr,pengusaha,pemimpin,nepotisme,rakyat sudah sekarat anda pengkianat.",116,7,negative,0.9978489875793457,hancur ekonomi rakyat yg nikmat jabat dpr usaha pimpin nepotisme rakyat sekarat pengkianat,anger,0.8896767497062683
Kalau Waras 10 ribu dapet gizi apa.,0,2 months ago,@orang_terhebat_di_alam_semesta,kalau waras 10 ribu dapet gizi apa.,35,7,negative,0.9616186022758484,waras 10 ribu dapet gizi apa,anger,0.34540435671806335
Masyakarat nya juga gak akan sadar 😂😂😂ntar pas pemilu juga klaur isu sara nya kalau lawan nya bukan muslim 😂😂gak apa-apa koruptor dan bejat gak peduli dengan rakyat yang penting muslim pejabatnya 😂😂😂,0,2 months ago,@Ddiiwk,masyakarat nya juga tidak akan sadar nanti pas pemilu juga klaur isu sara nya kalau lawan nya bukan muslim tidak apa apa koruptor dan bejat tidak peduli dengan rakyat yang penting muslim pejabatnya,197,33,negative,0.9896442890167236,masyakarat sadar pas milu klaur isu sara lawan bukan muslim apa apa koruptor bejat peduli rakyat penting muslim jabat,anger,0.7280601859092712
"GUE NYESEL MILIH PRABOWO
Sumpah, ini mertua sama menantu kagak ada bedanya njiirr.
Setidaknya Soeharto Cerdas.
Yang ini lebih ke Keras Kepala, Nggak Peduli, yang penting gengsi terjaga, kalo ngeritik lu di sikat, merasa paling pinter. Dan NPD narsistik",0,2 months ago,@SeruniMumbul-j2b,"saya nyesel milih prabowo sumpah, ini mertua sama menantu kagak ada bedanya njiirr. setidaknya soeharto cerdas. yang ini lebih ke keras kepala, tidak peduli, yang penting gengsi terjaga, kalau ngeritik kamu di sikat, merasa paling pinter. dan npd narsistik",256,39,negative,0.9969911575317383,nyesel milih prabowo sumpah mertua sama menantu kagak beda njiirr soeharto cerdas lebih keras kepala peduli penting gengsi jaga ngeritik kamu sikat rasa paling pinter npd narsistik,anger,0.8722732067108154
MBG itu Beban Negara+Ladang Korupsi😏,1,2 months ago,@liin5367,mbg itu beban negara ladang korupsi,35,6,negative,0.9921790361404419,mbg beban negara ladang korupsi,anger,0.48243245482444763
kalau masalah pembangunan infra sekolah tertinggal ini masalah klasik. mau digelontorkan berapa ratus Triliun kalau hati nurani penyelenggara negara dan yang terkait masih busuk. dana tersebut ga akan pernah sampai ke target secara penuh.,0,2 months ago,@tigasatudesember-masmmaw,kalau masalah pembangunan infra sekolah tertinggal ini masalah klasik. mau digelontorkan berapa ratus triliun kalau hati nurani penyelenggara negara dan yang terkait masih busuk. dana tersebut tidak akan pernah sampai ke target secara penuh.,241,34,negative,0.9977522492408752,masalah bangun infra sekolah tinggal masalah klasik mau gelontor berapa ratus triliun hati nurani selenggara negara kait busuk dana sebut pernah target penuh,anger,0.6029108762741089
"China aja yang APBNnya 64.000 T pertahun buat makan bergizinya cuma 25 T, itu karena cuma subsidi buat yang miskin bukan makan gratis 😂 lah konoha APBN nya cuma 3000 T dana MBG 335 T 😂",0,2 months ago,@tesaja1237q,"china aja yang apbnnya 64.00 triliun pertahun untuk makan bergizinya cuma 25 triliun, itu karena cuma subsidi untuk yang miskin bukan makan gratis lah konoha anggaran pendapatan belanja negara nya cuma 300 triliun dana mbg 335 triliun",234,37,negative,0.8587092757225037,china apbnnya 64 00 triliun tahun makan gizi cuma 25 triliun cuma subsidi miskin bukan makan gratis konoha anggar dapat belanja negara cuma 300 triliun dana mbg 335 triliun,anger,0.7277605533599854
Pemerintah yang menjalankan bisnis bersaing dengan  rakyatnya sendiri !,194,2 months ago,@saifulanwar2095,pemerintah yang menjalankan bisnis bersaing dengan rakyatnya sendiri,68,8,negative,0.5995199084281921,perintah jalan bisnis saing rakyat sendiri,happy,0.6903876066207886
Proyek MBG ini jadi patronase politik Krn yg terlibat dlm proyek ini semua teraffiliasi dg kekuasaan. Dan yg dikuatirkan bbrp jadi tempat Pencucian uang secara legal jika Tdk ada pengawasan independent. Dari dana yg cukup besar sangat TDK sebanding dg menu yg diperoleh siswa  Seharusnya  MBG ini saat ini cukup utk daerah 3T saja,0,2 months ago,@kbadjra7187,proyek mbg ini jadi patronase politik karena yang terlibat dlm proyek ini semua teraffiliasi dengan kekuasaan. dan yang dikuatirkan bbrp jadi tempat pencucian uang secara legal jika tidak ada pengawasan independent. dari dana yang cukup besar sangat tidak sebanding dengan menu yang diperoleh siswa seharusnya mbg ini saat ini cukup untuk daerah 3 triliun saja,360,55,negative,0.9938076138496399,proyek mbg patronase politik libat dlm proyek semua teraffiliasi kuasa dikuatirkan bbrp tempat cuci uang legal awas independent dana cukup besar sangat banding menu oleh siswa mbg cukup daerah 3 triliun,anger,0.5686478614807129
Kepala BGN mirip setanyahu,0,2 months ago,@seputarjamtangan3463,kepala badan gizi nasional mirip setanyahu,42,6,neutral,0.9976703524589539,kepala badan gizi nasional mirip setanyahu,sadness,0.34140974283218384
Kalau sdh tdk ada utang lagi,0,2 months ago,@AhmadYani-l7m2e,kalau sudah tidak ada utang lagi,32,6,neutral,0.9203850030899048,utang,sadness,0.482456773519516
Emg wowo ini kebijakan bikin beban semua,0,2 months ago,@rena6907,memang wowo ini kebijakan bikin beban semua,43,7,negative,0.9974002838134766,memang wowo bijak bikin beban semua,anger,0.5928506851196289
"Kalau menurut gue biar dulu stategi mbg ini jalan, terus diperbaiki ( masa evaluasi) , misalkan kadar gizinya diperbaiki, oknum2 culasnya dibenahi, termasuk evaluasi mbg fi pulau jawa sepertinya harus di lepas, pindahkan ke pulau lain  mungkin bakalan lebih berguna. Terkait pendidikan ketika mbg sudah berjalan dengan baik (system, prosedur, dan kadar gizi sudah baik) baru fokus ke pendidikan",4,2 months ago,@Multazam-Cups,"kalau menurut saya biar dulu stategi mbg ini jalan, terus diperbaiki masa evaluasi , misalkan kadar gizinya diperbaiki, oknum2 culasnya dibenahi, termasuk evaluasi mbg fi pulau jawa sepertinya harus di lepas, pindahkan ke pulau lain mungkin bakalan lebih berguna. terkait pendidikan ketika mbg sudah berjalan dengan baik system, prosedur, dan kadar gizi sudah baik baru fokus ke pendidikan",389,58,positive,0.5559845566749573,biar dulu stategi mbg jalan terus baik masa evaluasi  misal kadar gizi baik oknum2 culas benah masuk evaluasi mbg fi pulau jawa seperti lepas pindah pulau mungkin bakal lebih guna kait didik mbg jalan baik system prosedur kadar gizi baik baru fokus didik,sadness,0.48926016688346863
"Mending kayak malaysia yang gak mampu dapet subsidi uang tunai sekitar 1 juta dan yang agak mampu dpt 300-500 rb untuk beli bahan pokok makanan, lebih berguna plus perputaran uang umkm bisa lebih berjalan (ini yang punya MBG makin kaya yang umkm makin sepi jualannya)",0,2 months ago,@muhhamad100,"mending kayak malaysia yang tidak mampu dapet subsidi uang tunai sekitar 1 juta dan yang agak mampu dapat 300 500 ribu untuk beli bahan pokok makanan, lebih berguna plus perputaran uang usaha mikro kecil menengah bisa lebih berjalan ini yang punya mbg makin kaya yang usaha mikro kecil menengah makin sepi jualannya",315,52,positive,0.9632234573364258,mending kayak malaysia mampu dapet subsidi uang tunai 1 juta mampu 300 500 ribu beli bahan pokok makan lebih guna plus putar uang usaha mikro kecil tengah lebih jalan punya mbg makin kaya usaha mikro kecil tengah makin sepi jual,anger,0.3977441191673279
ya wes sing waras ngalah! 58% itu banyak banget jangan sampai ribut dgn sesama bangsa sendiri .,0,2 months ago,@deddyrahmadsurya9072,ya wes sing waras ngalah 58% itu banyak banget jangan sampai ribut dengan sesama bangsa sendiri .,97,17,negative,0.9986604452133179,wes sing waras ngalah 58 banyak banget jangan ribut sama bangsa sendiri ,anger,0.9768427610397339
"makin kesini makin error pemerintah Indonesia nya
dah yang paling bener Indonesia bubar aja lah",0,2 months ago,@Malasmandi-j5m,makin kesini makin error pemerintah indonesia nya dah yang paling bener indonesia bubar aja lah,95,15,negative,0.9990049004554749,makin kesini makin error perintah indonesia dah paling bener indonesia bubar,sadness,0.36932554841041565
Bagus programnya tapi dapur masih tersentral di kota semoga kedepannya bisa merata di wilayah kabupaten dan khususnya ke daerah 3T,1,2 months ago,@daudmaulana896,bagus programnya tapi dapur masih tersentral di kota semoga kedepannya bisa merata di wilayah kabupaten dan khususnya ke daerah 3 triliun,137,21,positive,0.9210222363471985,bagus program dapur sentral kota moga depan rata wilayah kabupaten khusus daerah 3 triliun,happy,0.713314950466156
