comment,likes,time,author
"Program MBG seharusnya hanya untuk daerah terpencil, terperosok dan tertinggal dan tidak di setiap daerah di Indonesia. Output dan outcome belum jelas muatan substansinya dan belum ada indeks tolok ukur yang jelas untuk output dan outcome nya, alih alih tercipta output dan outcome tetapi malah justru membebani anggarsn negara. Ironisnya para yayasan pengelola  atau mitra dapur SPPG justru “kroni” penguasa sehingga tidak memberi kesempatan UMKM. Program MBG resistensi terjadinya pemborosan keuangan negara atau bahkan mungkin kerugian negara",0,5 days ago,@suryautama578
"Mari kita lihat kembali Janji  3 capres ketika Kampanye di sesi debat terbuka.

1 Anis B  Capres No 1
Janji politiknya adalah perubahan selalu perubahan, tapi perubahan yg bagaimana tidak jelas   adalah janji  kosong asal janji  tidak punya magna.

2 Prabowo S Capres No2
Janji politiknya adalah Makan siang Gratis untuk anak sekolah dalam upaya Perbaikan Gizi.

3 Ganjar P  Capres No 3
Janji politiknya adalah Pendidikan gratis untuk keluarga miskin berperestasi sampai tingkat perguruan tinggi dalam rangka rakyat mendapatkan hak pendidikan, dan layanan kesehatan gratis bagi lansia yg tidak punya penghasilan

Dari 3 capres ini kita bisa menilai secara obyektif   menyimpulkan janji politiknya capres yg realitis dan tepat dengan kondisi indonesia saat ini_

Kalau kebijakan presiden terpilih Prabowo  banyak yg tidak tepat   yg salah yg milih  hampir 60℅ pemilih.",0,6 days ago,@hadiarifin3303
Klu dessa d kota oke sesuai kebijakan tapi desa di luar kota itu di nipolasi semua oleh kepala daerah periksa saja klu gak percaya,0,9 days ago,@AtotAndreas
"335T pertahun, berarti 1,675 Kuadriliun per-satu masa jabatan pak wowo. fyi, jumlah segitu kurang lebih setara sm nilai investasi Nvidia buat pengembangan pusat data super berskala global dan infrastruktur komputasi AI di masa depan.
kurang mindblowing apa coba, dana yg cukup buat jalanin proyek berskala global dan berpotensi ngasih dampak signifikan ke industri di era modern, eh org kita mlh milih all out buat muasin ego realisasi program kampanye yg berpotensi jd ladang basah korupsi nasional😂",0,11 days ago,@achmadhusein389
Negara gagal,0,13 days ago,@mytubeid8834
"Pasti parpol yg tergabung nikmati hasil korupsinya,dg dalih beri makan anak sekolah tanpa proses akademesi jelas ngawur tdk profesional,presiden ngotot diteruskan tanpa  dicek hasilnya,benar maling kedok mbg.",0,2 weeks ago,@jakasusila4522
"Menaikan ekonomi pemilik mbg, merusak ekinomi seluruh indonesia.
😊",0,2 weeks ago,@TonyRush-uq8zf
Modal wowo ngejar koruptor ke Antartika,0,2 weeks ago,@Baning1234-c3m
lihat saja kedepan nya nanti 😊 yang pasti ekonomi mulai berjalan yang pasti petani harus lebih giat lagi apa pun itu,0,2 weeks ago,@romina6907
Seolah negara Indonesia hnya milik mereka2 saja..makan kenyang uang ngalir terus..,0,2 weeks ago,@parmiaryani4990
Program untuk korupsi,0,2 weeks ago,@parmiaryani4990
Ini sangat membantu,0,2 weeks ago,@RealMostchslime2
"800 juta dana anggaran opini publik pakai apbn, mana ko gada yang bela mbg dana nya kemana",0,2 weeks ago,@reyy174
Mbg pentas nya buat makan kucing 😂,0,2 weeks ago,@ikahsantikah5786
"300 trilyun lebih yg sampai ke masyarakat tdk lebih dr 30%.
Mending kasih rakyat org tua murid & org miskin. Insya Allah bermanfaat dan berdampak pd ekonomi kerakyatan... 
Iya ngga seh...?",0,3 weeks ago,@ayodhiaanto8215
Program menghamburkan uang rakyat 😭😭😭,0,3 weeks ago,@faizandries2897
MBG adalah progam konyol,0,3 weeks ago,@CikoJuli-j9g
Dana trilyunan cuma jadi tinja,0,3 weeks ago,@CikoJuli-j9g
Kalau saya MBG gak ada manfaatnya tmpat ladang korupsi,0,3 weeks ago,@CikoJuli-j9g
Anaknya makan gratis di skolah. Di rumah ibunya pusing belanja ke pasar harga naik untuk bikin masakan di rumah,0,3 weeks ago,@mustofaenalachjri6633
MBG bikin lembaga sekolah kyak barak barak militer yg menyediakan makanan untuk tentara dlm Susana perang,0,3 weeks ago,@gemuruhchannel9524
Kalau mau menutup Mbg harus sama presidenya baru bisa tutup MBG,0,3 weeks ago,@CahyaSaputra-c7t
Program mbg hanya untuk memperkenyang perut para elit koruptor ttup aja mbg abisin anggaran pajak rakyat,0,1 month ago,@IanIkhsan-fv2qj
MBG ltu program untuk mengamankan kursi 2029.,0,1 month ago,@suwardi3248
Makan gratis terus saja sampai ko suksesss nak😅,0,1 month ago (edited),@etrymatutu6635
apane menguntungkan petani dan peternak. Orang mayoritas malah impor dari luar. Atau bahan baku dari korporasi2 pabrik raksasa tertentu,0,1 month ago,@fahmiarofi4237
"Bubarkan MBG...
bubarkan MBG
Bubarkan MBG...",0,1 month ago,@Athaya931
"Rakyat itu dah tahu bahwa program MBG itu membawa hal negatip dan negatip...
Dan TDK menguntungkan rakyat..
Malah menjadi beban rakyat.
itupun yg di untungkan orang kaya dan pejabat aja..
Lihat aja dan semakin secara detail...
Yang kaya semakin kaya..
Dan itupun akan membawa dampak hancurnya ekonomi Indonesia...
Hampir 85% rakyat menolak adanya MBG..
Karena bikin susah dan resah kepada rakyat..
Bubarkan MBG..",0,1 month ago,@Athaya931
Mbg bisnis para orang orang berduwit.,0,1 month ago,@AldiyusufPurnama
Mbg. Proyek. Korupsi.   Gila. Gilaan   stop. Lah. Uang. Rakyat. Hasil. Pajak,0,1 month ago,@AsepBasit-jb2jd
"Bagi rakyat MBG itu di nilai negatip...
karena MBG suatu yg sangat merugikan rakyat...
Dan yg di untungkan cuma orang kaya dan pejabat...
Ini menjadikan suatu bisnis dan proyek yg di berikan pemerintah tapi cuma orang kaya dan pejabat...
Rakyat kecil cuma jadi penonton dan pendengar...
Tapi dampak dari MBG besar sekali...
1.Menguras anggaran yg sangat besar.
2..merugikan rakyat kecil.
3.Tidak manfaatnya.
4. bahan pokok naik.
5.Pendidikkan di asingkan.
6.Kesehatan juga di kalahkan.
7. Dan masih banyak dampak dari MBG...
Padahal gak pada di makan, masih menguras anggaran.
Itupun yg di untungkan orang kaya dan pejabat..
Pemerintah koclok dan koclok...gak di pikir matang matang...
Ini suatu kegagalan dalam pemerintah saat ini....
Bubarkan MBG...",0,1 month ago,@Athaya931
"Awalnua bagus sihh rencananya tapi saat di jalankan mulai lahh sifat penjajah aslinya muncul para pegusaha yg niatnya untuk memutar ekonomi rakyat bawah nyatanya semua belanjaan berkerja sama dengan pengusaha lain bukan mengambil dari lokasi berdirinya MBG, yg awalnya juga membuka lapangan kerja nyatanya hanya untuk orang terdekat yg mendirikan MBG, yg awalnya tentang gizi sekarang menyebar sampai ke kendaraan operasional di saat badan pemerintah dan badan negara lainnya yg harus mengerem pengeluaran/ efisiensi, harus nya ada tim audit dari negara yg mengecek apakah dana tersalurkan dengan benar atau ada permainan😊 kalau ada permainan di dalam saya harap semua transparan kepada masyarakat jangan biarkan  penjajah muncul dari bangsa sendiri😊",0,1 month ago (edited),@pa4893
Ngotot mbg karena tak bisa dengar lihat dan mikir jeritan  rakyat,0,1 month ago,@CahyaSaputra-c7t
Praktek korupsi yg terselubung,0,1 month ago,@randosijabat3325
Aneh program persiden emangtidakada kerjaan?ujug ujug bikin dapur nasional emang rayat yangmana yansedang kelaparan? Inimah kerjaan anak SD anehhh😂,0,1 month ago,@DaskamsumartoDaskam
Gue mau para pekerja mbg gak ikut pemilu. Kalo ikut pemilu jelas mereka akan memilih prabowo lagi karena kalo enggak mereka akan kehilangan pekerjaan dan hal ini jadi membuat pemilu besok gak demokratis lagi,0,1 month ago,@turtelepratama6112
Potensi korupsi ya gila,0,1 month ago,@AndriKevinKevin
Bapak ibu Dewan² perwakilan Pada kemana ini... Kok gak ada yang bersuara,0,1 month ago,@BaLuGu_99
Terbesar dan terbusuk dan terbodoh dari rezim prabowo....,0,1 month ago,@suparyanto985
"Sayang sekali uang ratusan terliun hanya jaditai, ini mau niru cerita nabi sulaiman yg mau memberi semua mahluk, tapi kalau nabi pake duit sendiri dan pada akhirnya dia juga angkat tangan",0,1 month ago,@azam2241
"Kampanye ""food waste"" sekarang malah terkendala dengan adanya makanan sisa embege. Berapa ompreng yg tersisa gara2 penerima manfaat tidak mau menghabiskannya 🙄",0,1 month ago,@boimbaelah
"langsung cepetin speed nya 1,5 x 😅",0,1 month ago,@FaidzinFirdhaus
Napa di sekolah ku belum ada😢,1,1 month ago,@CobaLagiplay
"Jdi beban negara ,bahan baku setiap tahun harga naik dan tidak mungkin akan cukup dg 15rb ,qrtinya beban anggaran akan naik dan jadi beban berat ,itu kenapa banyak paorsi yg tidak standar gizi ,ujung ujung nya stanting takan teratasi.",0,1 month ago,@tangtaryana87
Yg dimakan para murid 20% peralatan 20% 60% buat bancakan rebutan para maling,0,1 month ago,@adxnt8370
BOHONG PAK PRABOWO KARENA SETIAP KECAMATAN HAMPIR ADA 25 TITIK DAPUR YANG ACC OLEH KEPALMPG PUSAT KARENA DI KASIH UANG SEDANGKAN SASARAN SISWA SANGAT TERBATAS AHIRNYA DALING JARAH MENJARAH UANG LEMAH GAK MAU RIBUT MENYERAH APA ADANYA AHIRNYA KWALITASNYA RENDAH KARENA SEMUA DI ACC YANG PENTING ADA SETORAN KE PUSAT,0,1 month ago,@PadisPadis-l7l
"Program bagi2 jatah korupsi.....lihat aj pengadaan motor listrik yg 1,2t, bhkan mntri keuangan aj gk tau ujug2 barangnya nongol dg anggaran 1,2t, trus pengdaan kaos kaki dll, hnya bagi2 duit",0,1 month ago,@suharlisawir2848
SeBERGIZI apa MBG?,0,1 month ago,@prayogi5396
beban negara,0,1 month ago,@Vazo808x
Percuma mengkritik menghujat orang tak bermoral,0,1 month ago,@CahyaSaputra-c7t
7 presiden  rakyat tidak hidup sengsara setelah Prabowo jadi presiden rakyat hidupnya makin sengsara,0,1 month ago,@CahyaSaputra-c7t
"MBG proyek tahan malu,  terlanjur janji omon2 sambil ngibulin 58% yg malas berpikir cerdas.",0,1 month ago,@Arif.Prasetyo-it8qv
"MBG proyek tahan malu,  terlanjur janji omon2 sambil ngibulin 58% yg malas berpikir cerdas.",0,1 month ago,@Arif.Prasetyo-it8qv
Bukan MBG tapi MUPR (makanan uang pajak rakyat),0,1 month ago,@Majups
"Kalau maha siswa anaknya orang mudah cari makan, jadi. Nggak bingung",0,1 month ago,@BapakKrawan
Saya pernah tidak makan. Mulai pagi sampai sore ikut gerak jalan tumpang Malang sampai pagi baru diberi makan badan sampai dredek ya karena saya anaknya orang nggak punya,0,1 month ago (edited),@BapakKrawan
Makan Dibarak TNI itu lo banyak yang iri hati pemasak apalagi MBG,0,1 month ago,@BapakKrawan
Tidak semua anak pagi bisa makan ada anak Mts negri rejoso Pasuruan ibunya  tidak punya pekerjaan nenek jual kue ditaruh di warung itu lo bisa sekolah,0,1 month ago,@BapakKrawan
Sebagai petani saya setuju dgn program mbg karena bisa menyerap hasil dari pertanian terutama sayur dan buah. Intinya yang penting Brantas tuntas para koruptor. Jika pemerintah berhasil memberantas korupsi jangankan mbg untuk para siswa seluruh WNI dikasih mbg pun ada kok uang. Indonesia banyak hutang bukan karna indonesia miskin tp krna pejabatnya banyak yang korup.,0,1 month ago,@RanggaNaufalino
"program MBG ini program yg sangat TDK berguna bagi rakyat banyak...
sebetulnya ini program gagal...tapi kok masih di pertahankan...
presidennya sampai GK memperdulikan, bahwa MBG itu sangat membahayakan nyawa anak didik di Indonesia...
Bubarkan MBG...",1,1 month ago,@Athaya931
"fun fact: dasar hukum pelaksanaan MBG yaitu Perpres Nomor 83 Tahun 2024 tentang Badan Gizi Nasional (BGN), yang mana yang menetapkan peraturan tersebut adalah Pria Solo (bisa dicek sendiri di JDIH)",0,1 month ago (edited),@virdiawanip2278
Program TAINISASI,0,1 month ago,@AzamAzamsyahputra
"Waktu dia masih jadi aktif tentara ajah banyak yg ngk mau kalau dia menjabat pangkat tinggi karena ngk mau mendengarkan nasihat orang lain , nah skrg udah pada kerasa kan gimana keras kepala nya nih orang setelah menjadi orang no 1 di indonesia
Gusdur ajah bilang kalau dia itu ngk boleh di kasih kekuasaan",1,1 month ago,@immanuelpurba7271
"Atasi stunting koh MBG anak sekolah,  kuliah di mana ya...",0,1 month ago,@igirpuntuk8038
PROGRAM MENGGARONG UANG RAKYAT,0,1 month ago,@ismadi471
Selanjutnya tolong bahas dan teliti tentang koperasi merah putih buk,0,1 month ago (edited),@ash8149-d9s
"Kalau saya mbg merusak UKM
Dan melambung nya sayuran",0,1 month ago,@MSNOODLE-m4n
Tutup neres,0,1 month ago,@HardiyantoWsb
"2:07 miliar apa triluan nih gak masuk anggal anggaran 268 triluan bukan negara Amerika,",0,1 month ago,@elzafadli2764
Banyak orang gila.,0,1 month ago,@supenoeno8255
"SEKOLAH BANGUNAN JELEK
DAPUR MBG BAGAI VILLA
JEPANG MAJU KARENA ILMU PENGETAHUAN, IRAN MENYUSUL DENGAN TEKNOLOGI
INDONESIA DENGAN MBG, ITU JUGA DIKORUPSI GAK SESUAI NOMINALNYA
IDE T0L0L SIAPA ITU?
🤣🤣🤣",0,1 month ago,@khabibnurmagomedov3682
MBG ladang korupsi atas Nama Negara,0,1 month ago,@budisukahar-q6k6j
Kangen rocky gerung 😅😅😅...,0,1 month ago,@chanelapaajaboleh9637
"MBG ladang kurupsi,pintar menciptakan ladang kurupsi.",0,1 month ago,@Dedi-h7o
"Tidak ada maanfaat sama sekali.....

Mendingan dana mbg itu untuk guru guru yang mengajar gaji yg tidak sesuai.....

Guru itu napasnya indonesia...tanpa guru dunia tidak akan berkembang",0,1 month ago,@muhammadiqbalkopong3448
"Semoga cma pas wowo menjabat aja, selesai jd persiden,bubarin,😢 semoga sblm selesai pemilu bubarin aj, kebanyakan mendarat nya",0,1 month ago,@harisfauzi8516
"MBG ini yha untuk kamu dan yang kamu percaya yaitu si kepala BOTAK untuk menjalankan korupsi secara terang terangan, kan masih ada lagi yang direkayasa yang ada kaitanya MBG untuk bisa dikorupsi, inilah pemimpin kita yang sangat rakus.",0,1 month ago (edited),@Junaedi-u1x
"Fakta korupsi, udah se gede megalodonpun tetap bakal dibela sama prabowo, ingat yg ga ngedukung MBG adalah antek"" asing😅😅😅",0,1 month ago,@angeldewi85
Tdk akan pernah puas apa yg di lakukan pemerintah bagi penghianat bangsa dan pembenci yg g suka lihat negara sendiri berkembang atau maju😏 untuk pak Prabowo dan pemerintah semangat terus berjuang untuk rakyat💪🇮🇩👍,0,1 month ago,@ummamahevintasaupan2765
"MBG itu potret ketidakmampuan pemerintah dalam memperbaiki perekonomian negara. Seolah2 masyarakat dikasih lihat, negara Indonesia ini sejak dibawah pemerintahan prabowo hebat Indonesia bisa memberikan makan bergizi gratis, ekonomi Indonesia surplus. Semuanya dgn cara membelanjakan uang pajak rakyat😂. Dan itu disebut makan bergizi gratis 😂. Disamping itu pemerintah gak mau ngurusin investasi yang menurun dan lapangan kerja yang sedikit, pemerintah selalu mengelak kalo itu semua karena angkatan kerja Indonesia yg tidak kompeten.",0,1 month ago (edited),@InNdraiyud
"Betul tuh min ngomu, jika masa perang dunia 3 yang menolak food estate dan MBG akan diberlakukan seperti kampanye patriotic grow inggris masa perang dunia 2 nanti di lapangan sepakbola, trotoar bahkan balkon untuk tanam sendiri",0,1 month ago,@adita6572
"kalian bisa ngebayangin ga ? 
duit judol ribuan triliun kalau langsung di sita bakal seheboh apa ?
nah ini cara halusnya 
rapi , terlihat dermawan dan duit landing dengan aman 😂,",0,1 month ago,@ANONCXTYU
MBG Baik hanya sedikit tidak masuk akal. Hanya menerapkan kebijakan Tidak ada reset mendalam. CARI MITRA DALAM PENGELOLAAN PUTAR RODA EKONOMI SECARA MAKSIMAL LELANG UNTUK MENGOLOA MBG SECARA INDIVENDEN,0,1 month ago,@SawiChibi
"najis pilih wowo lagi,gara2 MBG harga pada mahal,ekonomi menengah k bawah menjerit.perputaran uang cuma dari pemilik MBG grosir ke atas,pasar sama warung mah,cuma nonton ke tololan prabowo.",0,1 month ago,@mozagege44
"Proyek orang gede, yang miskin makin terjepit...",0,1 month ago,@Tirta260189
Waw luar binasa 🎉😂,0,1 month ago,@rinahrinah3462
"MBG adalah beban negara, lebih baik di hapus saja",0,1 month ago,@AhmadCarita-xx3qv
"katanya tujuan MBG salah satunya adalah penurunan angka stunting. Setahu saya, stunting itu bisa terjadi sejak anak masih dalam kandungan ibunya hingga balita, dan sudah seharusnya  MBG ini sebagian besar fokusnya adalah di sektor kesehatan pada balita, ibu hamil, dan menyusui. fokus ke situ, dan untuk anak-anak sekolah bisalah dipilah dan dipilih mana yang yang paling memerlukan, sehingga lebih tepat sasaran dan hemat anggaran sehingga porsi makanan yang diberikan bisa lebih berkualitas. dan kalau katanya untuk sektor ekonomi/ UMKM, kayaknya SPPG sudah punya ""kontrak"" khusus dengan penyedia bahan baku makanannya yang mau diajak kerja sama. artinya sudah ""dimonopoli"" oleh satu pihak/penjual",0,1 month ago,@heriberbagi029
"mbg gak ada manfaat nya mbg program maling, koruptor, program gagal, cepat 5 th, trus ganti persiden yg bisa melepaskan rakyat dari kemiskinan dan memberantas koruptor yg menjamur di pemerintah han Indonesia",0,1 month ago,@rozak-u2z
"Percuma mau 300jt rakyat teriaak stop MBG tiap hari, kalo DPR nya diem aja ga ada yg mewakili suara rakyat. Sudah busuk dari dalem pemerintahannya. Masa pemerintahan ga ada oposisi sama sekali? Dan rakyat jg diem aja ga punya daya ga bs protes turun ke jalan. Tinggal tunggu kehancuran kah?",0,1 month ago,@gRacieBerry89
Di tempatku tinggal aja. Gak ada MBG MBG an.,0,1 month ago,@zani-vv1vm
"Anggaran negara abis di korup sama pejabat ,Bawak Bawak nama MBG untuk menghilangkan dalangnya,",0,1 month ago,@RikoArdiansyah-y1r
"Harus lebih banyak belajar nya dri pada makannya, makan bergizi nggk salah, di luar negeri makan bergizi itu ada tpi dapur nya itu di skolah di kelola di skolah, klo dapur nya di luar kemungkinan besar di korup yaa ada",0,1 month ago,@muhammadsyaiful13
"makanya kalau tujuannya meningkatkan ekonomi rakyat dan juga untuk meningkatkan gizi anak. cukup 
1. gunakan kantin sekolah. buat menu tetap ke kantin (pesanana). nominal pembelian adalah nominal normal harga beli disetiap daerah. kantin akan belanja di pasar. 
mekanisme pengawasan dari pihak MBG dan sekolah secara langsung, bukan sistem tender, melainkan sistem belanja sekolah secara nyata di lingkungan sekolah. dampaknya jelas ke seluruh jaringan masyarakat. dan untuk pengawasan tidak tercentral melainkan terjadi dari berbagai pihak. dan keikut sertaan sekolah dalam peran menjaga kualitas akan sangat penting mengingat merekalah yang mengetahui anak secara langsung jadi misalkan ada anak yang alergi makanan tertentu akan disesuaikan menunya dengan kebutuhan anak. hal ini akan semakin padu karena data hadir tidak hanya dari pusat, tapi bahkan dari tenaga pendidik dilapangan. 
kalau tujuannya bukan sebatas memelihara kantong suara untuk masa depan pemimpinnya.",0,1 month ago,@AdiYTWord
"Bagi petani pun tidak berdampak karna mereka belinya pun dari suplayer besar bukan dari petani kecil, terus dapur sppg juga beli bahan baku dg harga murah tapi sama mereka di markup harga di nota nya",0,1 month ago,@asepagungofficial
Bukan penggerak ekonomi rakyat tapi penggerak ekonomi pemilik dapur,0,1 month ago,@asepagungofficial
Badan ngrampok duit rakyat kere,0,1 month ago,@ariwibowo7922
"menurut gw MBG itu bukan investasi untuk masa depan anak bangsa, tapi MBG itu investasi untuk rezim atau kelompok tertentu untuk mendapatkan lebih banyak suara di periode selanjutnya",1,1 month ago,@ripandarimars
Pemilihan presiden masih lama ya ?,0,1 month ago,@dimashekmatyar1439
"Setelah tau program ini jadi ajang korup masal, sejak saat itu juga ayah sama abang ga mau lagi suplai semangka dan melon ke mereka.
Alhasil mereka nyari buah buahan sampe keluar daerah..😂",0,1 month ago,@nurrifdah7193
"pemilik dapur sppg setahu saya hanya milik orang yg punya koneksi ke partai pemenang, kemudian belanja kebutuhan sppg ratarata langsung ke distributor, sama ke penjual partai besar,, pedagang kecil gak dapat manfaat dari progam ini",0,1 month ago,@NurBasyar
Penggerak ekonomi masyarakat kau kasih dana langsung ke masyarakat,0,1 month ago,@Timbul-g2w
"Proyek kurang ajar, sudah seharusnya prabowo di turunkan",0,1 month ago,@Timbul-g2w
"Anak2 dikasih makan 1x sehari dengan nilai 10k-8k, tapi orang tua menghadapi inflasi bahan pokok. bahkan ayam naik 10k/kg, lebih besar tanggungan inflasi dari pada nilai makan bergizi yang cuma 1x, entahlah mereka mikir atau tidak",0,1 month ago (edited),@isee5599
"Terimakasih sudah memberikan edukasi, smoga banyak masyarakat sadar",0,1 month ago,@alfazzachanel4064
"Dari duit segitu banyaknya dripada dikorupsi para elit ,ya mending di salurkan ke rakyat menengah kebawah lahh.. ada pekerjaan para bocah bisa makan bergizi. Yaa cumaitu pelaksanaannya diperbaiki lg.",1,1 month ago,@YusufAbzul
ladang korupsi baru,0,1 month ago,@auliarisky7
Bukan untuk rakyat tapi bisnis para pejabatnya😂,0,1 month ago,@helmifajar138
Komen gue sama kek kalian. Thanks udah speak up,0,1 month ago,@saifuzzuhri6272
ini lo orang butak yg ngeyel mslh  mbg ruweet ni malh beri montor pegawe rakyat susah,0,1 month ago,@mbahronggo3960
"Walaupun anak saya dua duanya dapat jatah MBG tapi saya tidak setuju dengan adanya MBG,sebab sangat tidak berpengaruh dalam kehidupan ekonomi keluarga saya,nyatanya uang saku anak anak saya tetap walaupun dapat jatah makan siang dr MBG.lebih baik MBG di hentikan dan dialihkan ke pendidikan gratis.",0,1 month ago (edited),@suliswanto3714
"BKN gratis Rkyt yg byr MBG tmpt Sarang Koropsi makin lama makin GK karuwan Nasi basi , LELE mentah dikshkan Otak jeblok MBG hrs di hentikan lgi byk yg keracunan byk yg SDH ditolak",0,1 month ago,@JasmiFc-u1p
Btw presiden itu bisa dipecat lho. Tolong komen siapa yg tau apa syarat dan gimana caranya mecat presiden,0,1 month ago,@vhruliciouz
PROGRAM TOLLLLLLeransi tinggi terhadap anak,0,1 month ago,@mangaguzsh8664
Barang naik mbg tambah dikit,0,1 month ago,@isnanang7563
"Berdasarkan kejadian yang sudah sudah, buat saya MBG jelas program megakorupsi yang dilegalkan. Dibilang manfaat ya manfaat buat dapur, ordal lagi ordal lagi. Apalagi polisi tni kok punya dapur, makin mantap kan. Dilihat dari hal paling remeh pun, orang ga bisa nyetir juga jadi supir mbg, kurang kocak apalagi?",0,1 month ago,@deepestsagara
Rantai korupsi semakin banyak,0,1 month ago,@champkanjenk5925
Saya dukung MBG 100%..🔥🔥 semoga sy di ajak kerja di Sppg 😅😅,0,1 month ago,@alinur9365
Program ini harus di hentikan,0,1 month ago,@Malaba21
Ukaem remuk bikin pusing pedagang kecil,0,1 month ago,@BossCeer10
Beli motor listrik lagi😂😂😂buat apa sedangkan 1 porsi 10 ribu mahalan makanan kucing bobi prabowo,0,1 month ago,@robiobe8672
Tidak bermanfaat hanya buang buang uang negara yang memaksa wajib pajak 😢😢😢,0,1 month ago,@UsmanAlex-rm1ww
Ladang korup51😢😡. Dari atas sm paling bawah. Yg tdk berhak mendapatkan pun dpt mbg yg penting ada 0rd4l,0,1 month ago,@Muh.Raihan-cd8yk
Ini lebih ke bisnis dan ngabisin uang negara 😂,0,1 month ago,@r.m.gchanel9355
"Tidak berman pa at , anak sekolah pintar di didik oleh guru  bukan dari makanan beracun atau mbg , bohong itu rakyat gapercaya itu akal akalan prabowo ,tai lu",0,1 month ago,@TaTang-lc7pm
"Dipaksa ada pas puasa aja janggal banget, jelas banget biar dana nya diambil terus +  pasti pemilu besok bakal diungkit ungkit (padahal gak ada yang  minta waktu itu🤡)",0,1 month ago,@jelipoter
"MBG Habisin duit Triliunan rupiah dari pajak rakyat habis di kloset, lalu perputaran ekonominya dimana...???",0,1 month ago,@Arniltola14
"setuju sih lebih butuh pendidikan daripada MBG ini, gua alhamdulillah ga kekurangan gizi, tapi ga bisa kuliah karena faktor biaya, jadi harus kerja dan biayai keluarga, coba lah pemerintah kasih pendidikan gratis minimal s1 buat yang kurang mampu, maju lah negara ini",0,1 month ago,@wisangdrillian
Prabowo gampang dikadalin orang2 bodoh yg licik ... apalagi sama raja iblis yg lagi sakit kurap ... 😮,0,1 month ago,@saintcibin4442
"Ini tuh emang niat cari cuan,,,proyek jualan nasi,camilan warung n tas belanja. Yg untung dah jls siapa. Jk memang niat ngurangin stunting n gk ada embel2 berbisnis,,, pasti duit bs langsung di kasi ke ortu2/ibu hamil yg kurang mampu sj. Yg terjadi orkay dapet, murid2 SMP/SMA pun dapat, kata gizi n gratisnya pun prankkk.",0,1 month ago,@Ss80824
"Belajar dari isriwil,china ( positifnya),soal dana pendidikan nya utk😂😂😂",0,1 month ago,@zipzikin7084
"Anggaran MBG dan KOPERASI MERAH PUTIH adalah cara halus mengalihkan uang negara untuk membayar BOKIR AMERIKA, CHINA & JEPANG dan BUNGA UTANG NEGARA. 

Agama berkedok pajak, sdh muak drama Konoha.. UUD dan Agama dijadikan meras rakyat.. Begitu banyaknya utang para mantan penguasa, sampai apa saja di pajak kepada rakyat 

✅ Pajak endaraan
✅ Pajak tanah dan bangunan
✅ Pajak bahan pangan
✅ Pajak transaksi jual beli
✅ Pajak BPJS
✅ Pajak penghasilan
✅ Pajak THR
✅ Pajak Bea Cukai
✅ pajak perusahaan
✅ Pajak Zakat😂😂😂

Hidup mencari nafkah hanya untuk ngurusi bayar pajak sampai mati, pada dasarnya Indonesia sudah diambang tumbang, koruptor di para elit partai merajalelah atas nama Rakyat😂😂

Rakyat Siap-siap menghadapi krisis.. Rakyat Siap-siap hadapi kenyataan..
Rakyat Siap-siap menjadi tumbal.. 
Rakyat Siap-siap hadapi permasalahan negara disebabkan oleh Pemimpin dan Wakil Rakyat",0,1 month ago,@nasabadiofficial409
Emang kakek lansia ya gini. Suka kurang benar bikin program,0,1 month ago,@kaesangprastiya982
"Bukan ""Program"" itu tapi ""Proyek""",0,1 month ago,@zabirzabeer2041
"Bubarkan MBG, Kopdes. Berikan lapangan pekerjaan yg layak untuk orang tua. Urusan mkn  anak kembaliak ke ortunya.",0,1 month ago,@babihutan87-o3x4f
"Jutaan rakyat kecil yg usaha jualan disekitar sekolah makin meringis,, jualan sepiiii,,  smentara apbn negara trus digerogoti sma KKN oligarki mbg yg panen duit,,",0,1 month ago,@salahbacakitab
Buset! Skrg minta sumbangan dr masyarakat😅😅😅,0,1 month ago,@ivonhiero1676
MBG....tetap bagus...hambatan banyak...memang hasilnya tidak langsung kelihatan...kami orang desa sederhana...bila gizi anak2 meningkat...kemampuan bersaing anak2 kita di masa depan akan semakin bagus...perut yg kenyang...akan membuat anak punya daya saing yg lebih baik...kalau toh masih ada korupsi...paling tidak yg menikmati hasil korupsi lebih merata...daripada program yg kelihatan bagus...tapi yg bisa korupsi cuma segelintir orang...karena budaya korupsi ini sudah mengakar ke semua sendi di semua sektor di negara ini...semoga anak2 yg menikmati MBG ini dapat memutus mata rantai korupsi kelak di masa depan...,1,1 month ago,@Hinoto1973
"maaf kak kalau menguntungkan petani gak begitu juga ,soal nya hasil produksi petani harga di patok pemerintah ,contoh padi , cabe dll , jadi di sini yang paling di untungkan para pengelola  anggaran itu sendiri . maaf kalo komen saya salah ,tonlong koreksi",0,1 month ago,@Wongoraumum
Project MBG,0,1 month ago,@bocahwringinharjo0183
MBG berjalan setahun saja sudah menjadi bom waktu. Tinggal tunggu aja keruntuhan ekonomi Indonesia nanti di tahun 2029. Dan di tahun tersebut janji politik perbaikan ekonomilah yg akan di gaungkan oleh si PENYEBAB BOM WAKTU ini.,0,1 month ago,@arifinhasibuan8746
"Kalau menurut gue, udah lah stop. Kalau kasihan ke anak yang gak makan, kasih ke anak yang emang gak mampu sekolah. Anak disekolahin berarti dia mampu. Kalau ingin membuka lapangan kerja, pendidikan gratiskan. Buat anak2 bangsa supaya cerdas dan pintar, supa bisa bikin mobi, motor, rudal, nuklir sendiri. Dengan begitu akan ada banyak lapangan pekerjaan. Lah ini progam investasi ke tai bukan ke otak.",0,1 month ago,@maul2024
Program korupsi legal,0,1 month ago,@Сан-Паулу
ini program paling tolol dan paling mengancam ketahanan ekonomi negara,0,1 month ago,@muammar4744
"Program zolim, mitra memikirkan diri mekera sendri, semoga cepat dipanggil allah mereka zemua yg zolim tersebut",0,1 month ago,@RxFadli
"Siapa bilang MBG beban negara, masyarakat tidak mengerti manfaat MBG, MBG sangat penting bagi pejabat2 kita bakan anak2nya anggota DPR kita juga sangat menikmati uangnya MBG, jd saya minta rakyat jgn terlalu komplen lah, kalau ada siswa2 kita yg keracuman, itu kan belum semua, yg mati pun paling beberapa orang aja, marilah kita bersabar, kalo pejabat2 kita udah kayaraya dan makmur baru MBG kita berhentikan",0,1 month ago,@dappzzz958
"MBG tdk salah programnya SANGAT BAGUS, syg ini Indonesia dmn pejabat dan rakyat sama sama KORUPTOR",0,1 month ago,@fitraabdillah4218
YG MENGATAKAN MBG ITU BERGIZI SIAPA..? KALAU CUMA SALAK ROTI 2RIBU.  DAN YG LAINNYA. GA SESUAI DGN STANDAR GIZI.   INI ADALAH OROGRAM KOROPSI TERSTRUKTUR BERJEMAAH.,1,1 month ago,@MuhammadZhaky68
"Program ini sarana kampanye prabowo untuk 2029, semestinya dihentikan karena memakai anggaran negara guna kepentingan pribadi.",1,1 month ago,@elzebaoth1
Itu kalau sampai 300 t umpama di bagi 34 propinsi itu SDH dapat berapa itu itu JD harapan kami 2 di daerah tolong progeram itu pekerja mbg itu TDK sebanyak harapan tukang di daerah itu berapa puluh JT tukang yg TDK dapat pekerjaan,0,1 month ago,@ananghatri1860
Assalamualaikum mf pa parasiden Ekonomi nasional kita lesu benar kami di daerah ni harapan kami pekerjaan yg tukang banyak nganggur apa LG kami yg bekerja di proyek sangat terpukul benar pa termasuk tukang 2 yg ada menunggu proyek malah banyak TDK kerja,0,1 month ago,@ananghatri1860
"Terimakasih pak prabowo terus berjuang demi rakyatmu Indonesia 🇮🇩🇮🇩🇮🇩
lanjutkan program MBG dan koperasi merah putih rakyat sangat membutuhkan ❤❤❤",0,1 month ago,@GagangSapu-r9z
Tetap bisa dibilang gizi itu roti sama dengan protein roti itu itukan protein trus buah buah kek salak itu sumber vitamin mungkin lu ngerasa mbg gak bergizi sama gua juga ngerasa ga bergizi banget karena isinya jajanan warung tapi tetep bergizi itu ada buah roti ada protein trus dapet vitamin gitu🙏,0,1 month ago,@GabrielLadana
"Kalo diliat dari realita lapangan, saya punya beberapa relasi yang bisa dibilang sedikit mensyukuri adanya MBG, karena anak nya ngga lagi perlu di buatkan bekal, tapi disisi lain, org tersebut pun menyayangkan hal lain yang jauh lebih banyak kurangnya ketimbang untungnya, salah satunya soal harga bahan baku yang naik, jadi ibarat nutup 1 lubang, tapi kebuka 2 - 3 celah lubang lainnya yang justru memperparah ekonomi mereka.

Belum lagi miss management skala nasional kek gini tuh saya yakin bisa bikin kemunduran dimasa depan, karena skalanya masive banget. 

Tunggu aja nanti, beberapa tahun kedepan. Saya rasa bakal ada kemunduran besar dari berbagai lini.",0,1 month ago,@AbeeeXD
"Bubar bubar bubar,. Kebijakan Pemerintahan Yang AMBIGU😂😅",0,1 month ago,@logica-Metafisik
"Para pemilik dapur mbg.
Siapa pemilik dapur mbg 
Yaitu para politisi politisi yg mengusung kemenangan Prabowo Gibran.
Itu fakta rata rata pemilik dapur mbg itu para politisi",0,1 month ago,@threwahyudi0805
Katanya MBG itu punya rakyat pdhal aku yg Deket dgn dapur MBG TDK boleh minta AIR nya tolong jwb.trims.,0,1 month ago,@RelliWarliati
"Susah sih kalo emang anaknya ogah ogahan makan, jujur gak semudah cukup bagikan dan wajibkan habiskan makanan yang dikasih. Justru yang ada anaknya makin stunting karena udah merasa makan padahal intake nutrisi yang didapat tidak seimbang terus dirumah malah gak mau makan samasekali.
Bahasan lain, ini baik untuk meningkatkan minat petani untuk berproduksi tetapi ternyata malah disalahkan karena ya memang petani diharuskan miskin dari pemerintah sedari awal.
UMKM gimana? saat dianggap kurang higienis dan kurang memenuhi jumlah secara kuantitatif masih bisa di tingkatkan dan upgrade qc. Namun saat ada ketidak seimbangan suplay dan demand ya wassalam.",0,1 month ago,@Akarrumput2000
"MBG hanya banyak yg dikorupsi , nambah beban  pekerjaan guru , banyak buang waktu pemnelajaran anak² ..... lebih baik pemerintah buka pekerjaan seluas luasnya agar orang tua bisa bekerja , dpt gaji shg membantu keuangan keluarga  dan pastinya kekuarga dpt makan minum yg bergizi.",1,1 month ago (edited),@Suwitoo-zw9gi
Yang penting setorannya........,0,1 month ago,@RoyIndrasyah
MBG  ladang KKN baru.,0,1 month ago,@agusdwiantoro8612
"PROGRAM MBG JADI TAI
PROGRAM PENDIDIKAN GRATIS MENGHASILKAN
PRESIDEN YANG PINTAR 
MENTERI YANG BISA KERJA TIDAK ABS
INSINYUR
SARJANA
GURU
PROFESOR
HAKIM
JAKSA
POLISI
TENTARA
DLL",0,1 month ago,@EkoSusilo-p1t
Ada pro kontra lah ini program tp yg paling membutuhkan program ini adalah daerah 3T dan ekonomi menengah kebawah,0,1 month ago,@TuruDek22
"Yang terasa dlm setahun  usaha menengah kebawah tercekik sama program mbh/ kdmp,mohon untuk presiden segera hentikan, ketimpangan ekonomi semakin jauh antara sikaya/ simiskin,",0,1 month ago,@hendragunawan5834
"Sudah, kembalikan saja namanya seperti janji kampanye Prabowo-Gibran, ""Makan Siang Gratis"", bergizi, basi, junk food atau beracun ya ga masalah, kan sesuai janji kampanye",0,1 month ago,@tinylunaticinahugeworld
"Orang bekas stroke dilantik jd plesiden, uda😊h miring otaknnya",0,1 month ago,@rbas4344
Lebih bagus sekolah gratis dari pada makan gratis.Investasi ke toilet 300T setiap tahunnya bukan mainn😂😂,0,1 month ago,@kokoriskyism88
"Dgn input 335 T duit APBN,...out put nya cuma kotoran alias tinja,...luar biasa,...industri tinja terbesar di tata surya,...",0,1 month ago,@AthfalNabeel
"BPK presiden negara kita sudah surplus beras masyarakat kita tidak akan kelaparan , MBG itu untuk apa...!!!! Saat ini negara kita lebih butuh anggaran untuk situasi ekonomi  lebih baik di alihkan k bantuan tunai k.masyarakat.miskin yg terdampak langsung dgn krisis ekonomi saat ini bayangkan 100 triliun berputar di masyarakat seluruh indonesia akan menjaga kestabilan daya beli dan kondisi relatif aman ...",0,1 month ago,@MatheosRumahlatu
PRABOWO DAN PENDUKUNG NYA GAK NGERTI INI,0,1 month ago,@teguhprassodjo3785
Up,0,1 month ago,@nonanty593
Mbg program bikin kotoran dan di koropsikan masuk kloset dan kantong pemilik dapur negara akan remuk karena cuma jadi tahi 335 T,0,1 month ago,@IndartoIndarto-vx7fg
Dan yang Aneh nya President seolah tutup Mata dan Tutup Telinga terhadap keluhan makanan MBG yang jauh dari kata Bergizi,0,1 month ago,@zenzenzaenudin4536
"Ditambah lagi sasaran nya masih banyak yang ngga tepat guna, ada juga cerita yg saya dapet dari relasi saya yang lain, dimana kondisi ekonomi mereka lebih dari cukup, tapi yg disayangkan adalah tetep dapet MBG, perkara ""kasian, kalo dia ngga dapet nanti merasa dikucilkan karena teman teman lainnya dapet MBG""

Yang padahal justru dengan standar 10rb dimana banyak kasus makanan yg ngga layak, akhirnya bukan nya jadi blessing buat dia malah jadi curse, dia ngerasa terhinakan dengan makanan yg gak layak 😂",0,1 month ago,@AbeeeXD
"Saya Jadi Mikir Kritis
⚠️ Jangan jangan yang Di Bilang Akan Bubar 2030 benar!!, ini lah Yang Akan Membubarkan nya😅

Program Besar Saat Dunia Krisis Global :
1. Koperasi Merah Putih 
2. MBG",0,1 month ago,@logica-Metafisik
"mbg dg anggaran 335 T masak asal2 lan tdk enak 70%  tdk di makan kok ngotot tetap masak, ini model apa ini.",0,1 month ago,@RobbyNatael
Program MBG pake uang rakyat. Tapi rakyat kritik MBG tidak di dengar malah akan di lanjutkan MBG. Janji memberantas korupsi omon omon malah menyediakan lahan koruptor MBG,0,1 month ago,@nanirochaeni4063
"Prabowo itu mau tapi kurang mikir.
Pikirannya, dia mau MBG seperti sekolah2 di Tiongkok, Jepang atau Korea Selatan...tapi ga mikir korupsi, dan cuma bikin gemuk kateringnya.

Juga ga mikir kalo nampan cuma dicuci di selokan. (viral yang di Ciamis, kalo ga salah ingat).
Belon lagi kepala BGN-nya sama sekali buta soal nilai gizi.
Terakhir, kepala batu...setelah banyak viral...tetap juga dipertahankan yang ga bisa apa2,  yang ga mampu kerja.

Makanya aku pernah tulis komentar...
Tolong MBG sekalian disediakan untuk anggota DPR dan staf, Menteri2 dan Staf, Gubernur dan staf, walikota dan staf, camat dan staf, lurah dan staf serta untuk semua ASN.

Biar mereka juga merasakan makanan MBG itu.
Waktu ada MBG...uang makan hariannya harus distop...supaya yang ga suka, pilih2 makanan...ga bisa jajan di luar.",0,1 month ago,@yennykurnady1464
"Untuk kasus keracunan itu karena penyajian 

Untuk kasus makanan kurang layak ini adalah korupsi 
Eh netizen bukan pemerintah saja yg korupsi masyarakat juga banyak",0,1 month ago,@solusikehidupan99
Uang 335trilyun kalau dibagi280jt penduduk Indonesia rakyat lebih makmur lebih maju,0,1 month ago,@CahyaSaputra-c7t
"Kalau begini terus kapan rakyat ini hidup merdeka sampai sekarang rakyat masih hidup seperti jaman penjajahan semua kena pajak  
anehnya para elit pejabat malah GK pajak",0,1 month ago,@CahyaSaputra-c7t
"Uniknya.. Ketika ada kunjungan pusat, yg di sajikan enak².. 
Anak saya sendiri masih sekolah PAUD, Kalau di suruh makan ndak mau.. Sampai di kumpulin hampir satu tas.. 
😢😢😢",0,1 month ago,@haninpriyoko4876
Prabowo cari nama pake MBG padahal itu ide yg bodoh...,0,1 month ago,@salmahanifa6506
6:30 6:30,0,1 month ago,@RobbyNatael
mbg dg anggaran,0,1 month ago,@RobbyNatael
Biaya MBG bisa mengakibatka anggaran APBN bisa amburadul soalnya secara pelan pasti korupsi merajalela dimana2 baik pusat maupun daerah semuanya tergantung penilian masing2 daerah aja,0,1 month ago,@HendritaKusuma
"APBN SAMPAI GOYANG, MSH SAJA WOWOK KERAS KEPALA. APA HARUS RAKYAT BOIKOT SE INDONESIA ??",0,1 month ago,@Jojon_borneo
"Jika ada 1000 orang yang menolak MBG, maka aku ada di antaranya. Jika ada 1 oranh yang menolak MBG, maka itu adalah saya. Jika tidak ada seorangpun yang menolak MBG, berarti saya sudah tidak ada di dunia ini.",0,1 month ago,@benyprasetyo9747
"MBG BAGI SELURUH RAKYAT NKRI KALO KORUPSI KKN CUMA BUAT KLUARGA/KRABAT RAKYAT KEBAGIAN BAYAR UTANGNYA DOANG,YG REWEL MBG DIA YG IRI KORUPSINYA KETAUAN KALO KE YG LAIN NGOMONGNYA KORUPTOR2 TAUNYA DIRIPRIBADI N KLUARGA KENYANG DUIT RAKYAT SAMPE ANAK/CUCU BAU KENCUR PUNYA HARTA TRILIUNAN DR MANA TUHHH REKENING TITIPAN ALIAS GENDUTTT JAYA SLALU MBG TRUTAMA BUAT PLOSOK N YG DIKOTA2 PUN REBUTAN MBG SHAT/SUKSES SLALU PAK PRESIDEN PRABOWO BSRT WAPRES N SMUA YG DUKUNG RAKYAT KECIL🙏🙏🙏🇮🇩🇮🇩",0,1 month ago,@YuyunYuningsih-l1p
"Yg dpt manfaat adalah yg punya dapur,,, dan kebanyakan yg punya dapur aparat dan pejabat,, jd program ini interfensi bikin,, yang kaya makin kaya yg miskin makin miskin,,, dan agenda politik th2029 bisa kt lihat,",0,1 month ago,@muhktarom6969
"MBGadalah parasit negara, maka setuju di hapus saja",0,1 month ago,@AhmadCarita-xx3qv
Bubar kan  mbg   botak,0,1 month ago,@AgusBudianto-l5b8r
"Ssi  bowo  apa  si  botak,. Bos  mbg  beracun",0,1 month ago,@AgusBudianto-l5b8r
DELE REBUS UBI REBOS MANA ADA GIZI DASAR GOBLOGGGG,0,1 month ago,@Mutohar-y3u
UNTUK KRONI NYA Prabowo KOROPSI KOROPSI BERJAMAAH HUTANG BUDI ...,0,1 month ago,@Mutohar-y3u
"7:20 kalo kata pro MBG yg sok stoik maah
"" Yah itu udah jadi konsekuensi, setiap ada keuntungan, pasti ada orang yg dirugikan ""

Padahal harapannya gk seperti itu, soalnya Negara harus pro sama rakyat nya, bukan ke sebagian kalangan berduit yg mencurangi pasar. Apalagi ampe dijadikan mesin duit pribadi bagi pejabat itu. Sama aja kita selama ini nyawer perut gendut dan otak sengklek mereka dong. 😂",0,1 month ago,@davidnuryanto2940
"Staff disuruh WFH, biar irit
Zakat mau di ambil buat MBG
Ini program Tarik Ulur demi Maling Berkedok Gizi",0,1 month ago,@achmadjusuf9552
"MBG keuntunganya untuk wowo dan kloninya, MBG yang beracun untuk anak didik kalau bisa jangan di stop dulu wowo diberi MBG penyebab anak anak murid keracunan, biar dia merasakan keracunan.",0,1 month ago (edited),@Junaedi-u1x
"Ini solusi sebenarnya, apalagi mungkin pak prabowo melihat situasi hampir (amit2) perang dunia ketiga. Jadi, pemerintah sebenarnya harus menyediakan ketahanan pangan nasional untuk menghadapi krisis. Mbg juga berfungsi buat memutar roda ekonomi, khususnya di sektor pertanian. Petani yang selama ini (banyak) yang miskin bisa tambah untung dengan program ini karena hasil bumi mereka diserap. Selain ketahanan pangan, pak presiden juga harus memperhatikan ketahanan energi juga (yang saya maksud, program sawit, etanol, elektrifikasi, dll) biar gak bergantung pada bbm impor. Memang, prosesnya lambat dan banyak huru hara, tapi tetap harus didukung …


Jangan hujat saya, plis🙏",0,1 month ago,@aniferamedia
Korupsi😂,0,1 month ago,@newbiegretonger12
Menuju 2045 indonesia morak marik😢,0,1 month ago,@senimantakraw623
"Inflasi makin naik, usaha mikro bersaing dengan program MBG yg dikelola oleh pihak tertentu",0,1 month ago,@agunksaputra3499
"Menurut sy, MBG boleh2 saja,, tp jangan sapu rata di semua daerah. Baiknya di daerah yg masih tertinggal secara ekonomi, itupun disampling dlu berhasil apa kaga, feedback masyarakat kayak apa,, kalo gagal ya stop aja. Kalo berhasil baru deh diterapin di area yg lebih besar, baru brtahap diterapin secara nasional. Itu baru namanya pemerintah pusatnya pinter. Kalo langsung main jebrat jebret kayak gini kan keliatan jah*tnya",0,1 month ago,@abcdefgh-s3w7i
Semoga pak prabowo iseng liat vidio ini,0,1 month ago,@ekocahyo001
MBG & kopdes itu cuma jalur distribusi korupsi,0,1 month ago,@boby_surya
"PROGRAM MBG. ACAK ADUT , KORUPSI BERJEMAAH",0,1 month ago,@Luthfie0505
Ketika Indonesia dipimpin oleh pihak tidak normal,0,1 month ago,@ArjunMalvin-vi6gt
"Pogram MBG itu untuk koropsi lah yang selalu di paksakan ,  wo wo ini tidak mendengarkan  suara Rakyat yg menolak MBG ini ada apa wo apa nunggu Indonesia bangkrut dengan pogram MBG ini yg menyedot uang Rakyat treliyunan rupiah yg tidak ada manfaatnya , lebih baik untuk membangun jalan 2 yg sama rusak yg pemerintah daerah tidak mampu membangun jalan 2 yg rusak akibat ivisiensi keputusanmu wo sekarang Rakyat sangat mencekik jalan pada bodol nggak di bangun juga akibat MBG .",0,1 month ago,@hambali8442
"indonesia ini saling adu domba..
saling menjatuhkan..
gk setuju ini itu..emgnya ngerti apa sih.mbg di desa desa jelas cukup membantu kok dn menjadi tmbahan lapangan kerja..
jdi otak otak kotor mreka yg bilang ini itu protes adanya mbg kalian bisa apaa",0,1 month ago,@KurniaBob-rh6kv
"Wowo kau menyuruh rakyat berhemat...tapi kau malah boros, menghabiskan dana triliunan untuk MBG...pikir dulu sebelum kau ngomong.",0,1 month ago,@budiono-y5j
"Yg ada jd beban apbn, lebih besar keburukannya daripada kebaikannya",0,1 month ago,@alexxander4815
Mending uangnya kasih ke masyarakat yang membutuhkan dari pada mbg yang cuma menguntungkan pihak tertentu,0,1 month ago,@Arrogan87
Cuan harus tetap jalan,0,1 month ago,@IkmamApriansyah
"Negara yang kuat adalah negara yang bisa menjamin rakyatnya tidak lapar. Anggaran ratusan triliun memang besar, tapi sebanding dengan hasil yang akan kita petik 10-15 tahun ke depan: sumber daya manusia yang unggul dan sehat. Prioritas pemerintah saat ini sudah tepat, karena manusia adalah aset terpenting bangsa. Mari kita kawal bersama agar program mulia ini tepat sasaran dan bebas dari penyelewengan. Semangat membangun bangsa!",0,1 month ago,@narasi.negeri
"Melihat skala program ini, Indonesia sedang melakukan intervensi ekonomi yang berani dan masif. Tantangan tata kelola pasti ada di setiap kebijakan besar, tapi itu bukan alasan untuk tidak melangkah. Justru dengan adanya MBG, kita dipaksa untuk memperkuat sistem logistik pangan dan koperasi kita. Jika ini berhasil, Indonesia akan punya ketahanan pangan yang sangat solid dari hulu ke hilir. Optimis program ini sukses!",0,1 month ago,@ruang.negeri
"Hanya menguntungkan salah satu pihak dan tidak merata, sama aja, menyengsarakan rakyat. Solusi darimana nya",0,1 month ago,@AlfinShofiulUmam
"​ @AlfinShofiulUmam membuka lapangan kerja, menyediakan gizi (memang belum merata, tapi bertahap), memutar roda ekonomi, menguntungkan petani/peternak (yg selama ini banyak yg miskin pastinya terbantu oleh program mbg), menyerap hasil bumi supaya menjaga harga jual, menyediakan ketahanan pangan di situasi krisis (contohnya seperti di sumatra), dll

Ironisnya, rakyat cenderung terus menyalahkan tanpa konteks yg jelas. Dikasih makan gratis, dibilang salah. Gk dikasih makan, malah banyak kelaparan. Puyeng kali jadi pemerintah",0,1 month ago,@aniferamedia
"Terima kasih pemerintah atas program Makan Bergizi Gratis ini. Sebagai orang tua, kami sangat terbantu karena gizi anak di sekolah jadi lebih terjamin dan meringankan beban pengeluaran harian. Anak-anak jadi lebih semangat belajar dan konsentrasinya meningkat. Semoga program ini terus berjalan lancar dan pengawasannya diperketat agar kualitas makanannya tetap terjaga dengan baik. Maju terus Indonesia!",0,1 month ago,@sudut.negeri
"Sangat setuju kalau program ini jadi motor penggerak ekonomi rakyat. Bayangkan ribuan dapur SPPG menyerap jutaan tenaga kerja dan membeli bahan baku langsung dari petani dan peternak lokal. Ini adalah bentuk redistribusi ekonomi yang nyata, di mana uang negara langsung berputar di tingkat desa dan kecamatan. Petani kita punya kepastian pasar, dan ekonomi lokal pasti hidup kembali!",0,1 month ago,@catatan.negeri
"Program MBG adalah investasi jangka panjang yang sangat visioner. Kita tidak bisa bicara kualitas pendidikan jika anak-anak kita masih lapar atau kekurangan gizi (stunting). Memperbaiki gizi dari sekolah adalah fondasi utama untuk mencetak generasi emas 2045 yang produktif. Ini bukan sekadar bantuan sosial, tapi strategi besar untuk memutus rantai kemiskinan secara struktural. Dukung penuh keberlanjutan program ini!",0,1 month ago,@bicara.negeri
MBG bikin warung makan sepi . Banyak guru sekolah sekitar wilayah jadi gak pernah makan ditoko . Hadeuhhh …,0,1 month ago,@ramramrakaka
Relawan ganti jadi ormas jj,0,1 month ago,@thekingalucard8702
"Beban baru, semua aspek pendidikan, kesehatan dan lainnya di kesampingkan demi kelancaran BGN",1,1 month ago,@dimasa.p1394
program mbg bikin pemborosan penguluran uang negara rakyat kecil yang kena dampaknya pajak di naikkan rakyat kecil menjerit paling enak jaman  nya bapak Harto rakyat makmur rakyat lebih tenang tidak jaman sekarang bikin rakyat sesangra,0,1 month ago,@MulYadi-rf6yv
Bebanlah...,0,1 month ago,@ketutsutini9755
Jika ditanya kepada sepenerima tentang mbg.pasti siswa mengatakan sangat terima kasih.karena itu kan udah terseting.wqltu dn siapa yg datang untuk sidak.trm kasih,0,1 month ago,@SuheriLubis-t1q
mestinya mbg itu diadakan di daerah2 yang emang masih tinggi angka stuntingnya sesimpel itu J*****K,0,1 month ago,@ProjectLumiora
Buang buang duit tapi nggak ada manfaatnya,0,1 month ago,@Dawer1243
Gratis gundulmu,0,1 month ago,@budiwicaksono3114
"Program tak mmbawa kemajuan negara yg nyata,adanya, mbg hanya akan mnghancurkan negara yg tk mmbutuhkan wktu lama.",0,1 month ago,@ariwidodo8960
Bubarkan ... Program Bikin tahi dan koropsi negara akan rapuh  uang negara akan banyak yg jadi kotoran,0,1 month ago,@IndartoIndarto-vx7fg
Mbg program bagus libur masih di kasih jin yg makan yg ada bukan bergizi yg bergizi ya pejabatnya korupsi yg ada bukan bergizib,0,1 month ago,@answerhendra6786
"Kisah Nabi Sulaiman AS yang ingin memberi makan seluruh makhluk adalah pengajaran tentang kekuasaan Allah SWT yang mutlak atas rezeki. Meskipun Nabi Sulaiman telah menyiapkan makanan seperti gunung dengan bantuan jin dan manusia, seekor ikan raksasa mampu melahap semuanya dalam sekejap, menyadarkan beliau bahwa hanya Allah yang menjamin rezeki seluruh makhluk. 

Berikut poin-poin penting kisah tersebut:
Niat Syukur: Nabi Sulaiman AS, yang dikaruniai kekayaan dan kemampuan berbicara dengan hewan, berniat menjamu semua makhluk Allah selama satu hari sebagai rasa syukur.

Persiapan Besar: Beliau memerintahkan jin dan manusia untuk memasak makanan dalam jumlah raksasa yang membutuhkan waktu puluhan hari untuk menyiapkannya.

Ujian Ikan Raksasa: Saat jamuan dimulai di pinggir laut, seekor ikan paus raksasa keluar dan memakan semua persediaan makanan hingga habis dalam sekejap.

Ikan Belum Kenyang: Ikan tersebut mengatakan ia masih lapar dan mengungkapkan bahwa Allah memberinya makanan dalam jumlah tiga kali lipat dari yang disediakan Nabi Sulaiman setiap harinya.

Hikmah: Nabi Sulaiman bersujud mengakui kekuasaan Allah, menyadari bahwa tak ada manusia yang mampu menanggung rezeki makhluk-Nya, melainkan Allah semata.",0,1 month ago,@ainulandysudarmoko6232
MBG bermanfaat untuk peluang korupsi.,1,1 month ago,@jamilm1986
"Menurut keyakinan saya, mengapa progam MBG di utamakan bahkan yg mengakibatkan efisiensi anggaran ini terjadi, sekali lagi menurut keyakinan saya program ini di jadikan ladang untuk bekal di pemilu yg akan  datang, coba cek mayoritas pemilik dapur sppgnya.
Memang niat pemerintah untuk progam ini sudah sangat baik, namun niat baik tidaklah cukup kalo pelaksanaan operasionalnya belum atau bahkan jauh dri kata ""benar"".",0,1 month ago,@RereGan13
"MBG= Susah lihat orang senang
TIPIKAL KARAKTER INDONESIA YAKNI CRAB MENTALITY!",0,1 month ago,@andersjan25
KembaLi ke jaman presiden Suharto jaman sekarang ini mbg gratis makan mbg gratis,0,1 month ago (edited),@DickyLamongan
"Ternyata Aku dulu pilih Oresiden yang salah,",0,1 month ago,@egatanaka6730
"Boleh saja melanjutkan program mbg, tapi😊bg pantau dengan ketat agar program ini tidak di korupsi supaya makanannya lebih berkwalitas,",0,1 month ago,@HeriyandiHeriyandi-o5e
MBG untuk siapa? Untuk 2029 🥀🇮🇩,0,1 month ago,@ervanandre
Maksut MBG memang bagus yg bikin jelek itu koruptor nya dan pengawasan nya,0,1 month ago,@arieffirmansyahguess8642
"“90% orang yang nonton ini… pasti klik…”

“Dan mereka bakal nyesel dalam 3 hari…”

“Kamu mau jadi 10% yang cerdas… atau 90% yang nyesel? cepetan klik aku”",0,1 month ago,@jedasejenak82
Program mematikan rakyat dancok🗿,0,1 month ago,@kunvr467
Klau memaksakan rkyt dusa2 nya harus di pertangug jawab.di akherat besuk,0,1 month ago,@yulianprastomo167
Kami sebagae rkyt kecil sangat berat dengan adanya mbg ikonomi tmbh seret harga2 sembako tmbh mhal psr 2 tmbh sepi kami ngk setuju,0,1 month ago,@yulianprastomo167
No King ... No King ...,0,1 month ago,@alexandergb1000
Dapur mbg potong langsung jalur distribusi. Ibu saya pedagang ayam di pasar. Bikin harga ayam mahal dan sekarang sepi pembeli .,0,1 month ago,@Antasena007
Bubar kan MBG 💪👍,0,1 month ago,@KingIndonesiaking
Mbg meneh mbg meneh teko bubarke nopo to .,0,1 month ago,@asrofi67w68
kaya belum makan aja ngomong nya,0,1 month ago,@AnsariRahman-Sr
Beban rakyat,0,1 month ago,@bayuwahyusaputra7289
"Initnya penerima mbg sengaja di naikkan jadi 83 juta orang karna semakin banyak penerima mbg, semakin cuan komplotan prabowo",0,1 month ago,@Hasannasbiiiii
Wkwkw bekerja sama dengan pihak swasta atau timses pas kampanye min?😂,0,1 month ago,@Hasannasbiiiii
MBG beban pemerintah.   Mana lestoran Sepi JD sppg .  Yg ad gudang kosong jdi dapur sppg,0,1 month ago,@arijamari2426
Manfaat pastinya adalah mengamankan suara dan posisi 2 periode yg di tanam sejak dini. Liciknya para pejabat demi ambisi menjadi mo 1,0,1 month ago,@demmygwarouw
Harus di lawan emang nih pemerintah sekarang 😂,0,1 month ago,@mandarachaturanga
"MBG membangkrutkan usaha masyarakat kecil,memberi peluang pejabat korupsi ber jamakah.",3,1 month ago,@PakWasis-b8g
"■ MBG Menciptakan Lap Kerja & Gaji:

Tiap SPPG dibutuhkan 18-25 staf, dg gaji:
· Supervisor/Kepala Dapur: Rp4 - 7 juta
· Ahli Gizi & Akuntan: ± Rp5 juta 
· Juru Masak Utama: Rp3 - 5 juta
· Asisten Koki/Prep/Packing: Rp2 - 3,8 juta
· Driver/Petugas Distribusi: Rp2,5 - 4,5 juta
· Bagian Cuci & Sanitasi: Rp2 - 3 juta

--> Semuanya dikali x 24.000-an SPPG (Feb 2025)
--> inilah gaji yg diterima masyarakat/bln berkat program MBG

■ MBG Mensejahterakan Pedagang Sayur & Pasar Lokal:

Kebutuhan 1 SPPG untuk sekali masak (melayani ±3.000 penerima) sangat besar :

· Telur: 3.000 - 3.300 butir (disediakan 2 kali seminggu)
· Ayam: 350 ekor (setara 2,6 ton per bulan)
· Beras: 5 ton per bulan
· Sayur: 350 kg
· Susu: 450 liter

--> ini dikali 24.000-an SPPG, total.ada 61Jt-an penerima makanan MBG se-Indonesia (Feb 2025)

--> Dana yang beredar sangat besar. Sekitar 70% anggaran SPPG (Rp1 miliar/bulan) digunakan untuk belanja bahan baku, yang 95-99% bersumber dari produk pertanian lokal .

■ TESTIMONI:

• Kadin Indonesia mencatat sektor pertanian dan peternakan mengalami pertumbuhan berkat program ini.

• Kenaikan Harga Komoditas: Wali Kota Tangerang secara spesifik menyebut bahwa program MBG berkontribusi pada kenaikan harga komoditas seperti cabai, telur, dan ayam, yang secara langsung menguntungkan petani dan pedagang.

• Perubahan Kebiasaan: Petani yang sempat berhenti mulai menanam lagi karena ada jaminan pembelian, bahkan ada yang mengubah pola tanam untuk memenuhi permintaan SPPG.

• Pasar Pasti (Captive Market): 
Banyak SPPG yang memenuhi 85% kebutuhan pangannya dari radius terdekat.

• Pemasok Lokal: Setiap SPPG memberdayakan minimal 15 pemasok lokal, mulai dari petani sayur, pemasok telur, hingga distributor ayam .

■ KESIMPULAN:

• Program ini membuka lapangan kerja massal, terutama bagi warga lokal dan ibu rumah tangga, dengan pendapatan signifikan di atas rata-rata upah harian.

• Program ini mengubah SPPG menjadi ""denyut nadi ekonomi baru"" di tingkat desa, menciptakan ekosistem yang melibatkan petani, pedagang pasar, dan koperasi desa.",0,1 month ago,@adralia23
Itu yang dislike punya masalah apa sih?,0,1 month ago,@Dabedeedabedoo
SPPG ADALAH BISNIS PALING MENGUNTUNGKAN,0,1 month ago,@NurRachmat-kk2vl
"Padahal ada yg lebih penting daripada MBG, fasilitas gedung/ruang kelas di sekolah, fasilitas olahraga di sekolah2, juga gaji guru yg sangat tidak layak.",0,1 month ago,@muhammadrobby4428
"Bagus sih mbg secara ide tapi perlu di evaluasi dalam prakteknya. Ya dari pada buat infrastruktur gk jelas mending uangnya buat para petani, peternak dan nelayan.",3,1 month ago,@Gidek99
Program awal dari kehancuran negara Indonesia,0,1 month ago,@Angleramatiranborneo88
Tolol tunjukkan bukti klo mbg memotong dana anggaran  pendidikan,0,1 month ago,@wahyusuradichannel
Untuk pemerintah lah bukan untuk rakyat yg jelas yg kerja di mbg seperti karyawan mbg itu terlihat berkah karena ada diwaktu halal bihalal lusuh terlihat karena sepupu ku punya dapur mbg ada sih beberapa orang kerja di mbg tapi terlihat miskin saja nya karena mungkin gaji nya habis untuk ee seperti nya betul mbg tidak berkah itu fakta wajah di banding yg juallan ranginang 🤣🤣🤣🤣🤣😂😂😂😂🎉🎉🎉,0,1 month ago,@imassuryati8471
Beban Negara,0,1 month ago,@aji_ardianto
Aku yakin mbg tidak bisa ngurangi anak setanting,0,1 month ago,@yadikento3648
Bubarkan MBG,0,1 month ago,@hadiarianto4013
Sudah benar kita masuk surga jalur warga Indonesia yg terdzolimi negara,0,1 month ago,@setyokoaris
"Mbg buang2 duit TDK ada manpa,atnya mengeruk APBN",0,1 month ago,@ailanajwa-d5u
Masa,0,1 month ago,@ailanajwa-d5u
MBG adalah Program Bagus dan Harus di Lanjutkan,0,1 month ago,@tan98938
"MBG untuk rakyat lah..............
hanya yang sirik yang minta MBG dihentikan.
Jajanan anak sekarang; bakso 5-10 ribu, cilor, semprol, dll 5 ribu.
banyak anak yang ga sarapan, dan ga juga punya uang untuk jajan.

MBG? nasi saja paling tidak 3 ribu, plus lauk, buah susu, anggap 9-10 ribu.
Anak sekarang bisa makan, dan fakta yang jajan pun banyak mengurangi jajanan.
Dulu anak ku sering mengeluh ga ada nasi di sekolah, sementara harus pulang setiap hari jam 14:30.
Sekarang, merasa tenang, karena ada MBG.

Btw, Celios sudah melakukan survey sendiri tentang MBG, Hasil nya 81.3% masyarakat mendukung program MBG.",0,1 month ago (edited),@muhamadfaizal2991
Jelas untuk dirinya sendiri dan keluarganya,1,1 month ago,@alfian_93
"Enak kali gratis,,,,,itu uang hasil pajak seluruh rakyat indonesia......",0,1 month ago,@ekosusilo3023
Beban rakyat,0,1 month ago,@feryirawan9018
"Program memuakan, merampok uang negara buat korupsi berprogram dan berjemaah, biadab, zolim, kurang ajar",0,1 month ago,@akhmaduthan9912
"Negara lain pusing subsidi indo foya"" 🤟",0,1 month ago,@wawanlistanto5607
"Hasil nya diukur sukses tidaknya cuma dari jumlah porsi makanan yang dibagikan, jumlah dapur yang dibangun dan jumlah dana pemerintah yang dikeluarjan. Tidak ada ukuran lain. Tidak sesuai dengan tujuan yang dipakai alasan di laksanakannya program ini, menghilangkan stunting. Hilangnya stunting itu nggak bisa diukur.",0,1 month ago,@RoyIndrasyah
"Rumahku sebelahan ma MBG, jadi sedikit banyak tau ""rahasia dapur""nya.
1. Kepemilikan MBG kebanyakan dimiliki anggota keluarga pejabat, kalo bukan, maka bakal susah daftarnya.
2. Sekarang banyak dapur yang yang mulai makin sikut karena makin banyak porsi makin gede bayarannya.
3. Distribusi jelek
4. Banyak makanan kebuang
5. Banyak bahan makanan masuk ke relawan

Sebenernya ada lebih banyak lagi",0,1 month ago,@rakabcahthekill4666
"Jujur programnya sangat-sangat bagus cuma pengelolaannya tidak jelas, apalagi di desa-desa, giliran disuarakan malah di intimidasi atau bahkan di kriminalisasi oleh pengelola dari tingkat desa, kabupaten bahkan nasional.",0,1 month ago,@cholee8673
Mbg dihapus kan tidak bisa koropsi maka tetap ngotot dijalankan 4:22  sampai negara ini mau dijual,0,1 month ago,@CahyaSaputra-c7t
"Infografis Keracunan Makanan Massal MBG yang Riil 2026

A. Metode Perhitungan Tingkat Keracunan yang Benar Berbasis Prinsip Epidemiologi

Data yang digunakan:

a. Total penerima MBG 2026= 60, 2 juta anak (Kompas, 13 Februari 2026).

b. Jumlah anak keracunan makanan MBG (jumlah anak sakit) = 28.000 anak (Kontan, 13 Februari 2026).

Ditanya:  Attack Rate per Individu (versi Epidemiologi)? 1 dari berapa anak yang mengalami keracunan?

Dijawab: 

Rumus Standar:

 Attack Rate per Individu (Anak) = Jumlah anak keracunan makanan MBG ÷ jumlah anak terekspos (total penerima MBG) x 100

Proses perhitungan:

Attack rate per individu (%) = 28.000 ÷ 
60.200.000 x 100

Attack rate per individu  (%) = 0,0465%

Interpretasi:

a. Angka attack rate per individu sekitar 0,0465%, yang berarti sekitar 1 dari setiap 2.150 anak penerima MBG mengalami keracunan makanan (dihitung dengan 60.200.000 ÷ 28.000 = 2.150).

b. Metode ini valid dan diakui secara internasional dalam bidang epidemiologi, karena fokus pada unit individu yang menjadi target utama program.

c. Meskipun persentase terlihat kecil, angka ini sangat signifikan karena menyangkut keselamatan dan kesehatan jutaan anak di seluruh Indonesia.

B. Perhitungan yang Dinyatakan Presiden dalam Konteks Program MBG

Masalah Utama:

Presiden membandingkan jumlah kasus keracunan dengan jumlah porsi makanan, bukan jumlah penerima individu.

Data yang digunakan:

a. Jumlah kasus keracunan MBG= 28.000 (Kontan, 13 Februari 2026).

Jumlah porsi MBG= 4,5 miliar (Pernyataan Presiden Prabowo Subianto, 13 Februari 2026).

Rumus yang digunakan:

Attack Rate per Porsi (%) = Jumlah kasus keracunan ÷ jumlah porsi x 100

Proses Perhitungan:

28.000 ÷ 4.500.000.000 x 100 = 0,0006%

Interpretasi:

a. Secara perhitungan matematika tidak terdapat kesalahan, namun tidak sesuai dengan prinsip kesehatan masyarakat. Sebab, satu anak penerima MBG dapat mengonsumsi lebih dari 250 porsi makanan dalam setahun, sehingga satu individu bisa terhitung berkali-kali dalam perhitungan berbasis porsi.

b. Pendekatan ini cenderung mengurangi persepsi risiko yang sebenarnya dialami oleh setiap anak, sehingga sulit untuk mengidentifikasi dampak kesehatan secara langsung pada populasi target program.

Gambaran Risiko yang Sebenarnya (Insight Kunci)
 
a. Menghitung attack rate per individu lebih tepat dan relevan untuk mengevaluasi risiko kesehatan masyarakat, karena mengukur dampak pada unit yang menjadi fokus intervensi.

b. Penggunaan porsi sebagai pembagi dalam perhitungan cenderung mengecilkan skala masalah keracunan, yang berpotensi menghambat langkah-langkah pengawasan kualitas dan perbaikan sistem yang lebih ketat di lapangan.

Rekomendasi Kebijakan yang Komprehensif
 
1. Standarisasi Metode Pengukuran Risiko
 
Menetapkan attack rate per individu sebagai metrik utama dalam pelaporan perkembangan program MBG, agar konsisten dengan standar epidemiologi global dan memberikan gambaran akurat tentang dampak kesehatan pada anak-anak. Data yang dilaporkan harus mencakup distribusi kasus per wilayah dan kelompok usia untuk memudahkan identifikasi titik rawan.
 
2. Evaluasi Akar Penyebab Kasus Keracunan
 
Melaksanakan penyelidikan menyeluruh terhadap setiap kasus keracunan, mencakup:
 
a) Pemeriksaan mutu bahan baku mulai dari sumber produksi hingga kedatangan di dapur SPPG

b) Evaluasi proses pengolahan, penyimpanan, dan distribusi makanan di Satuan Pelayanan Pemenuhan Gizi (SPPG)

c)  Audit sistem rantai pasokan dan efektivitas pengawasan yang sudah berjalan

d) Tujuan utama: Mengatasi faktor risiko secara menyeluruh dan mencapai target zero error dalam 12 bulan ke depan
 
3. Peningkatan Transparansi Data dan Komunikasi Publik
 
a) Memberikan laporan berkala (bulanan) kepada masyarakat tentang jumlah penerima, distribusi kasus keracunan per provinsi/kabupaten, dan langkah-langkah perbaikan yang dilakukan.

b) Menyelenggarakan rapat informasi publik secara berkala untuk menjelaskan perbedaan antara perhitungan risiko per individu dan per porsi, serta menjawab pertanyaan dari masyarakat.

c) Membuat dashboard data MBG yang dapat diakses secara terbuka oleh publik untuk memastikan akuntabilitas.
 
4. Penguatan Sistem Pengawasan dan Mutu
 
a) Meningkatkan frekuensi pemantauan terhadap seluruh SPPG menjadi minimal 2-3 kali per minggu.

b) Memberikan pelatihan berkelanjutan kepada operator dapur, penjamah makanan, dan petugas terkait tentang standar keamanan pangan dan praktik higiene yang baik.

c) Melakukan verifikasi berkala terhadap pemasok bahan baku dan menetapkan daftar pemasok terpercaya yang memiliki sertifikasi mutu.

d) Menegakkan penerapan standar operasional prosedur (SOP) keamanan pangan dengan membuat checklist inspeksi yang jelas dan terukur.
 
5. Sinkronisasi Tujuan Program yang Seimbang
 
Memastikan bahwa tujuan utama peningkatan status gizi anak dan dampak positif terhadap ekonomi desa (melalui penyerapan tenaga kerja dan pasar terjamin bagi petani/nelayan) tidak mengorbankan aspek keamanan pangan, dengan langkah:
 
a) Mengalokasikan minimal 15% dari anggaran total MBG untuk pengawasan mutu dan keamanan pangan

b) Menyusun peta jalan sinergi antara program gizi dan program ekonomi desa

c) Membentuk tim koordinasi lintas sektor (Kementerian Kesehatan, Kementerian Pertanian, Kementerian Pendidikan) untuk memastikan sinkronisasi program
 
6. Pemanfaatan Infrastruktur Kesehatan yang Ada Sebagai Pengawas Lapangan
 
Menetapkan Puskesmas dan Posyandu sebagai pihak pengawas lapangan resmi untuk dapur-dapur SPPG-MBG. Kedua lembaga ini merupakan infrastruktur negara yang sudah terbentuk sejak lama, teruji keandalan, tersebar merata hingga pelosok daerah, dan memiliki kapasitas yang mumpuni dalam surveilans kesehatan, inspeksi sanitasi, serta merespons Kejadian Luar Biasa (KLB). Pemanfaatan infrastruktur yang ada juga dapat mencegah munculnya struktur kemitraan baru yang berpotensi menyediakan ruang bagi praktik pencarian rente dalam jaringan patronase.
 
a. Peran Puskesmas:
 
1. Melakukan inspeksi sanitasi dan keamanan pangan secara rutin dan melekat, minimal 2-3 kali per minggu, termasuk selama jam produksi dini hari untuk memastikan kepatuhan pada proses produksi

2. Memeriksa pola memasak, suhu penyimpanan bahan baku dan makanan jadi, serta jalur distribusi makanan ke sekolah

3. Melakukan uji cepat (organoleptik, uji keamanan dasar harian) di lokasi SPPG dan sekolah, dengan laporan digital real-time yang terintegrasi ke dashboard Badan Gizi Nasional (BGN)

4. Membina dan melaksanakan tes kesehatan berkala bagi penjamah makanan, memantau kondisi kesehatan penerima MBG, serta memberikan perawatan medis awal pada kasus keracunan

5. Menyusun laporan evaluasi bulanan untuk Dinas Kesehatan Kabupaten/Kota, serta melakukan pendidikan dan penyuluhan tentang gizi seimbang dan kehigienesan kepada operator SPPG dan masyarakat

6. Membantu memantau penerimaan dan konsumsi makanan MBG, terutama di sekolah dasar pedesaan yang memiliki akses terbatas terhadap fasilitas kesehatan
 
b. Peran Posyandu:
 
1. Bertindak sebagai pemantau distribusi MBG untuk kelompok non-sekolah (balita, ibu hamil, dan ibu menyusui)

2. Memberikan pendidikan dasar tentang higiene makanan dan gizi kepada orang tua peserta MBG

3. Menjadi saluran komunikasi cepat untuk melaporkan tanda-tanda keracunan atau Kejadian Luar Biasa (KLB) ke Puskesmas terkait

4. Petugas Posyandu akan mendapatkan pelatihan khusus tentang standar keamanan pangan MBG dan cara melakukan pemantauan yang efektif
 
Kolaborasi dan Dukungan yang Diperlukan:

Kolaborasi Puskesmas, Posyandu, dan SPPG-MBG membentuk rantai pemantauan berlapis yang mencakup empat pilar utama:
 
1. Pemeriksaan Administratif: Verifikasi sertifikasi, dokumentasi proses produksi, dan catatan mutu bahan baku.

2. Pemeriksaan Lapangan: Penilaian kebersihan lingkungan, sanitasi peralatan, dan praktik kerja operator.

3. Pendidikan Masyarakat: Sosialisasi pentingnya keamanan pangan dan perilaku hidup bersih dan sehat.

4. Sanksi dan Tindakan Korektif: Penonaktifan sementara atau permanen SPPG yang tidak mematuhi standar inspeksi, serta pendampingan untuk perbaikan sistem.
 
Untuk mendukung kolaborasi ini:
 
1. Diperlukan penambahan 2-4 tenaga medis khusus per puskesmas yang fokus menangani program MBG.

2. Dialokasikan anggaran bersama antara pemerintah pusat dan daerah untuk biaya operasional, pelatihan, dan peralatan inspeksi.

3. Melakukan revisi pedoman teknis dan peraturan terkait MBG agar mengakomodasi peran Puskesmas dan Posyandu sebagai pengawas lapangan.
 
Catatan Penting tentang Sertifikasi:

Meskipun Surat Edaran Kementerian Kesehatan HK.02.02/C.I/4202/2025 mewajibkan Sertifikat Laik Higiene Sanitasi (SLHS) sebagai syarat operasional, sertifikat ini hanya menjadi standar hukum minimum dan tidak menjamin keamanan pangan mutlak. Program MBG harus menerapkan prinsip ""keamanan pangan sebagai prioritas utama"" tanpa mencari keuntungan di setiap tingkatan implementasi. Selain itu, perlu diantisipasi risiko penyalahgunaan proses sertifikasi yang dapat menjadi ladang korupsi, seperti kasus yang pernah terjadi terkait pemerasan sertifikat K3. Oleh karena itu, proses sertifikasi harus dilakukan secara transparan dengan pengawasan independen dan mekanisme pengaduan yang mudah diakses oleh masyarakat.
 
Kesimpulan
 
Program MBG memiliki potensi besar untuk meningkatkan status gizi anak dan mendorong ekonomi desa. Namun, keamanan pangan harus menjadi prioritas utama yang tidak dapat dikorbankan. Dengan menerapkan metode pengukuran yang tepat, memperkuat sistem pengawasan melalui infrastruktur yang sudah ada, dan menjaga transparansi serta akuntabilitas, program ini dapat berjalan efektif dan aman bagi jutaan anak Indonesia.",0,1 month ago,@rafaelmanalu5926
"Banyak rakyat yang tidak butuh MBG, tetapi pekerja yang ngotot harus MBG?. Korupsi tersistematis",0,1 month ago,@ciris4181
Program MBG.buat orang kaya bukan orang miskin oy. Berapa ratus triliun ini proyek musafir meninggal jaman nya jokowi dulu ada bantuan langsung dari buat MBG.mendinggan buat kesehatan sama pendidikan dan perumahan.,0,1 month ago,@PupuSupriyatman
Pak Mbg gak merata sekolah anaku juga ga dapat sekolah lain pada dapat saya dari kota Blitar pak 😢,0,1 month ago,@temancerita4572
"Progam kalau tidak ada riset nya ya amburadul. 
Indonesia memiliki presiden yang salah.",0,1 month ago,@JalaludinRumi-j6n
"Pak Presiden : MBG untuk mengatasi stunting, lebih baik dana utk makan anak daripada di korupsi

Saya : Daripada Dana ratusan triliun perhari dikorupsi mending tak kasih Asupan bergizi untuk semua ibu Hamil kalangan menengah ke bawah full sampai lahir. Jika Dana tersebut masih sisa akan ku buat pengadaan fasilitas, program pendidikan sekolah rakyat yang visioner, modern disertai program karakter dan agama yang kuat.

Itulah jalan menuju cita"" SDM bangsa unggul tanpa doyan korupsi",0,1 month ago,@Mr.Zee27
"Program MBG kacau alias amburadul.👋
Kualitas makanannya parah.😊
STOP MBG!🙏
Cuma buang2 duit APBN.🤑",0,1 month ago,@loinggrit8702
Ini rasio aja ! Siapa yg dkt dgn lemari itulah yg mdpt mamfaat nya !,0,1 month ago,@MNasir-w8p
rakyat indonesia banyak yang miskin,0,1 month ago,@juliekenatipuoktamamatjuliecha
mbg bagus kok demi allah tapi lebih bagus kuliah gratis  juga ada,0,1 month ago,@juliekenatipuoktamamatjuliecha
Untuk anak saya,0,1 month ago,@ilukanwar2553
MBG ITU PROGRAM KORUPSI PENDUKUNGNYA WOWO-JOKOWI; GANTI REJIM WAJIB DITANGKAP &ADILI -HUKUM BERAT,0,1 month ago,@tenjobertani3347
Mana ada korupsi kalau ada pasti ditangkap,0,1 month ago,@ongkekandarjo
"Sama aja kayak APBN dibagikan rutin tiap bulan buat para pemilik dapur sppg beserta 1,65 karyawan MBG. Produk dari program MBG yang seharusnya jadi fokus malah cuma formalitas seadanya aja",0,1 month ago (edited),@ttt.217
"Faktanya gara-gara ada MBG harga bahan pangan pokok jadi naik karena permintaan dipasar juga naik, masyarakat kalangan menengah kebawah yang paling merasakan dampak negatif adanya program MBG",0,1 month ago,@ttt.217
Bisnis golongan tertentu..,0,1 month ago,@herymansusilo900
Triliun rupiah berakhir di septitank,1,1 month ago,@sofiarival4656
MBG yang jelas nggak ada manfaat sama sekali buat rakyat ini program biadap bikinan jokowi cuma menguntungkan para maling dan bajingan dan merugikan negara 300 triliun tiap tahun kenapa nggak di bubarkan apakakh pemerintah dan presiden nya benar benar sudah gila kok malah bangga mroduksi Maling Bergizi  dungguh menjijikan kelakuan para pejabat dan penguasa yang mendzalimi rakyat,0,1 month ago,@mr.combat774
Ini program tidak NGOTAK!,0,1 month ago,@ahlanbick3418
Kasihan ya masyarakat harus terbebani utang negara karena kebijakan pemimpin,0,1 month ago,@rafelbokur11
"Bagaimana masyarakat tau soal buka nya MBG, sedangkan pada saat ini saya sekolah tidak ada mbg yang di salurkan, padahal minggu lalu sempat di liburkan 5 hari, negara hemat beberapa T, bayangkan 1 hari mereka untung  tanpa mengasih timbal balik ke siswa",0,1 month ago,@rafelbokur11
"Wooo kamu itu aadar gk, yg mejadikan kamu prwsiden itu rakyat, tp kenapa kamu tuli dngan keluhan rkyat?",0,1 month ago,@RAFFI._.EXEBOY
Hapus aja PK Prabowo,0,1 month ago,@SitiAzhar12-tv2hr
Presiden hrs turun tangkap pelaku yg korupsi progam bgs TPI d korup BKN otak manusia,0,1 month ago,@AyundaAfareen
"Gua lebih ridho duit pajak gua buat bangun infrastruktur, kaya pas jaman pria solo, ada trans-jawa, mrt, lrt, bendungan, belum pemerataan harga bbm di seluruh negeri, mangkanya gua rajin bayar pajak, tapi semenjak jaman ini, ada MBG, yang menurut gua itu jelas² itu proyek bagi² hasil ke pendukungnya dan mencari pendukung baru untuk pilpres 2029, karena sejatinya rakyat itu lebih suka di kasih makan yang ijo ijo dibandingkan dengan dikasih makan infrastruktur😂😂",1,1 month ago,@fernandaauzriel5707
"Batasi MBG hanya untuk Daerah 3T saja (Tertinggal, Terdepan dan Terluar) maka otomatis uang APBN bisa dihemat banyak tidak sampai 300 Triliun lebih...",0,1 month ago,@muhammadafriansyah9700
"Biar negara bangkrut yg penting program tetap jalan,tidak usah peduli rakyat",1,1 month ago,@ibumasri7085
MBG UNTUK PARA ELIT !!..,0,1 month ago,@agisadi2806
"jangan dilupakan bahwa MBG itu sistem nya semua modal awal di tanggung mitra dengan arti memang untuk beberapa orang mampu untuk menerima syarat itu, bukan berarti hanya orang yang memiliki relasi. jadi mohon di revisi untuk pernyataan nya. kalau untuk masalah permintaan berapa kuota nah itu saya baru setuju, karena rata rata memang menggunakan relasi. kok bisa? ya tergantung sudut pandang, kalau relasi nya antar sekolah ya sebagai asas kepercayaan kualitas, tapi kalau di luar itu ya asas bagi bagi hasil.",0,1 month ago,@saifulilmi6302
Ngomu juga dapet dana asing kah ?,0,1 month ago,@sulanisulani-k1n
"Sebagus apapun program pemerintah tetap akan berakhir buruk, sebab yg menjalankan programnya kebanyakan bajingan yang hanya ganti warna..",0,2 months ago,@bentolalala
"Presiden ganpunya program kerja sm sekali , hanya MBG, itu juga proyek titipan Jokowi, Presiden Slalu dpt menerima laporan palsu, tdk sm dgn kejadian di lapangan dri dapur ke dapur, presiden Slalu di zbohongin terus dlm laporan kepsla BGN
kly presiden di Bohongin Terus sm Bawahan itu nm nya pembofohan pelecehan penghinaan terhdp presiden,
MEGA PROYEK SENGAJA DI BENTUK HANYANUTK AJANG KORUPSI,
MBG LADANG KORUPSI YG HRS DI BUBARKAN DI STOP",0,2 months ago,@Sabarulloh-v4j
"Sebenarnya MBG seharusnya cukup hanya untuk bumil hingga balita agar cukup pemenuhan gizi  untuk pencegahan stunting, untuk sd hingga sma di stop dialihkan untuk kebutuhan pendidikan seperti fasilitas sekolah dan kelayakan guru² non pns",0,2 months ago,@saiduntrojan
"PEMERINTAHAN BUSUK !
ANTI KRITIK !
JABATAN TAK SESUAI DGN KEMAPUAN DAN OTAK YANG MINIMUM !
BEBEREPA KALI NYALON GAGAL, SEKALINYA JADI PRESIDEN MALAH TAMBAG GAGAL😂",0,2 months ago,@alhamdulillah-i6j
"Saya bukan mengajak berprasangka buruk, tpi kita sbg masyarakat sipil melihat program negara jgn terlalu polos😅",0,2 months ago,@androidxplaystation4006
"Saya bukan mengajak berprasangka buruk, tpi kita sbg masyarakat sipil melihat program negara jgn terlalu polos😅",0,2 months ago,@androidxplaystation4006
"trus tambahan, untuk masalah independensi pangan memang adalah salah satu tujuan akhir pemerintah. kalau mau swasembada memang hal tersebut harus di  kontrol oleh negara (kontrol yang baik).",0,1 month ago,@saifulilmi6302
"trus tambahan lagi, untuk masalah memotong anggaran pendidikan, beberapa hari lalu ada informasi dari pemerintah pusat bahwa itu sama sekali tidak benar. jika dari statement tersebut benar maka memang tidak ada pemotongan namun pemerintaah memiliki anggaran besar yang tersimpan dan secara tiba tiba di gunakan untuk MBG. dan dalam program ini memang berkaitan dengan pendidikan menurut pemerintah pusat. dengan arti MBG dan Pendidikan Adalah kesatuan namun fokus utama nya berbeda.",0,1 month ago,@saifulilmi6302
"Jelas2 ini program salah gak bermutu dan gak jelas ,,   yg bisa menyetop ini cuma rakyat , ketika rakyat sudah bersuara dan tidak di dengar2 , pasti ada harinya rakyat akan turun karna udah muak dengan kebodohan ini",0,2 months ago,@tryanbillalbillal4887
Next nya ada KDMP yg akan nyuplai ke SPPG bisinis nya Muter di kingkungan nya sendiri 😂,0,2 months ago,@basitprabu7324
Lebih tepatnya program maling,0,2 months ago,@rioalvian1331
"Menurut gw bukan skala prioritas, tapi masalah teknis yang harus matang sehingga distribusi bisa sesuai tujuan awal.

Lanjutkan MBG",1,2 months ago,@dismaadisurya
"DPR kerja santai santai gaji gila gila'an, Konoha konoha, kesejahteraan rakyat hanya omon omon",0,2 months ago,@andiemwl1992
Penguasa uzhur brkata MBG itu inpestasi .... 😂😂,0,2 months ago,@sitimisyati8677
Kan. Tr. Lanjut. Ke. Enakan. Koropsi. Br. Jamaah... Koplak,0,2 months ago,@aguszandra12
"Sebenarnya sedari awal sudah keluar jalur dari tujuan. Tujuan presiden nengatakan untuk menghindari stunting, sedangkan mbg malah diberikan untuk seluruh kalangan bukan yang sedang benar-benar membutuhkan",0,2 months ago,@telorajaib5662
"kalo mau tau mbg bermanfaat atau cuma bisnis ya liat aja tu kepala BGN, mukanya aja ijo",0,2 months ago,@caturgunawan87
"Mbg gak ada manfaat buat negara ,, dan rakyat bnyak yg nyari duit.. hanya ngabisin uang negara tanpa keuntungan.. kayak lo punya perusahaan tapi keuntunganya hanya buat makan.. gak ada timbal balik buat perusaan",0,2 months ago,@akasachannel2784
"Dan gara2 program ini investor pada kabur, harga pokok melambung, kita pedagang kecil sangat terdampak, paling parahnya anggarannya di korupsi dapur2 di daerah, parah",0,2 months ago,@GensyDorwell-m3s
Mbg asuuuu,0,2 months ago,@Riskun-z9q
program goblok berjamaah. krn lum siap tp d paksakan,0,2 months ago,@alvionitalee1307
Dari awal gua g se7 dengn adanya MBG krna cuma menmbh ruang korupsi baru buat orang2 nakal.....fkta yg sampai keurid2 cuma 6ribu rupiah mau brgizi gmnaaa uang 6ribu rupiah....dh gtu pemerinth mrsa jd phlawan ngasih mkn sehari skli aj...emak gua dari orok ngasih gua mkn sehari3kli kg bgtu2 amt suaranya.,0,2 months ago,@hendrapermana355
"MBG adalah proyek yang sangat-sangat dipaksakan oleh penguasa karena terlanjur menjadi janji kampanye pilpres kemarin. Apa pun akan dikorbankan demi proyek ambisius presiden. Kendati fakta di lapangan program MBG ini sama sekali tidak berfaedah dan cenderung menjadi lahan korupsi besar-besaran.
Aksi menghambur-hamburkan uang rakyat ini sangat merugikan APBN dan sangat banyak kerugian yang diakibatkan oleh program abal-abal ini.
Rezim ini terlalu bobrok !",0,2 months ago,@Soegale
Menyala Presidenku ❤❤❤,0,2 months ago,@dhizfamilycamp
"Anak ga minta,, dianggap smua miskin.. akhirnya 2030 makanan dikontrol bill gates,,,hrus mau makan daging sintetis",1,2 months ago,@morisnaga9847
"ki looo nii looo presiden tua klo di beri  ingatan yaa jawab nya mbg ada uang itu uang siapaaa 
giiilaaa 
gono kuwii kok wani nya  akan mendamaikan itan as wong dianya prabowo ikutan as  yaa ndak mungkin tooo",0,2 months ago,@rasyiidahayu4504
"3:31 
Pemerintah Presiden Prabowo Subianto resmi menaikkan Harga Pembelian Pemerintah (HPP) gabah kering panen (GKP) tingkat petani menjadi Rp6.500 per kilogram, berlaku efektif mulai 15 Januari 2025. Kebijakan ini bertujuan melindungi pendapatan petani agar tidak merugi, meningkatkan kesejahteraan, dan memperkuat kedaulatan pangan nasional.",0,2 months ago,@valentinoaldriansidabutar6191
cukup satu periode,0,2 months ago,@HenryBakry
"Jangan sampai kita memberi makan anak-anak hari ini, tapi mengorbankan kualitas universitas atau laboratorium tempat mereka akan bekerja di masa depan. Anggaran harus tetap menjamin porsi besar untuk R&D (Research & Development) agar kita tidak hanya menjadi pasar, tapi menjadi produsen teknologi.",0,2 months ago,@gunturdwipurwanto2087
Semoga para penghiat semua rezim segera mendapat balasan serimpal azab yg mengenaskan kasian selueu.ekyat hidup sengsara,0,2 months ago,@ChuriatiRochma-cy4vy
Mantaaap MBG harus dilanjutkan menampung pekerjaan dan mengurangi stunting gizi anak tanpa banyak teori,0,2 months ago,@Popor.
"HATI HATI  INI YG PUNYA CHANEL KALAU KELUAR RUMAH BUNGKUS MUKA PAKE KRESEK MBG
NANTI ADA YG NYIRAM AIR MANI LAGI DI JALAN,",0,2 months ago,@up.vlog76
"Coba 30 tahun yg lalu sudah ada MBG, nga kebayang skrng seperti apa. Dulu sarapan iya kalo ada. Kalo ada itu pun nasi campur air garam, makan singkong, makan pisang rebus. Blm tentu siang bisa makan. Bersyukur buat ank2 skrng dikasih makan gratis sama pemerintah.",0,2 months ago,@yosuwalenon
Yg kocaknye mknan kaya gitu katanye bisa ningkatkan IQ jd 100...😂😂😂eh dh  jln 1 thn iq jeblok di bawah 75...berhentilah bodohin rakyat... Cari usaha jgn yg nyatut nyatutlah... Haram... 😂😂😂,0,2 months ago,@AlifahFaturahmah
"Stunting gizi itu Muali Dari pembentukan janin jika, orang tua atau induk nya kurang, gizi kompleks seperti protein karbohidrat sehat buah buahan dan sayur dalam waktu 1,000 hari dari pembentukan janin hingga usia 2 tahun, sudah di pastikan anak itu stunting, jadi MBG hanyalah investasi, dari makanan lalu di keluarkan jadi tinja di WC ,",0,2 months ago (edited),@IrfanFanta
Rusak..Rusak..,0,2 months ago,@asfarayyan4749
Lebih baik uang nya kasih orang gc punya Yg tidak mampu pakkk,0,2 months ago,@rozzasakeshi2612
"MBG itu teknik presiden bagi bagi fulus kepada timsenya ,dan partai politik pendukungnya,Dana gila gilaan,tapi harga menunya yg didapat siswa hanya 6000 rupiah,tapi dana yg dikeluarkan pemerintah 15000 rupiah ,apalagi dapur MBG dapat intensif 6juta/hari setiap dapur mbg,",0,2 months ago,@SariYati-m5k
"Dgn akal sehat berpikir,TDK ada sama sekali manfaatnya mbg,justru ada benarnya yg dikatakan ketua BEM UGM,bahwa cari dan buat pilpres periode ke 2 dgn dibungkus omon2 manis,miris liatnya proyek ini,padahal UUD: mencerdaskan kehidupan bangsa justru dana pendidikan yg dipangkas,sengaja agar SDM negara kita TDK maju2 seperti jaman kolonial agar rakyat mudah dibodoh2in dlm proyek 5thnan dgn disiram bansos & uang tunai(pilpres,pilkada),",0,2 months ago,@YopiTumanan-g9y
Untuk circlenya lah 😅,0,2 months ago,@TheFaizu99
"Di negara maju warganya disuruh diet, di negara miskin warganya disuruh makan",0,2 months ago,@kumanmangat
MBG di persiapkan untuk 2029 oleh sebab itu di thn tersebut harus kita menangkan lg agar MBG tetap berjalan 😂😂,0,2 months ago,@ArwanaEmas-l2i
"MBG itu bukan lagi di sebut program tapi proyek, ditempat saya sendiri SPPG itu di kelola polisi ini saja jelas sudah melenceng dari tugas kepolisian",0,2 months ago,@hasan0185
"MBG tidak ada manfaat bagi rakyat, buang2 anggarab",0,2 months ago,@bornlies423
mbg maling bersama gurih 😂😂😂,0,2 months ago,@malaikaadreena2813
"Kalau mertuanya soeharto masih hidup pasti kena semprot dibilang goblok, itu program jadi tai",0,2 months ago (edited),@GunawanPutra-z8l
"BPK presiden Prabowo sudah menjelaskan MBG bukan program sosial, tapi investasi emas 2045, lihat 2046 generasi indonesia pasti luar biasa pintar,hebat cerdas sehat. Kalian2 pengkritik buta pikir..BPK Prabowo preseden terbaik sepanjang masa,patriotik rela berkorban",0,2 months ago,@kebanaransejati2758
"Yaa betul memperbaiki Ekonomi elit, pejabat dan penguasa.
Rakyat tetap miskin dan sengsara.
Ini menurut keyakinan saya, bila salah mohon maaf yooo🙏🙏🙏🙏🌴",0,2 months ago,@herdisutanto8567
"Tolong hentikan g mbg ,",0,2 months ago,@baharuddinuddin6663
mbg=makanan (ga) bergizi (ga) gratis,0,2 months ago,@dapudmuraik
Pemimpin muka tembok mau gurus dunia  internasional  wow begok gurus  MBG saja sudah  tidak jelas dasar pemimpin muka tembok 😅😂😂,0,2 months ago,@Nasrun-p9v
Tuk korop !!!!,0,2 months ago,@Muhammad-zm4cl
https://www.youtube.com/@RavaMutaharex,0,2 months ago,@RavaMutaharex
"Target 82juta orang, kali sepuluh ribu aja dalam sehari(porsi makan) 820M, wah nggak kebayang duit segitu setahun udh gimna nasib kantong negara ini? Sementara hanya jadi taik masuk wc.
Masalah bahan baku, juga import pastinya, negara ini kacau sekali, negara yg katanya subur tapi bahan makanan aja import.
Belum lagi nggak tepat sasaran buat yang di kasih makan. Nilai paling pentingnya di akhir, nggak ada manfaat program ini buat jangka panjang karena merusak buat anggaran lain yang lebih urgent. Tantangannya berani nggak pemerintah ambil anggaran dari hasil sawit di negara ini, baik swata atau pemerintah, karena udh lah sawit itu yg menikmati segelintir orang saja, tapi yang tanggung dampaknya masyarakat secara luas, Bahkan ekosistem hutan dan hewan pun ikut kena ruginya.",0,2 months ago,@rikoregar5518
"bingung dengan pola pikir pemerintah, udh tau program ini bikin kantong negara bangkrut tp tetep aj bersikukuh dipertahankan, sudah tidak sejalan dengan aspirasi masyarakat.",0,2 months ago,@mochsolikhin-h9k
Ganti presiden boleh saja.... Asal jangan ANIS karna dia tuh otaknya ga beres bakalan ancur negara kalo di pimpin sama anis,0,2 months ago,@elanazam8101
"Assalamualaikum Warahmatullahi Wabarakatuh.
BMG adalah LAHAN TERBUKA UNTUK PELAKU KORUPSI.
Mohon membacanya pelan - pelan saja, agar Tidak Gagal Faham. Terimkasih.

1. MBG memang sangat bagus. Akan tetapi BELUM PAS diterapkan apabila Negara Indonesia belum menetapkan Peraturan Hukum yaitu Hukuman Mati Buat Para Pelaku Koruptor.
2. Presiden RI Bapak Prabowo Subiaro, harus memikirkan kembali bahwa, MBG lebih banyak dinikmati oleh Anak Sekolah / anak orang kaya, dibandingkan anak sekolah yang miskin. Perbandingannya sangat jelas jika Presiden RI mau meninjau langsung disemua sekolah - sekolah yang ada di Indonesia, bukan hanya sekedar melihat beberapa sekolah dan menerima laporan dari Kepala Badan Gizi Nasional (BGN) yang tidak sesuai fakta dilapangan.
3. MBG adalah Program untuk sebuah kesempatan besar bagi pelaku korupsi / Lahan Korupsi.
4. MBG menjatuhkan ekonomi rakyat kecil yang sedang mencari nafkah disekitar area sekolah.
5. Perbandingan anak orang kaya dan anak orang miskin yang ada disekolah adalah, 60% Anak orang kaya, dan 40% Anak orang miskin.
6. Dana MBG diambil dari pemotongan Anggran Pemerintah diseluruh indonesia sebesar 50%.
7. Dana MBG diambil dari pemotongan Anggran Pemerintah diseluruh indonesia sebesar 50%., belum cukup, sehingga pemerintah kabupaten kota dan provinsi memotong Dana Tambahan Penghasilan Pegawai ( TPP ) sebasar 40%, 45%, 48%, sampai 60% disetiap daerah. Bahkan ada beberapa daerah yang menghapus Dana Tambahan Penghasilan Pegawainya.

ARTINYA : Dana MBG bukan berasal dari Dana / Uang Pemerintah Pusat.

Itulah sebabnya mengapa PNS, TNI, dan POLRI sangat meraskan dampak dari pemotongan anggaran kegiatan dan Tambahan Penghasilan Pegawai ( TPP ) semenjak Pak Prabowo menjadi Presiden RI. Ditambah lagi, harga - harga kebutuhan pokok dipasar naik secara drastis, dan iuran pembayaran listrik ikut naik secara drastis, pada hal sampai saat ini gaji PNS, TNI, dan POLRI belun naik. Tidak naiknya PNS, TNI, dan POLRI, tentunya berdapak ke masyarakat ekonomi kebawah.
#APA YANG MAU DIBELANJAKAN DIPASAR KALAU GAJI BELUM NAIK.
#LEBIH BESAR PASAK DARI PADA TIANG.

ERA KEPEMIMPINAN PAK SOEHARTO SEBAGAI PRESIDEN RI.
1. Pembangunan maju setiap tahunnya, pebangunan jalan masuk desa secara bertahap, dan listrik masuk desa.
2. Ekonomi Petani dan Nelayan dirasakan sangat baik waktu itu.
3. Jarang kita dapati jalanan diperkotaan berlubang, atau rusak parah, dan tidak pernah kita dapati jalanan berlubang ditambal pakai papin blok dijaman Pak Soeharto.

APA RAHASIANYA ??

1. Pak Soeharto sadar bahwa, cara efektif meningkatkan ekonomi masyarakat miskin adalah dengan mensejahterakan PNS, TNI, dan POLRI. Karena tidak mungkin, dan sangat mustahil apabila Presiden RI dan Pemerintah lainnya, turun langsung keseluruh indonesia untuk membagi - bagikan uang ke masyarakat miskin. Dengan kata lain, TIDAK EFEKTIF.

2. Pak Soerharto sadar bahwa, Mensejahterakan PNS, TNI, dan POLRI, indonesia tidak akan menambah utang negara, karena uang yang diperoleh oleh PNS, TNI, dan POLRI akan berputar terus menerus ke masyarakat kebawah ( Petani, nelayan, pengusaha swasta, pedagang dipasar, dll ), dan ujung - ujungnya uang tersebut kembali ke negara dengan membayar pajak, membayar iuran listrik, iuran sekolah, dll.

3. Pak Soerharto sadar bahwa, Mensejahterakan PNS, TNI, dan POLRI, tentunya akan ikut mensejahterakan para petani, karena harga jual semakin lancar, bahkan beras indonesia sangat diminati oleh negara - negara lain. Ekspor beras pada masa pemerintahan Presiden Soeharto, khususnya setelah Mencapai Swasembada Pangan pada tahun 1984, tergolong sukses dan lancar, bahkan Indonesia sempat diakui oleh Organisasi Pangan Dunia (FAO).

BERIKUT ADALAH POIN - POIN PENTING MENGENAI SITUASI EKSPOR BERAS DI ERA PAK SOEHARTO SEBAGAI PRESIDEN RI KE 2 :

1. Pencapaian Swasembada (1984) : Setelah bertahun-tahun mengandalkan impor, Indonesia berhasil membalikkan keadaan dengan mencapai swasembada beras pada tahun 1984.

2. Penghargaan FAO : Atas keberhasilan ini, Presiden Soeharto diundang oleh Direktur Jenderal FAO, Edward Saouma, pada 14 November 1985 di Roma, Italia, untuk memaparkan keberhasilan tersebut.

3. Bantuan ke Afrika : Indonesia tidak hanya mengekspor beras secara komersial, tetapi juga menunjukkan keunggulannya dengan menyerahkan bantuan 100.000 ton padi kepada korban kelaparan di Afrika pada tahun 1985.

4. Cadangan Beras Tinggi: Pada puncak pemerintahannya, cadangan beras di gudang pemerintah pernah mencapai 2 juta ton. 

Namun, perlu dicatat bahwa, Keberhasilan ini dicapai melalui Intensifikasi dan Ekstensifikasi Pertanian secara besar-besaran (Revolusi Hijau) yang didukung penuh oleh Teknologi dan Kebijakan Pemerintah. Meskipun sempat Swasembada, dalam Catatan Sejarah, impor beras tetap dilakukan pada waktu - waktu tertentu untuk Menjaga Stok dan Menstabilkan Harga.

PERTANYAAN SAYA :
1. Apakah Kepemimpinan Pak Prabowo sebagai Presiden RI dapat membawa Negara Indonesia ini menjadi Indonesia Emas ???
2. Apakah dengan mengandalkan MBG dapat meningkatkan Ekonomi Rakyat Kecil diseluruh Indonenesia ???
JAWABAN SAYA adalah : Semua itu hanya Politik dan Kita semua disuruh bermimpi disiang bolong sampai kita mati.
3. Lalu, apakah rakyat menengah kebawah masih berdiam diri dan mempertahankan sosok pemimpin seperti ini ???
4. Bagaimana Dengan Jawaban Anda ???

Demikian penjelasan dari saya, semoga bermanfaat bagi pembacanya. Kelebihan datangnya dari Allah SWT, dan kekurangnya dari diri saya sendiri.

Wassalamualaikum Warahmatullahi Wabarakatuh.",1,2 months ago (edited),@RadarMuslim-w6j
Buat apa gunanya MBG hanya uang dimakan habis. Ini produk gagal. Buat untuk turunkan pajak saja sangat membantu rakyat. Atau untuk bebaskan pajak. Jangan pejabat dan anggota DPR saja yg bebas pajak. MBG sampai 300 trilyunan??? ini pembodohan rakyat.,0,2 months ago,@amiryono4903
Takut banget disiram min,0,2 months ago,@caffelatte5713
"Anak anak orang kaya orang tua punya mobil Mala dapat MBG , kenapa gak kasih anak orang miskin, kalau sekolah Nusantara, sekolah Garuda saya sangat setuju itu untuk anak anak kalangan  bawah",0,2 months ago,@DoniYusuf-d6y
"dari awal kampanye, saya sudah kontra dgn program mbg ini. 
program ambisius yg berasal dari janji politik. ada baiknya dana pendidikan di peruntukan tuk Infrastruktur pendidikan yg merata terlebih dahulu.",1,2 months ago,@trhmn_raf
"Itu saya belajar dari orang Jepang cara mengawetkan nasi tetapi masih bagus untuk di makan,,,, 😊",1,2 months ago,@NurHj-e5y
"Saya sarankan kalau mau nasi tetap awet lama nasi harus menaruhnya di dalam kulkas nanti kalau mau makan harus panaskan lagi itu dia awet sangat lama bahkan bisa bertahan sampai satu minggu,,,,, 😊",1,2 months ago (edited),@NurHj-e5y
"Mau lu buat video kek manapun min ,progam ini gak bakalan stop ntah berapa orang yg keracunan ,atau dugaaan kasus korupsipun gak bakalan stop ,dari awal nyalon kan emg sudah di kasih tau progamnya ya ini nikmatilah ,",0,2 months ago,@menantuibumu237
Dana MBG 335T lebih baik dibagikan ke 280 juta kepala per orang  rakyat atau  dibagikan ke per satu kk seluruh indonesia  tidak ada kkn nya,0,2 months ago,@ImamUdin-t6b
Katanya mau hemat anggaran dan gak mau ada proyek mercusuar? Lah ini proyek apa? Proyek tiang listrik?,0,2 months ago,@andrew_ji
Audit aja besar besaran. Skandal korupsi pasti besar,0,2 months ago,@AliefHidayatulloh-x8f
Pertanyaannya kok yg dibahas keuntungan dan ekonominya terus ? Tujuannnya cari cuan apa ngurangin stunting sih?,0,2 months ago,@AliefHidayatulloh-x8f
"Menurut keyakinan saya dari pengalaman hidup, namanya gratis mereka yang menerima harus siap Terima apa adanya. Soalnya ""gratis"". Walaupun ppn sampe naik 15% dan MBG di alokasikan buat pendidikan gratis selama RAB tidak memenuhi Kantong pejabat dan partainya pendidikan akan tetap sama dengan fasilitas seadanya. Terkecuali komite sekolah ada pemuka partai yang berkuasa bisa saja fasilitas sekolah membaik ""asalkan"".....",0,2 months ago (edited),@zufry001
Kurang manfaat bagi Rakyat tp dibanggakan bahkan merugikan yg lain Kesehatan dan Pendidikan dikorbankan. Tp emang dasarnya Tambeng susah dibilangin msh aja jalan. Mengecewakan!!!😞😞😞😡,0,2 months ago,@Pranoto-e3v
MBG itu di nimmati buat orang presiden semua nanti 2029 buat kekuatan politik dan mbg rata rata ujung ujungnya ambisi kekuasaaan kakau emang niat mau kasih makan ke rakyat kasih aja langsung gak usan pake dapur dan lain lain,0,2 months ago,@rumahbagusproperti
"Jika benar kita menginginkan MBG yg berdampak baik secara ekonomi dan efisiensi dalam sistem pelaksanaan, maka akan lebih baik jika MBG dilakukan secara bertahap terutama didaerah pelosok lebih dahulu, setelah tahu kelemahan dan sistem yg baik dan telah berjalan baik baru diduplikasi ke daerah lain
Tapi ini kan program baru, banyak kekurangan dan celah korupsi tapi malah diterapkan secara besar-besaran dan anggaran yg luar biasa secara tiba-tiba. Bukan hanya beban ini justru program penghancur anggaran negara",0,2 months ago,@agungkurniawan122
uang soros udah masuk kah?,0,2 months ago,@Satriahusada115
"Buset dah temen gue udah teken kontrak jd akuntan, bisa kena geser sama temennnya kepala sppg brengsek emg program nepotisme😂",0,2 months ago,@sliceofapple2623
Heran juga lah sudah memakan korban nyawa siswa bgtu banyak masih berurat ngotot..,0,2 months ago,@berutuburut2679
"MBG itu investasi tinja..

Syarat kepentingan, pelaku usahanya mereka2 saja, bahan baku dan tenaga kerjanya dari mereka2 juga..

anak2 dikasih makan siang, tp malamnya lapar karena kalau sudah dirumah lauk pauk sudah tiada.
Orang tua anak pusing cari makan karena tidak ada kerjaan. Honorer/PPPK digaji seratus ribuan perbulan bahkan ada yang katanya akan di PHK...
miris 😢",0,2 months ago (edited),@Welianus_Zega
"Program MBG juga mengorbankan pekerja sektor lain, terutama puluhan ribu pegawai pemerintah seperti guru, petugas kebersihan, dan lainnya yang sudah mengabdi puluhan tahun dipecat dr pekerjaan krn dampak efisiensi yg dipaksakan. Sehingga menciptakan pengangguran baru
Itu kerugian dr sisi pemerintah 
Jika dr sisi swasta kerugian juga lebih parah dmn pembangunan berkurang drastis.
MBG memang menciptakan lapangan kerja baru tapi juga menciptakan pengangguran dgn jumlah yg sama banyaknya 
Jd dr sisi ekonomi tidak ada kemajuan sama sekali",0,2 months ago,@agungkurniawan122
"buat gemukin kolega pejabat timses relawan .. gizi siswa jadi alasan 
liat aja tuh banci gemoy dia relawan dr Bani 58 ..",0,2 months ago,@progpeople
"Sebelum program ini jalan, hal pertama yg bikin aku ragu pemerintah bakal lakuin adalah anggaran. Aku gak bisa bayangin mereka punya anggaran dan kemauan untuk program yang butuh uang sebanyak ini. Di mana mereka saja blm mampu ngasih akses pendidikan, kesehatan, dan kesejahteraan yg merata dan baik jangka panjang. Dulu, aku sempet mikir, mungkin pemerintah gak bisa lakuin secara masif dan langsung dalam satu waktu karena akan butuh anggaran yg super besar (meskipun pada akhirnya mereka juga nggak lakuin secara terencana dan jangka panjang). Eh, ternyata salah. Program yang bahkan sehari ngabisin 1 T lebih APBN tetep bisa jalan dgn cara netapin MBG sbg program prioritas. Jadi, selama ini, pemerintah bukan gak ada uang buat program-program strategis jangka panjang. Mereka cuma gak mau aja dan ngerasa gak nguntungin mereka secara politis.",0,2 months ago (edited),@zulkim7320
MBG byk manfaatnya utk rakyat Indonesia seluruhnya,1,2 months ago,@surahabubakar2544
"Mbg untuk para koroptor bro...... Kan sedikit dikit di catut, tapi kali berapa aja per hari. Enak itu rasanya melebihi mbg itu sendiri",0,2 months ago,@GunawanWan-bq9yh
mbg program ladang korupsi baru ini akan menghancurkan ekonomi negara,0,2 months ago,@NandaFitri-q2s
Alah alah di kasi makan salah gak di kasi makan  ribut  brita brita gak guna,0,2 months ago,@lyrickita6339
"Adanya MBG banyak keluarga dan tetanggaku punya pekerjaan, lumayan dapat penghasilan walau kecil tapi bisa untuk makan, alhamdulillah",0,2 months ago,@inangmulyana2848
"Program nya bagus. Tp saya selaku pelaku usaha di kantin sekolah SMA negeri di daerah Jawa tengah sangat berdampak. Jualan kami sepi. Bahkan sekarang sudah tutup hampir 1 tahun ini. Saya beserta temen2 di kantin mau tdk mau. Harus mengeluarkan karyawan yg sudah ikut. Soalnya buat bayar karyawan tdk cukup. Bahkan untuk sewa tempat gk nutup. Bahkan minus. Walau sudah GK pakai karyawan. Akhirnya jualan saya di kantin tutup.
Dan saya juga ada jualan di luar sekolah pun sama aja. Karna tingkat konsumsi berkurang.
Sedangkan harga bahan baku 1 th ini GK pernah turu. Saya usaha di kantin udah 2 tahun ini.
Sedangkan saya usaha yg di luar kantin sudah lbih dari 5th.
Sebelumnya harga bahan baku naik cuma kalo mau lebaran dan tahun Baru.
Tapi mulai tahun kemarin hampir 1 tahun harga bahan baku cenderung naik terus. Gak turun2.
Saya usaha kentucky+nasi dan minuman. 
Bahkan di kantin sekolah SMA yg jualan nasi bumbu kebanyakan sudah gak memasak lagi . Karna ada MBG.
Dan sampai sekarang blom ada solusinya. Akhirnya saya untuk sementara semua usaha Kentucky saya udah aku tutup. Dan sekarang krja serabutan. 
Menurut pendapat saya . Bila ada program tolong kasih solusinya,
Program nya bagus. Tapi di sisi lain bnyak yg akhirnya usahanya off.
Yg katanya harus krja sama MBG. Fakta di lapangan hubungi kmana. Aku tanya2 juga katanya GK bisa. Kan tmbah bngung.
Ini hanya keluhan dan pendapat saya. Kalo tdk di sosmed mau keluh kesah kmana lg soalnya 
Bila ada salah ucap minta maaf yg sebesar2nya.",0,2 months ago,@muhamadmaskuri6455
MBG SOLUSI SETIAP MASALAH,0,2 months ago,@ZanderSmith-j5p
Alhamdulillah masih kebagian makan mie instan tiap hari🙏🏻🙂‍↕️,0,2 months ago,@ZhiYangYao_Official
"Saya rasa pemerintah sdh sadar kalau masih terlalu dini kita melakukan MBG. Masih ada urgensi lain dan sistem pengawasab juga perlu dibenahi.
Pemerintah tidak perlu kehilangan muka alias gengsi untuk mengakui kesalahan dan berubah. Atau tidak perlu akui kesalahan deh, minimal langsung sesuaikan saja kebijakan, silahkan salahkan perang dll. Rakyat pada akhirnya hanya butuh kebijakan yg tepat ditengah himpitan ekonomi, dan pemerintah yg melepas ego untuk menjawab itu saya rasa akan jauh lebih dihargai.",0,2 months ago,@JovianMadridista
Ngotot program mbg untuk keuntungan para pejabat dalam mendukung pemilu 2029,0,2 months ago,@Opo69Scp
Hetikan MBG yg jelas jelas banyak merugikan Rakyat dan kabarnya banyak terjsdi Korupsi,0,2 months ago,@PakSantoso-u5i
"Dananya dari pajak masyarakat dan mereka bilang ini program makan GRATIS, Lawak bener😂😂😂😂😂😂😂😂😂😂",0,2 months ago,@under0919
Ya karena uang dari Rajyat untuk Rakyat ...ga bocoe keluar ( belanja dan gaji pegawai dan dimakan berputar dalam Negeri ) ga ke luar negeri...,0,2 months ago,@budidjumono8143
"Untuk pembuat program dan antek2nya, lumbung",0,2 months ago,@JanuarNahampun-f3s
"Kabarnya Program MBG banyak banget kelemahan2nya dan kabarnya dimonopoli satu Partai Politik dan Banyak terjadi Korupsi,Mengerikan dan benar2 bisa Merusak Perekonomian Negara yg bisa sangat merugikan rakyat dan Perekonomian bangsa dan Negara",0,2 months ago (edited),@PakSantoso-u5i
pak mbg mendi dibagikan ke yg bermanfaat dari pada mbg tidak sesuai dengan yg bergizi,0,2 months ago,@SitiNurunisa
"Ini presiden kepala batu dah buta dan tuli, klo ngomong ny koar2 mukul meja tp hasil ny O besar, saya nyesa2 banget telah memilih anda pak",0,2 months ago,@ArinNda-m3l
"tenang aja min, targetnya cuma 2029, abis pemilu bakalan dilupain tu MBG, pasti diganti program lain yang menggemukkan rekening pribadi, mirip2 IKN sama whoosh pas rezim sebelumnya🤣🤣🤣🤣",0,2 months ago,@azuragazni8170
"Knp para intelektual di indonesia ga ngotot juga buat hentiin program ini., ini program sungguh"" tidak baik untuk byk sektor ...!!!",0,2 months ago,@DianYulastri
Prabowo cukup 1 Periode. Ok. Sepakat. Kalau aku GOLPUT di Pilpres 2029 nanti.😊,0,2 months ago,@rafaelmanalu5926
"1 Susu prenagen buat ibu hamil,
Kurma 3 biji,
Buah klengkeng 3 biji,
Roti coklat 1 biji.

Itulah makanan bergizi yang di berikan kemaren2",0,2 months ago,@pujiyanto7137
Dgn kantin sekolah lbh mantap jd lbh dipertanggung jawabkan..,0,2 months ago,@YayatAhdiyat-h9p2b
"Presiden paling koplak sepanjang sejarah.....
Bukannya memberantas korupsi malah membuka lahan korupsi.....
Masalah utama di negara ini cuma satu,  yaitu KORUPSI",0,2 months ago (edited),@koreswijaya3390
"Bermanfaat untuk orang"""" tertentu....terutama para pejabat",1,2 months ago,@phorongtea
"Saya yakin sebagian besar rakyat NKRI tidak setuju dg MBG,..maka bubarkan saja MBG",1,2 months ago,@ausan2633
"ka luna
boleh bantu sampaikan kah ke pihak yang di atas sana untuk jangan lupa dukung sektor Expor komoditi juga
krn dengan nya kita bisa expor lebih banyak dan luas
dampaknya di masyarakatnya pasti akan lebih luas juga
di samping MBG tetap berjalan, sektor Expor pun jgn di lupakan karena itu pejuang divisa negara kita
mungkin dari narasi video ini 1 sisi mgb menggerakkan sbagian masyarakat, lalu bagaimana jika 1 sisi expor yang di support pemerintah, itu juga pasti akan menggerakkan sebagian masyarakat yang lain yang tdk berdampak lansgung dgn porgam mbg, agar sektor pertanian dan perternakan yang jadi dasar sumber utama bahan baku juga bisa di tinggkatkan, harapan nya dengan bgitu sektor swasta yang terlibat juga semakin luas dan banyak, masyarakat tergerakkan dgn program itu semua
tinggal skali lg pengawasannya yang memang hanya Tuhan yang mampu menjalankan semua dengan sempurna, sebagus dan sebaik niat program apapun itu akan slalu saja ada oknum2 yang ""menunggangi"" nya yg mmbuat stiap program slalu saja ada kurang dan salahnya
bgitu lah hukum dunianya, itulah bukti surga n neraka itu ada
tinggal skrg bagaimana kita tetap bersama konsisten dalam kebaikan, doakan smoga yang buruk segera sadar dan yang sdh di jln yang benar pun di istiqomahkan sampai dengan tuhan berkata Waktunya Pulang

karana semua ini hanyalah wasilah kita menggunakan jatah usia kita di dunia ini untuk di gunakan di jalan yang mana
krn hanya dengan sadar iman dan takut akan tuhan, semua program akan berdampak baik krn slalu mengutamkan kebaikan untuk sesama karena merasa di awasi oleh tuhan dan semua itu akan di hisab

tamatlah sudah, alkisah kami 🙃",0,2 months ago,@rianwbi
"Alasan Kuat Mengapa Puskesmas dan Posyandu layak sebagai Pengawas Lapangan (Field Supervisor) di Dapur-dapur SPPG-MBG

Lembaga baru berarti struktur kemitraan yang baru, dan struktur kemitraan yang baru berarti peluang baru untuk praktik pencarian rente di dalam jaringan patronase yang menopang kekuasaan.

Puskesmas dan Posyandu merupakan infrastruktur negara yang sudah ada, sudah teruji, terbukti, tersebar hingga ke pelosok, dengan kapasitas surveilans, inspeksi sanitasi, dan respons KLB terbaik dari era Soeharto hingga Jokowi; tidak ada ruang bagi praktik pencarian rente baru di sana.",0,2 months ago (edited),@rafaelmanalu5926
MBG untuk pengusaha SPPG  yg memperoleh keuntungan banyak....,1,2 months ago,@SlametKuwadi
"Mengapa BGN didirikan sebagai lembaga baru yang terpisah dari Kementerian Kesehatan, dan bukannya memperkuat kapasitas Kementerian Kesehatan dan jaringan puskesmas yang sudah ada?",0,2 months ago (edited),@rafaelmanalu5926
"Sebenarnya ini program bagus. Hanya tata kelolanya yang bermasalah. Salah di kebijakan awal semuanya. Buktinya: Kemenkes, dinas kesehatan daerah terutama Puskesmas tidak dilibatkan secara optimal dalam perencanaan, pelaksanaan, dan pemantauan/pengawasan diawal kebijakan MBG ini (Surendra et al.,2026). Dan tidak ada dilakukannya pengawasan rutin, melekat, serta menyeluruh di Dapur-dapur SPPG-MBG/unit produksi karena tidak ada pengawas lapangannya. Belum lagi efisiensi dan potensi markup bahan baku pangan MBG diatas harga HET (seperti yang diakui BGN sendiri di banyak SPPG lain). Ditambah Sertifikat Laik Higiene Sanitasi (SLHS) yang seharusnya menjadi jaminan utama keamanan pangan di dapur Satuan Pelayanan Pemenuhan Gizi (SPPG) Program Makan Bergizi Gratis (MBG), dalam praktiknya kerap hanya bersifat formalitas administratif.

Banyak dapur MBG berhasil memperoleh SLHS meskipun infrastruktur dasar seperti Instalasi Pengolahan Air Limbah (IPAL) tidak ada atau tidak berfungsi. Dua kasus mencolok menjadi bukti, yaitu: 1) Kasus Hendrik Irawan di Batujajar, Bandung Barat (Maret 2026); dan 2) Skandal SLHS Purwakarta (Desember 2025). 

Menurut Pengamat kebijakan publik dari Lembaga Kajian Kebijakan Publik Purwakarta, Rizky Widya Tama ( 2 Desember 2025):

Jika benar ada dapur tanpa IPAL tapi dapat SLHS, ini jelas sebuah kejahatan. Jangan sampai program mulia ini ternodai oleh praktik koruptif dan kelalaian yang membahayakan nyawa anak-anak kita.


Pertanyaannya:

Apakah Perlu MBG di tutup?

Jawabannya tidak, mengapa?

Karena MBG dirancang tidak hanya sebagai upaya mengatasi persoalan gizi kronis seperti kekurangan gizi, stunting, atau anemia, tetapi juga sebagai langkah strategis untuk memperbaiki pola makan anak yang semakin dipengaruhi oleh jajanan tinggi gula, garam, dan lemak. Dan program ini hanya perlu perbaikan tata kelolanya melalui penguatan pengawasan melekat dengan menjadikan Puskesmas dan Posyandu sebagai field supervisor di Dapur-dapur SPPG-MBG disertai dengan verifikasi lapangan rutin dan substansial (bukan hanya dokumen) oleh Puskesmas secara ketat agar sertifikasi MBG (misalnya, SLHS) tidak menjadi syarat formalitas administratif untuk operasional semata.

Inilah yang disebut sebagai pengawasan berbasis komunitas dan sosial kontrol. Belajarlah Indonesia dari Brazil, India, dan Thailand tentang sistem pengawasan School Meals/Feeding",0,2 months ago,@rafaelmanalu5926
"Yg bikin anggaran dan ekonomi makin nyungsep:
1. Masuk BOP dan keluar duit untuk masuk BOP
2. Ga ngucapin bela sungkawa bikin Iran kesel dan dampaknya Iran mempersulit kapal tangki minyak Indonesia
3. Melihat langka dan mahalnya BBM, membuat membeli dari ""negara tujuan impor lain"" dapat dipastikan lebih mahal
3. MBG yg tidak tepat sasaran dan jadi lahan korupsi berjamaah, memakan korban, dan pelaksanaannya banyak yg amburadul tapi tetep dilanjutin. 
4. Koperasi Desa Merah Putih yg notabene sudah pernah ada BUMDes (tidak jalan di banyak daerah) tetep digalakkan. Agrinas pun banyak buat keputusan ga masuk akal dan terdapat indikasi korupsi.

Kan dari dulu sudah ada anggaran untuk makan bayi dalam rangka menghindari stunting yg mungkin lebih tepat sasaran karena yg bagiin posyandu. Nah itu, tinggal diperluas saja penerimanya untuk anak2 sampai usia 15/18 tahun dari golongan kurang mampu dan ditingkatkan kualitasnya. Jangan dikasih ke semuanya coy. BPS diatur agar data survei terlihat cakep dengan hanya menunjukkan orang miskin Indonesia 8,5% dari total populasi. Ya berarti kasih aja MBG ke 8,5% itu. Malah dikasih ke 91,5% nya juga yg menurut BPS ga miskin. ""Coba pikirkan secara logika! Ha ha. Ayo pikirkan secara logika!"". Bikin data atur2 sendiri, dibantah sendiri pula yg penting bisa bagi2 kue.

Kemudian sekarang pekerja disuruh WFH yg bikin kurang produktif dan anak2 juga disuruh belajar online yg juga lebih ga efektif. Kondisi ekonomi susah, disuruh beli kuota. Emang berapa sih hematnya dari keputusan kayak gini? Jelasin dong pakai prognosa dengan data yg dapat dipertanggungjawabkan. Biar bisa bandingkan dengan dana yg digelontorkan untuk MBG dan KDMP. Biar rakyat melihat dan tahu. Please jadikan akuntabel dan transparansi pemerintah itu sesuatu yg nyata, bukan hanya sekedar jargon.

Dengan kondisi ekonomi yg sulit ini, banyak pengusaha struggle dan akhirnya PHK banyak orang, lapangan kerja pun makin dikit, masyarakat ga punya banyak duit buat spending, belanja kurang bikin pasar lesu dan akibatnya pengusaha banyak gulung tikar. Pemasukan negara dari dari pajak pun makin sulit digali. Boro2 bayar pajak, bertahan aja susah. Hal ini bikin snowball effect.

Kalau kalian mau rakyat Indonesia rela bayar pajak, tunjukkan dulu integritas dan berikan manfaat yg lebih nyata buat rakyat.

Emang repot negeri kita ini. Pejabat yg pinter tapi terkekang oleh para pemimpin yg bodoh atau orang2 korup. Orang2 bodoh atau orang2 korup itulah yg emang ""ditaruh"" agar Indonesia dapat dimanfaatkan oleh negara2 atau oligarki dunia yg punya kepentingan di Indonesia.

Saya hanya orang yg menangis melihat bangsa saya dijajah dan kesusahan cari makan di negeri sendiri. Meratapi nasib bangsa ini dan nasib anak cucu kita kelak jika negara kita tetap saja seperti ini. Dipimpin oleh orang2 bodoh atau korup dan dikendalikan oleh para orang2 busuk yg keserakahannya tak berujung.

Kita tidak hidup selamanya di dunia ini. Jadi tinggalkan legacy yg baik. Ini juga sebagai pengingat saya pribadi.

NB: Bagi para buzzer yg sama busuknya dengan pejabat korup. Semoga kalian segera sadar dan dapat pekerjaan dari jalan yg benar dan halal.",0,2 months ago,@Alangkahlucunya1993
udah hentikan mbg karena manfaatnya TDK ada,0,2 months ago,@WagiminWagimin-f3v
"Apapun ceritanya, Puskesmas dan Posyandu dari era Soeharto hingga Jokowi, sudah terbiasa dan teruji dalam melaksanakan program Gizi Nasional dan melakukan pencegahan keracunan makanan massal. 


Lihatlah Program PMT Puskesmas dan Posyandu (Program Presiden Soeharto), justru program PMT Puskesmas dan Posyandu ini lebih berkualitas dibandingkan dengan program MBG Prabowo.",0,2 months ago,@EvanoTan-t3c
"SLHS, IPAL, dan Dapur SPPG-MBG Hendrik Irawan (Oknum Joget 6 Juta)

Kok bisa ya, sertifikat SLHS untuk SPPG-MBG Hendrik Irawan terbit, padahal dapurnya belum menyediakan Instalasi Pengolahan Air Limbah (IPAL)?",0,2 months ago,@EvanoTan-t3c
"MBG sangat bermanfaat ,tapi pengawasanya harus diperketat di setiap dapur ke dapur !!! MBG selain memberi gizi untuk anak tapi memberi lapangan pekerjaan dan juga membantu para petani dan peternak !!! Semoga mbg bisa merubah pola makan rakyat indonesia yang tidak sehat",0,2 months ago,@ryantoutsiders6849
"Oh Noel...

Jika sertifikasi K3 senilai Rp275.000 bisa berubah menjadi pemerasan Rp6 juta, maka SLHS untuk dapur MBG, yang menyangkut kontrak bernilai miliaran rupiah, memiliki risiko korupsi yang jauh lebih besar.  Ehmmm",0,2 months ago,@BenGeraldo-f7x
"Tak menutup kemungkinan ada tiga lapis Korupsi dalam Satu Program MBG, yaitu:

Pertama
Korupsi akses (hulu): lihat hasil riset dan temuan ICW.

Kedua
Korupsi operasional (tengah): Markup bahan baku pangan di atas HET diakui sendiri oleh BGN. 

Ketiga
Korupsi sertifikasi (hilir): SLHS diterbitkan tanpa IPAL, tanpa inspeksi substansial, berpotensi mengikuti pola korupsi sertifikasi K3.",0,2 months ago,@BenGeraldo-f7x
"Kasus Joget 6 Juta dan Skandal SLHS Purwakarta

Program MBG ini  sertifikasinya hanya sebatas formalitas administratif doank. Lebih kurang seperti kasus sertifikat K3 di Kemenaker, kasus Emmanuel Ebenezer.

Kasus Emmanuel Ebenezer ini paralel dengan kasus Sertifikasi MBG (Sertifikat Laik Higiene Sanitasi/SLHS) dimana sertifikat MBG ini diterbitkan hanya sebatas formalitas meski infrastruktur dasar seperti IPAL tidak ada atau tidak berfungsi (contoh: kasus Hendrik Irawan di Bandung Barat dan skandal SLHS Purwakarta).

Note Important:

Tolong KPK turun tangan melakukan investigasi.",0,2 months ago,@BenGeraldo-f7x
"Proyek MBG, Kopdes, konversi motor listrik, gentengisasi. Semua proyek ini menuntut pengorbanan dari rakyat, apparat pemerintah tidak ada yg merasakan pengorbanan sebesar ini.

Hapus semua Pungutan, Cukai dan Pajak. Hapus PPH, PBB, STNK kendaraan, BPJS, TAPERA dll. Gara-gara pajak rakyat jadi tidak bisa menabung dan pajak juga mengurangi kemampuan belanja rakyat dan distribusi uang/kesejahteraan di masyarakat. Belum lagi bicara masalah pemanfaatan tambang dan kekayaan alam Indonesia.

Cukup PPN-10% saja. Karena semua rakyat pasti bayar pajak yaitu: PPN. Anak yatim beli sendal jepit pasti kena PPN. Orang kecil beli rumah kecil, maka PPN-nya juga kecil. Orang kaya beli rumah besar, maka PPN-nya juga besar. Sudah otomatis itu semua.*

Ada yg bilang PPN10% tidak cukup…  Berapapun tidak cukup kalau pemerintah foya-foya proyek, bagi-bagi proyek, pembangunan fisik yg serba mewah, apparat pemerintah hidup bermewahan.*

Pajak cukup PPN-10% saja. Dengan berbagai macam Pajak dan Pungutan seperti PPH, Pajak STNK, PBB, BPJS, TAPERA, rakyat jadi tidak bisa menabung. Padahal tabungan itu suatu hari akan dibelanjakan untuk meningkatkan taraf hidup dan keadaan darurat dan Lebaran. Jadi rakyat secara mandiri bisa memenuhi kebutuhan dasar.* 

Disaat membelanjakan tabungan ini per-ekonomian berputar dan berakselerasi. Pertumbunhan Ekonomi didorong oleh belanja rakyat. Supply and demand di dorong secara organic dari rakyat. Jadi uang itu berputar ditengah masyarakat, maka distribusinya akan lebih luas. Supply and demand yg di-drive oleh rakyat akan jauh lebih besar dan jauh lebih merata dan berkeadilan. 

Kalau uang itu ngumpul dan ditimbun dikantong  pemerintah, akan dipakai belanja pemerintah yg cenderung foya-foya proyek, bagi-bagi proyek, Ibu Kota mewah, Kereta api cepat mewah, gedung kantor mewah, mobil mewah, bandara mewah, rumah dinas mewah. Serba kemewahan adalah pemborosan dan itu semua sifat setan dan Firaun.*

Ada 280jt rakyat, artinya setiap hari pasti ada yg menabung dan setiap hari pasti ada yg membelanjakan tabungan-nya. Tidak mungkin 280 jt rakyat menabung disaat bersamaan. Menabung bukan berarti tidak belanja harian.*

Pemerintah malah menjadikan rakyat sebagai sapi perah, diperas keringatnya dengan pajak, supaya bisa hidup mewah, dapat pensiun, dapat gaji diatas UMR, foya-foya proyek, mobil dinas mewah, tunjangan rumah, perjalanan dinas mewah, dll.*",0,2 months ago (edited),@wisnumardenda5871
"2:10 MBG, akal²an pemerintah memenuhi syarat minimal target anggaran pendidikan. 
Tapi, banyak makanan yang terbuang karena tak layak makan. 

MBG juga makan anggaran Sosial dan Kesehatan. 

Ada juga ""Mark Up"" harga belanja bahan makanan.",0,2 months ago,@vankuro4453
Prabowo pintar bikin program MBG dan KOPERASI MERAH PUTIH. 😂,0,2 months ago,@rg832
"Menurut saya MBG itu program acakadut, bukan untuk menaikan ekonomi nasional tapi menaikan pundi"" kekayaan pra bandit politik di wilayah nya masing masing.. gizi anak ttap tidak berubah stanting tetap tinggi. APBN boncos..",1,2 months ago,@champurantv
"Buat korup lah uda pasti, sapa di Indo yg ga tau, mau jadi pejabat itu buat apa dan modalnya apa?",0,2 months ago,@randommandom604
"Maling Berkedok Gizi, manfaat nya sedikit tapi kerugian nya jauh jauh jauh lebih banyak,jadi ajang korupsi berjamaah",0,2 months ago,@armandedogawa9212
Bisa buat korupsi,0,2 months ago,@Vespaboys71
"Bagi2 uang korupsi kroni2nya,,liat sj yg punya dapur,,org partai, parcok,,instansi 2 pemerintah,,,,..rakyat jd kuli nya,..",0,2 months ago,@DanuWijaya-t3l
"Program Mbg hny jadi beban negara/rakyat ,
Program ini hanya utk penggemukan termul..",0,2 months ago,@khoirotinnikma2036
Bagi saya seorang pensiunan menyekolahkan kedua cucu kami sangat terbantu adanya MBG,0,2 months ago,@PklTepUNIPAR-w9n
"Cara menghancurkan generasi muda paling efektif. Sekali celaka  ratusan orang, gak usah capek2 bikin trauma satu persatu, dan kalaupun sukses mati, sekalian banyak.",0,2 months ago,@lusiadjaja-cb6vq
Selamat datang di rezim anti kritik. Dikit dikit makar,0,2 months ago,@AhmadJazuli-e4f7o
Program perekonomian para koruptor para maling anggaran,0,2 months ago,@shohidin1233
Lah kalo demand pasar nya banyak harusnya makin bagus dong. Itu bisa menimbulkan minat bagi generasi muda buat bertani juga. Wkwkw,0,2 months ago,@dheakurniawan9202
MBG untuk para koruptor biar panjang umurnya...,1,2 months ago,@SupriYatno-h4c
"Yg jls yg dpt order hampir semua pendukung inti, jadi program MBG mmg hrs ngotot karna demi mmberi kesempatan pendubgnya penguasa afar dpt ikut serta nikmati uang hasil pajak dr rakyat.    Dn fikorup demi mmbiayai pencaperesan di th 2029",0,2 months ago,@murlansigit9846
2:35 minyaknya cui,0,2 months ago,@jonipx
Akan lebih irit dan bermanfaat bila dimasakin oleh ortunya.,2,2 months ago,@GedeOkamara
Sungguh kasihan Indonesia sampai orang tua nya ngasih makan bergizi pada anaknya saja tidak mampu katanya sih negara kaya,0,2 months ago,@Nunuk-q9m
"Min di berita banyak yg bilang ekonomi cemas,,, bener ga sih?? 
Tapi jalanan full macet tiap hari,",0,2 months ago,@kalistapromotion2759
"gak pntg, bisnis yg dibentuk utk mencairkan APBN dilakukan berjama'ah.. mnding urus guru honor.. biar pendidikan tersalurkan dg baik",0,2 months ago,@bayujuliansyah731
"Ya utk rakyat yg kerja rakyat yg makan rakyat, dan hasil pangan pun dari rakyat",0,2 months ago,@gibro_capster
Program kayak gini harus dijaga. Jangan sampai hilang.,2,2 months ago,@LangkahSquad
"Ngotot tolak MBG demi siapa??
Biar fair....",0,2 months ago,@mufidzahir6888
Ini untuk anggota DPR TNI dan polisi,0,2 months ago,@zainuddinzainuddin6669
"Untuk apa bangun dapur mahal2. 
Tinggal Renov kantin2 sekolah dan berdayakan lingkungan sekolah dan porsi makanpun biarkan siswa ambil sendiri sesuai porsinya agar tidak mubadzir",0,2 months ago,@sardihidayat3712
Programe setan,0,2 months ago,@GentengGenteng-e6p
"Yg beban kan rakyat jelata bayar pajak, yg pasti cuan pejabat BANGSAT!",0,2 months ago,@dianpriyambudi
350 T/ th cuman jadi taik....mending cungkring yg katanya boros 100T jd woosh kereen.,0,2 months ago,@HimawanDw
"Klo.mbg.buat.makan.
Pejabat.biar.cerdas..pinter
Pinter.bohong.nipu.korupsi",0,2 months ago,@warihtopan
"Mbg membantu rakyat..emang nya uang siapa..itu efisiensi pandai2 prabowo, jokowi 10 thn menyusahkan rakyat kalian kemana",0,2 months ago,@IkitenanssprmOpo
Gunakan saja logika. Baca gerak tubuh seseorang. Tempat yang paling aman itu bersembunyi dekat musuh.,0,2 months ago,@raptorinc
Wkwkw dijaga agar komplotan prabowo cuan terus 😂,1,1 month ago,@Hasannasbiiiii
Orang lain sudah melangkah jauh indonesia masih program mbg kerap korup pendidikan tuh  benahi untuk masa depan bangsa biar pada pinter biar menguasai teklnologi soal perut ada orang tuanya kasih pekerjaan orang tuanya biar ngasih makan yang bener,0,2 months ago,@AhmadSholeh-p2q
ini program banyak banget kebocorannya 😂,0,2 months ago,@ott9878
"Kalo pendapatku jelas2 bikin beban negara, hapus saja program MBG",0,2 months ago,@AhmadCarita-xx3qv
"MBG baiknnya dihapuskan aj,,bkn skala prioritas 'yg nikmati mrk ""@j  'program bgs pelaksanaan ke bwh amburadul .",0,2 months ago,@Muzakizaki-t5j
"Tujuan dari MBG katanya kan untuk menurunkan angka stunting Yach...
Nah, gak lama lagi pasti akan ada berita angka stunting menurun😂 beritanya lagi dibikin...😅😅",0,2 months ago,@RizkyBastian-e4z
kalo mau berhenti y TURUKAN RI 1 ..,0,2 months ago,@muksony3862
Kemarin pilpres yang pilih 02 absen sini,2,2 months ago,@minotour78940
"Kenapa MBG harus ke semua wilayah? Kenapa tidak kategori 3T saja? 
Kenapa ngasih makan anak orang kaya?",0,2 months ago,@magiachannel
"program mubazir
membebani keuangan negara",0,2 months ago,@Fen761o
program biadab,0,2 months ago,@pentinggayeng
Progam kok marong nasi apaka ini sengajah juwalan nasi yg di prodoksi pemimpin  kita yo isok mala macet ekonominya ya faktanya jelas,0,2 months ago,@AsmoroDono-z8h
Mbg bobrok,0,2 months ago,@nyidamsari7045
Duit triliunan jadi taek dan masuk ke kantong koruptor / segelintir pihak doank.,0,2 months ago,@heronymuspuspoyudo7682
"Problem nya di pegang oleh Para pejabat atau keluarga pejabat,atau organisasi pemerintahan.",0,2 months ago,@bennyoekasah9687
Program makhluk2 zalim antek2 dajal,0,2 months ago,@08ikfir
Program mbadog para pejabat,0,2 months ago,@agungnugroho5591
"Kenapa yaa ptes prabowo separah ini. 
Aduhh cape dehh sudah jelas gc tepat sasaran, jelas mubajirr. 
Kenapa jadi BODOH yaa",0,2 months ago,@MayaVioletroja-c6z
Ijin sebelumnya kemaren pas lebarang orang desapun merasa mbg itu kurang karena banyak hal yang harus dievaluasi pdhl kalo misal menu makan orang2 kayak km pun sederhana nasi sayur bayam lauk protein nabati maupun hewani udah cukup,0,2 months ago,@temankamu6905
Mumet Prabowo ini Ndak cocok untuk presiden berat ....segera DpR memeri solosi yg baik dengan segera ...,0,2 months ago,@Tukiran1234-q5l
Selama MBG bahan baku fresh bukan makanan yg disiram air panas seperti Indomie saya dukung 1000%,0,2 months ago,@rahardianandri4392
"MARI DUKUNG ""MBG"" DENGAN MENUTUP SEMUA DAPUR ANTEK2 PEJABAT ITU",0,2 months ago,@8204awan
"MBG tidak Efektif !!!!!!
Bahan pokok naik terus ...
Era pemerintahan sekarang bener bener ngak jelas !!!!
makin banyak kemiskinan dan pengangguran !!!",0,2 months ago,@Vegasus-h2l4n
"MBG perlu di kaji untuk bisa di kelola oleh setiap ibu-ibu dari siswa di tiap rumah tangga masing-masing, siapkan ompreng yg sama, bahan baku yg sama, masak sendiri, dan antar ke sekolah pada jam yg di tentukan, dan laporkan ke BGN untuk di bayar oleh akuntan SPPG tiap hari kerja...begitu aja kok repot....yg tidak mau biar  di siapkan oleh dapur SPPG saja dan awasi pelaksanaannya, jangan di buat heboh.",0,2 months ago,@laskarunggas1616
"ini ngasih makan ank satu negara' knp gk d alihkan aj ke korban2 bencana, pembangunan jalan rusak' yg lebih membutuhkan' menurutku cm menguntungkan sebagian pihak aj'..",0,2 months ago,@Adidxx
"Mbg jelas utk lahan korupsi beramai-ramai . 
Dan program koperasi merah putih juga  
Pemerintahan  sekarang  korupsi habis ribuan triliun anggaran APBN setiap tahun. 
Semua keluarga dan teman2x pejabat kaya semua. 
Kalau rakyat miskin ya, nanti dikasih bansos bisa tdk mati kelaparan.",0,2 months ago,@harrywijaya793
HENTIKAN MBG,0,2 months ago,@WildanFirdaus-hd8ux
MBG menyengsarakan Rakyat  segera dibubarkan,0,2 months ago,@AdesadiyahSyamsuddin
Revolusi ...😭,0,2 months ago,@perpustakaansmpn1pulokulon
Untuk pejabat agar bisa korupsi😅,0,2 months ago,@MuhammadMuttakin-h9v
Luna,0,2 months ago,@princetotoallpasaran3972
"Mending tu duit dialihkan yg lebih prioritas , ga merata juga pelaksanaannya",0,2 months ago,@AlvianNur-y1f
"Jelas ini beban yang berkelanjutan..
 Bayangkan, dana pembangunan di kurangi dan di alihkan ke MBG dan pertanahan..
 Ini jelas2 menghambat ekonomi berkelanjutan yang panjang..ini bisa berakibat hingga ke presiden2 setelahnya,, 
 Meskipun prabowo akan mencalonkan lagi di pemilu selanjutnya, masyarakat menolak untuk memilih kembali..
3 bulan menjabat saja saya sudah merasa akan ada kekecewaan..",0,2 months ago,@satv4609
Petani juga punya keluarga dan memasak sayuran setiap hari. Jadi sama aja,0,2 months ago,@djajoesman8
"Programnya bagus 
Tpi praktek dilapangannya kek dajal",0,2 months ago (edited),@3khodam289
Pemborosan negara sehiga jd ladang cuan,0,2 months ago,@ArMizan-k7s
GPP PEDAGANG SAYUR BUAH SENENG UDAH PULUHAN TAUN DI BELI MURAH.... SUSAH IDUPNYA... JADI SELAMA INI ELU HIDUP ENAK INJEK BAWAH SEKARANG GANTIAN... MW ADIL KAN LU HIDUP?,0,2 months ago,@Franz23ist
"""Barang siapa yang meninggal keracunan dalam keadaan menyantap menu MBG , niscaya beliau meninggal dalam keadaan Bergizi"" 🗿🗿🗿",0,2 months ago,@ValenNicky-c6e
Ya untuk antek antek dia,0,2 months ago,@Diedream06
narasi nya makanan gratis dan ini narasi sesat! padahal ini makanan yang di beli dengan harga yang mengorbankan sisi lain pendidikan.,0,2 months ago,@Enzo_design
Beban lah,0,2 months ago,@AchmadSubekhi-t7u
"Sebentar lg akan dpt dinilai skala prioritas pemerintah kemana, disaat krisis energi, krisis pangan (terganggunya pasokan pupuk & musim kemarau) & inflasi krn dampak konflik Iran dgn US-Israel.",1,2 months ago,@DwiYanto-g8k
Bahas juga min soal uang 200T yang dikucurin Purbaya ke perbankan nasional dengan tujuan untuk menggiatkan perekonomian masyarakat bawah tapi malah ditabung di Bank Indonesia.,0,2 months ago (edited),@andywinn1221
MBG YANG DI BANGGA KAN NATIZEN MANGKOK TANDAS DAN KOKO RI.. KOAR2 HASIL TAIK.. MAHA KOKORI UDAH JADI MENDIANG KAYAK NYA 😂😂😂😂😂,0,2 months ago,@RosmanSyukur
"Ini lebih buruk dari subsidi energi 😊...
Pemerintah emang jago banget main persepsi",0,2 months ago,@agusdaniel6539
Seharusnya perlu ada nya riset dulu sebelum diaplikasikan..,1,2 months ago,@didinaryasugengpribadi
pemerintah (yang berkepentingan) ngga mau dengerin,0,2 months ago,@elycianauli
Cair,0,2 months ago,@SalsaBilla-cc8fw
"MBG, SEBAGAI LAHAN / LADANG KORUPSI KONCO' PRABOWO.",0,2 months ago,@RandikaBiantara
"Orang dengan literasi keuangan yang buruk akan merugikan dirinya sendiri dan orang lain.

Pemerintah dengan literasi keuangan yang buruk akan merugikan seluruh rakyat dan masa depan bangsa.",0,2 months ago,@rizkymaulana7839
"MBG gk ada manfaatnya  blas,  pemerintah salah BESAR   dengan adanya program  mbg, salah besar!!!",0,2 months ago,@win2825
"Gak semua murid di Indonesia punya masalah gizi sampe stunting oiiii.. MBG memang bagus, tapi salah sasaran aja utk siapa MBG cokkkk.. Duit habis utk beri makan anak sekolah dengan pendapatan orang tuanya di kelas atas dan menengah yang seharusnya masih mampu memberi anak gizi yg memenuhi..",0,2 months ago,@hipolytusrivalta6710
Proyek MBG sebagian besar manfaatnya untuk balas jasa bagi TNI polri dan ormas² juga kunco²nya yang bantu kemenangan dia kemaren donk,0,2 months ago,@MuhammadRabbani74
"anehnya, kenpa MBG tidak di audit ? 
itu apbn kq kyk pake duit sendiri
pertanggung jawabannya gimana ?",0,2 months ago (edited),@Yang_Mulia
MBGO BEBAN... 🤦🏻,0,2 months ago,@bocilkematian9940
"Tidak, Alhamdulillah mbg membangkitkan tabungan siswa jdi ga jajan udh itu doang 😅😅",0,2 months ago,@dinkzwatching
ga efektif..udah kl ngotot bener kata KDM ksh aja 15rb/hari ke ibu anak msg2 dan ksh ke anak2 dr kluarga prasejahtera aja,0,2 months ago,@chicaoktavia8
"Petani, cicilan btc",0,2 months ago,@muhammaddonifauza317
Petani jojis,0,2 months ago,@muhammaddonifauza317
Presiden terbaik sedunia Prabowo ❤,0,2 months ago,@iMadeGedeAnune
Hidup Jokowi hidup Prabowo!,0,2 months ago,@iMadeGedeAnune
"Kalau lu punya jaringan orang2 kuat, manfaatkan itu. Karena jaman sekarang jaringan yang kek gitulah yang akan menyelamatkan mu. Mulai sekarang biasakan diri untuk mulai berteman dengan orang yang secara strata sosial d atas mu. Bukan untuk menjilat atau apa, karena kalau hati kita tulus dan sopan, kemungkinan besar orang qkan suka",0,2 months ago,@Monyetmanusia
"Indonesia adalah negara ke 77 yg menjalankan program MBG ini.  Menyusul negara2 lainnya yg saat ini mencapai 100 negara lebih yg menjalankan program ini. 

Saya yakin program ini  maksud dan tujuannya baik, oknum nakalnya saja yg mental korup dan oportunis",0,2 months ago,@FIKRISUBRIMUTAWAKIL
"menuju Indonesia TOP 1 NEGARA MEMPRODUKSI TAI TERBANYAK, rezim terparah menurut gue, walaupun gue pendukung prabwo, jokowi ternyata tak seburuk kita kira",0,2 months ago,@provosgaming5792
𝐏𝐑𝐎𝐆𝐆𝐀𝐌 𝐓𝐎𝐋𝐎𝐋 𝐃𝐑 𝐏𝐄𝐌𝐈𝐌𝐏𝐈𝐍 𝐓𝐎𝐋𝐋𝐋𝐎𝐋,0,2 months ago,@herukurniawan1659
"Kayak ngasih makan ternak ,,tp ngga bermanfaat,jauh dr hal  yg sama di negara2 lain",0,2 months ago,@iwantrianto9911
Jelas u tuk politik la,1,2 months ago,@Agustian-ds8ug
Bagiku prabowo adalah presiden terburuk dalam sejarah,0,2 months ago,@Mr_Moren0
Mungkin mbg bagi yang berada tidak ada artinya. Kritik sah sah aj tapi lihat juga masayarkat yang tidak mampu makan di pelosok pelosok negeri sampe mbg di bawa pulang untuk orang tua nya.,0,2 months ago,@muhammadtolle3967
"Keluan masyarakat merata karena mgb 8:06  sangat menjadi masalah di lingkup tiap sekolahan warga yg berjualan disekitar sekolahan pada mengeluh semua,",0,2 months ago (edited),@AnggoroSunardi
masih ga paham korelasi MBG dan stunting. stunting itu bukannya dicegah saat anak berusia kurang dari 2 tahun ya? mungkin ada yang bisa bantu jawab (terutama bagi teman² yang dari kesehatan).,0,2 months ago,@syahdanrd30
"Daripada hasil panen di buang. Petani di bela, warga yang lain sudah ada program ny masing masing. Efisiensi itu bagus. Selama ini banyak dana dana cuma buat senang2 pejabat",0,2 months ago,@iwayanadiindrag8274
"Semua sistem pasti ada yg dikorbankan.. contoh sederhana agar mudah di pahami, motor/mobil ada 2 power yaitu speed & torsi keduanya ini klo ingin unggul ya salah satunya harus di korbankan. Jadi siapapun pemimpinya generasi ke generasi pasti ada langkah2 trobosan yg baik2 untuk rakyat, gak ada itu yg namanya pemimpin sempurna di mata rakyat pasti ada celah kekurangan...😅😅",0,2 months ago,@teknikangler633
"Bicara tentang dampak paling kerasa sih percetakan dan suvenir sama FnB skala kecil, saya sebagai pelaku usaha di bidang percetakan dan suvenir sama angkringan sejak 2025 kerasa penurunan permintaan yang biasanya dikasih sama instansi semacam BUMN / pemda. Sama FnB skala kecil kayak angkringan juga kerasa banget sepi biasanya anak sekolah pada jajan atau nongkrong sekarang gak ada sama sekali. Jadi melihat kondisi lapangan yang saya alami saya sih mendukung MBG. Mendukung untuk dihentikan tentunya agar perputaran ekonomi itu naik lagi",0,2 months ago,@duduttoni
"Guru pendistibusi MBG katanya dapat intensif 100 ribu per hari yang dibagikan tiap 10 hari, kenyataannya zonk...kemana duitnya... ada sekolah yang gurunya ngga dapet sama sekali, ada yang dapet hanya 10 ribu per hari Hahahahaa... disunat juga recehan untuk guru...",0,2 months ago,@PakRidarno
"MBG Menambah Beban Ekonomi Rakyat, Dengan Adanya MBG Banyak Harga bahan Pokok Naik Drastis",0,2 months ago,@YulikaPku
"Pak Prabowo, klo program anda (MBG) memang KURANG bermanfaat, tolong di perhitung kan lg, drpd program TIDAK TEPAT GUNA ...",0,2 months ago,@SlametRiyadi-xp6gi
Mbg membuat harga bahan pokok makin mahal😊,1,2 months ago,@bay9549
Mbg untuk masyarakat yang membutuhkan  mantap bosku,0,2 months ago,@gatotkaca968
"STOP MBG, program ini tidak begitu memberi manfaat bagi penerima hany pengelola yg sangat di untungkan, menguras anggaran negara",0,2 months ago,@KhoeroniRoni-h4z
"jelas jadi beban apbn, dikala kondisi lagi krisis energi, karena hormuz tutup, malah dipaksakan tetap jalan.",0,2 months ago,@bwxcrew
"Jelas untuk menumbuhkan para koruptor, salam waras😂😂😂😂😂",0,2 months ago,@MuhammadFatih-w5m
Beban rakyat,0,2 months ago,@toysdamar
Untuk Maling Berkedok Gizi lah.,0,2 months ago,@andiafriandi5194
MBG =gizinya buat pejabat ampasnya buat anak sekolah,0,2 months ago,@Squad893
program mbg hanyalah bisnis orang tertentu yg sangat dekat dg kekuasaan.dan ahirnya hanyalah jalan tol untuk kendaraan pak prabowo menuju.2029 .dan sangat mebebani apbn negara,0,2 months ago,@jokoendrosungkono-m4r
"Beban negara, jelasssss",0,2 months ago,@yulikwartolo8344
"Beban pajak dari rakyat. Yayasan supaya pajaknya............................................. 

Makan Bergizi GRATIS

GRATIS nya darimana

Relawan, sebut saja KARYAWAN.. Tentunya harus ada BPJS ketenagakerjaan juga ya

Invoice 1minggu kah ya 
LPSE kan lah",1,2 months ago,@Adibas9
Betul kata Ahok saat podcast dg pak Mahfud MD...sudah ngeyel..goblok pula,0,2 months ago,@livetradinggoldnasdaq1002
Ya buat antek antek b4n9547....,0,2 months ago,@livetradinggoldnasdaq1002
Program nya bagus... Hanya saja yg melanggar harus segera ditindak... Jangan berlarut-larut.. Dan jangan salah... Banyak keluarga anggota DPR dari seluruh Partai terlibat.. 🤣🤣🤣🤣,0,2 months ago,@SugiyemS
"kalau mbg tidak efektif dn ga berguna, kenapa negara"" maju ada mbg ?",0,2 months ago (edited),@muzakysky6680
Program bodoh,0,2 months ago,@azharmustafa4938
"MBG ini beban anggaran , Program ini bukan untuk Rakyat tpi untuk kroni2 prabowo untuk memperkuat politik di next pemilu, kalau ini bener2 emg untuk Rakyat kenapa kok gk langsung di kelolah negara / di intergrasikan ke sekolah dengan membangun fasilitas Kantin / dapur sekolah dengan standard internasional",0,2 months ago (edited),@Rakunitsme
"Dapur MBG membuat harga bahan pokok naik n langka. Ayam mahal, beras mahal, susu langka, pisang jg udah di booking. Pdahal Ga semua rakyat punya anak usia sekolah. Ga semua rakyat kaya.",0,2 months ago,@VienSyu
"SEBENAR NYA PROGRAM MBG MENGGERAKAN RODA PEREKONOMIAN , DI MASYARAKAT , TETAPI PERLU DI KAJI ULANG  SISTEM NYA ,PARA PEJABAT NEGARA , YG IKUT MENGELOLA MBG HRS DI  GANTI  UNTUK SWASTA , POLRI , TNI, DPR , PARTAY   TDK BOLEH MENGELOLA ...
DAN YG MENERIMA MBG  3 T . ....
ANGGARAN 335 T . RAWAN UNTUK DI KORUPSI TERBUKTI SKRG RIBUAN DAPUR DI PECAAT  BERMASALAH.. ..",0,2 months ago,@mantoaja-v5c
Bubarkan mbg buang buang duit,0,2 months ago,@ihwanjaesulloh7896
"MBG perogram konyol
MBG perogram berutal
MBG perogram ceroboh
MBG perogram serampangan
MBG perogram bom waktu 
Bagi APBN 
MBG bom waktu buat wowo",0,2 months ago,@MuhaiminMuhaimin-q3z
"MBG = Maling Berkedok Gizi (Benar).
BGN = Badan Garong Negara ???",0,2 months ago,@GaluhSari-r3k
Mending sekolah gratis dari pada makan gratis .. makan itu tanggung jawab orang tua .. tapi mencerdaskan bangsa itu tanggung jawab pemerintah,0,2 months ago,@brianturiartee
"MBG ga ada manfaatnya, menu ga sesuai harapan, duit rakyat dikorupsi rame rame",0,2 months ago,@nugrohoandong8030
"mbg itu efisien, gaperlu korupsi gaperlu cuci uang, tapi tetap masuk kantong.... efisien buat siapa coba yooooo",0,2 months ago,@dhaniodon895
BEBAN RAKYAT (PEMBAYAR PAJAK),0,2 months ago,@GN-rp8xv
Saya penasaran bagaimana persentase stunting itu dihitung dan apakah angka itu valid?,0,2 months ago,@fernandosimatupang2904
"Kata presiden mbg untuk gizi rakyat, tp pimpinanya nya saja bukan dr ahli gizi.",0,2 months ago,@riskiardika
YAYASAN DPT SEHARI 6.JT.ko ngontrak gedungnya cuma 100 ribu sehari.BGN mohon.korekai TIDAK SEMUA YAYASAN.MMBANGUN.KEBANYAKAN NGONTRAK MURAH UTK DITEHAB.,0,2 months ago,@jalujonatantah6656
"Rawan koropsi , proses dan dampaknya tdk dapat diukur.",0,2 months ago,@bambangchristianto6810
ditempat aku budget emang 15.000-an tapi katanya budget bahan baku cuma 8.000 dan selebihnya buat bayar kebutuhan dll. jadi budget perporsi cuma 8.000,0,2 months ago (edited),@Delafbrin
"ngasih makan 1x 1 hari mau mengcover gizi anak ,Yo Tembung sing ngoyoworo. Ra nyenggol blas,",0,2 months ago,@RetnaningAmbarwati-x6z
"Sebetulnya itu kadang suka penasaran, kenapa ya mbg ini dari awal betul betul difokuskan zona merah yang prevalensi stunting nya tinggi kayak yang ditampilkan di video? Dan mbg itu jadi program khusus daerah tersebut dan kalau misal mau di ekspansi bisa fokus ke daerah 3T. Bukannya kalau gitu dari awal bisa menjadi lebih spesifik, terarah, efisiensi efektif? Dari sudut pandang awam ku harusnya permasalahan yang di angkat dari video juga bisa terjawab dengan sendirinya kalau semisal difokuskan dengan arah tadi🥲. Yaa meskipun nasi sudah jadi bubur semoga aku bisa Nemu alasannya atau mungkin admin mau kasih pencerahan? Wkwkwkwk

Bahkan menurut pandangan sekilasku, semisal fokus di daerah prevalensi tinggi dan 3T, anggaran Porsi makanan dan frekuensi makannya bisa di tingkatkan tidak lagi 1 kali sehari dan 15rb, tapi mungkin jadi 25rb dan 3 kali sehari karena anggarannya jadi lebih masuk akal dan bukan kejar kejaran puluhan juta sambil beban",2,2 months ago (edited),@auliafarrel5293
PROGRAM SINTING,0,2 months ago,@mr.joeabidin3089
Yg penting kan gemuk dulu... Pinter mah belakangan,0,2 months ago,@yunarsopudjono1258
😃😃😃😃😁😁😁😁😆😆😆😆😂😂😂😂mbg itu bagus klo buat negara sekelas irlandia klo buat sekelas indonesia masih secuil debu fuh apbn defisit terus mata uang turun terus terus apa yg naik harga bahan pokok buat rakyat melonjak terus semua dipotong buat mbg cuman pejabat pemerintahan koruptor indonesia yg kaga dipotong malahan naik polisi ma mk hakim jaksa tni presiden dan wapres naik gaji dan anti kritik wkkkkkkkkk beginilah indonesia klo pejabat ditemui pendemo ngumpet biar mahasiswa bentrok ama polisi disemprot water canon,0,2 months ago,@jefrihendri4770
"Niat Baik, Eksekusi Buruk = eMBeGe",0,2 months ago,@youngwiranto
"BUKAN BEBAN BARU TAPI PETAKA BARU KECUALI DI GANTI DGN UANG TUNAI DAN ATAU DIGANTI DGN SEKOLAH GRATIS DARI SEGALA PUNGUTAN SEKOLAH DI  TANGGUNG PEMERINTAH , TTG MBG INI JIKA PRESIDEN JIKA  TDK MAU MERUBAH ASPIRASI RAKYAT TTG MBG INI ,ARTINYA PRABOWO MENAMPUNG PENYAKIT POLITIK ,MENGUNDANG KEGADUHAN DAN MENCIPTAKAN  KONFLIK DI MASYARAKAT , YG TERKESAN OTORITER ORDE TERBARU , INI  SA LAH SATU ATAU BAGIAN KELEMAHAN PRIBADINYA ,MAKA YG TADINYA SIMPATI JADI ANTI PATI DARI MASYARAKAT , YG TADI SETIA JADI MELAWAN , SUATU KODOHAN SEORANG PEMIMPIN DI NEGARA DEMOKRASI BERTENTANGAN DGN RAKYAT YG MEMILIHNYA , NANTI BIAR MINTA DUKUNGAN IBLIS TETAP AKAN DIMAKZULKAN .........TDK LOGIK.",1,2 months ago,@InfinixSaya-z7j4j
"Terimakasih pak prabowo,biar aja orang2 yg sakit hati yg nyinyir tentang program mbg,yg penting banyak rakyat merasakan dampak yg baik tentang program ini,lanjutkan,insyaallah dua periode",0,2 months ago,@rahmatullahrahmat3123
"Ini proyek balas budi,saya yakin yg dapat proyek ini ,mereka yg punya jasa memenangkan waktu pemilu..",0,2 months ago,@Malik-y5lX
Yes lebih ke alat politik untuk perolehan suara di masa pemilihan mendatang 🙂,6,2 months ago,@Itsmefherdy
Semangat bpk presidenku lanjutkan perjuangan mu❤,1,2 months ago,@Cahya-j2i
Banyak orang d sekitar merasakan manfaat dr adanya program MBG ini,1,2 months ago,@Cahya-j2i
Sangat tidak mendukung,0,2 months ago,@MSukirman-k6f
"Budget bahan baku 8000 itu cuma buat anak kelas 3 sd kebawah, kalo bumil, busui ama anak diatas kelas 3 sd harusnya budgetnya 10.000. Udah disebut juga anggarannya di 1:30",0,2 months ago,@visencorp6502
​ @visencorp6502 ini mbg anak mts kak🥲,0,2 months ago,@Delafbrin
"Beneran dijadiin ternak dong, dikasi makan cuma buat dipanen di kemudian hari 😂",0,2 months ago,@visencorp6502
Makana bergizi tapi tak ada gizi,0,2 months ago,@bagindah-g3q
mbg di saya menu nya bagus enak enak juga,0,2 months ago,@Dirgayasa-h2g
Mbg tidak tepat sasaran memperkaya yang kaya,0,2 months ago,@Rojak-l2b
"program MBG memang bagus asal tepat SASARAN & TEPAT WAKTU!!!!
utk sekarang program MBG tdk strategis krn geopolitik & situasi keuangan negara menuju ke KRISIS!
indikatornya banyak & smakin NYATA, jd utk MBG lebih baik di hentikan dahulu biar dananya di alihakn utk BELANJA PEMERINTAH terutama subsidier BBM yg harga minyak per barrelnya smakin tinggi!!!
ingat apabila subsidi tdk bs mengcover hrg BBM subsidi shingga BBM naik, dampakanya semua hrg KOMODITAS & JASA akan ikut2an naik, shingga inflasi tak terkendali & mengagetkan kalanagan ekonomi menengah & bawah,, smakin mmbuat sulit rakyat!,, hingga bs terjadi CHAOS di dlm negara!",1,2 months ago,@ngopi_omon_omon
Program calon pencetak generasi pemilih setia tahun 2029 hahaha.,0,2 months ago,@snnalif
"Min mbg itu bukan program, sudah sangat jelas kalau mbg itu adalah Proyek Pembodohan anak2 Indonesia.
Semua orang juga tau klau untuk menghancurkan sebuah negara g perlu pakai militer atw senjata canggih, cukup hancurkan saja pendidikan & medisnya maka cepat atw lambat negara itu pasti akan hancur. 
Yg punya kesempatan dan kemampuan utk pindah warga negara, maka lakukan sekarang.
Bukan tidak cinta kepada negara Indonesia, tapi pemerintahnya saja sudah tdk perduli kepada rakyatnya, mereka (pemerintah) hanya perlu kepada rakyat d saat pemilu, setelah pemilu selesai maka rakyat tidak d anggap lagi. 
Pemerintah Indonesia d bawah kepemimpinan prabowo adalah  masa TERSULIT yg pernah d alami negara ini.",0,2 months ago,@Argisanjayaputra
Au ah males mau beli truk,0,2 months ago,@mauliyamauliyaa9826
Awas kritik dibilang makar 😅,0,2 months ago,@abdelkareem2423
Program mbg   banyak merugikan masyarakat contohnya harga bahan pokok naik pedagang disekolah berhenti  biaya pddkn diambil bpjs byk  yg stop,0,2 months ago,@nanakendari
"SABDA BGN:

""JIKA JUM'AT ADALAH KIAMAT, MAKA KAMIS ADALAH MBG TERKAHIR""",0,2 months ago,@sukajajan877
"Beban baru,, tapi kalu dialihkan ke KESEHATAN GRATIS ITU YG PALING TOP, Sebab kalu orang tua SEHAT PASTI GAMPANG CARI MAKAN BUAT KELUARGANYA.",0,2 months ago,@MasriAs-b8q
"MBG hanya ingin mencekik perekonomian rakyat, nggak ada manfaatnya, manfaatnya hanya di rasakan oleh SPPGnya sendiri.......",0,2 months ago,@orkestamusic8508
6 juta sehari insentif dapur?  ngeri,0,2 months ago,@omdicky69
"PROGRAM BERACUN
PROGRAM BERMANFAAT TEKOS2",0,2 months ago,@Brojomuktidursoseno
"Konten terbaik dari NGOMONGIN UANG , bahkan dari konten MBG di channel lain !!! KEEP IT UP !! 👍👍👍",5,2 months ago,@TocitFebrianto
Inget pemilik sppg yg joget2 pamer penghasilannya dr MBG,0,2 months ago,@rayhanofficial404
"Yang punya Dapur ya minta dilanjut, ga bakal setuju klo ditutup, karena itu sarang sarang penyamun otak Maling

Yang punya usaha MBG orang orang elit Partai Politik dan Kepolisian TNI",0,2 months ago,@NalendroNalendro-v3p
"Gawe bebane Rakyat bukan Negara,  negara hanya nama itu kan duwite rakyat 
Makan Gratis dari Presiden dan Gibran

pretttg",0,2 months ago,@NalendroNalendro-v3p
"Kabar terakhir yg saya dengar, presiden berencana akan meneruskan program, eh proyek trilyunan ini. 

Komentar saya: Ya terserahlah pak... Terusin aja. Saya yakin sekali kalo ga sampe th 2029, bubar negara ini. 😢",0,2 months ago,@luthfanzakaria8621
"Ya untui pejabat dan angotta dewan, karena buka dapur harus modal milyaran😂😂😂😂 kenapa g diurus masing masing sekolah kalau emang untuk rakyat😂😂",0,2 months ago,@TresnaKhanza
"Terima kasih, tapi bahasan kami lainnya tentang keuangan pun gak kalag oke kok 😊",1,2 months ago,@NgomonginUang
"mau ngomong apapun jika Presiden bodoh, buta, tuli dan nggak punya hati, semua sia sia belaka....😮😢",0,2 months ago,@agungpurnomo4914
Program balik modal,0,2 months ago,@getian97
Minimal MBG ini ngajarin kalian bagaimana industri itu bekerja 😂😂😂,0,2 months ago,@yonathansarenda2739
"Dapur mbg itu project jangka panjang yang akan dialihfungsukan sebagai supply chain di seluruh daerah indonesia saat perang dunia pecah, makanya yang punya dapur juga mayoritas anggota",0,2 months ago,@mainyt6695
Ini negara binatang ngak heranlah merdekakan semua propinsi,1,2 months ago,@andimasuka
"MBG buang2 duit negara...ribuan kilo beras yg di buang,ribuan kilo ikan yg di buang,ribuan kilo sayur mayur dan buah di buang setiap bulannya krna kebanyakan basi dan gk di makan siswa2",0,2 months ago,@Michael-vp2uc
"Ortu saya pedagang telor asin kecil,kapasitasnya paling cuman 300 butir sehari,gak bisa ikut nyuplai MBG,tapi gara2 mbg belanja untuk produksi telor asin meningkat karena harga naik,stok bantak diambil oleh mbg,adik saya juga gak setiap nerima mbg kemakan, untungnya belum pernah keracunan,dan adik saya lebih sering makan daging sapi,dan ayam dari ortu daripada mbg
Funfact:adik saya belum pernah nerima mbg rendang, sedangkan saya pernah menerima rendang dari jumat berkah di masjid,dan itu lengkap dengan satu porsi makanan yg lain",8,2 months ago,@kinme_wakana_no_danna_san
takutnya nasip prediden kita sama dgn ptesiden pertama yg ngotot dgn idiologi ciptaanya bedanya ...presiden sekarang ngotot dgn programnya.....,0,2 months ago,@alirahmat371
"Sukses ini program untuk mengurangi stanting,,, bgt anak stantiting diksih mbg lsg pindah alam😂😂😂",0,2 months ago,@muhadyeadye
"Suatu saat kita akan lihat gambar meme presiden di belakang Truk yg berisi gambar Pak Presiden SBY berkata ""Halo apa kabar, lebih adem ayem jaman saya kan? 😇""",1,2 months ago,@plesnamduwa
"Hapus MBG, alihkan ke Subsidi BBM",0,2 months ago,@ToAo-f7v
PRESIDENN JAHANAMMM!!!!!!!,0,2 months ago,@nandosnbg5205
Program modus berkedok gizi dari Presiden badut. .jogetin aja..😂,0,2 months ago,@cuannd1501
"Kenapa MBG 335 T rawan KKN sangat Miris? 
1.Populasi rakyat miskin 65 % sangat tak sebanding dgn besarnya anggaran 335T MBG
2.Dilakukan saat hutang jatuh tempo mencapai rekor tertinggi 
3.Menambah Beban hutang & Defisit Anggaran
4.Anggaran melebihi budget Kemenkes ( pertama didunia) 
5.Dikuasai kroni kroninya terutama anggota dewan & si ijo.(hanya menambah pundi pundi kekayaan para oknum) 
6.Tidak konsisten dgn kampanye ""Efisiensi Anggaran"". Pemborosan sistematis yang menciptakan bom waktu ekonomi yaitu = *kebangkrutan*.

Mereka tidak peduli kritikan & amarah rakyat, dgn penuh nafsu tetap menggeber program ini & mengabaikan segala resiko yang akan timbul dimasa depan",1,2 months ago,@Utang10.000T_bangkrut
"Demi masarakat miskin yang kelaparan tapi di sebar mayoritas di perkotaan😂

Katanya buat nyerap tenaga kerja tapi tidak berhitung nilai subtitusi jika membangun infrastruktur dan dorongan pengembangan teknologi produksi😂

Katanya untuk membangun sdm berkualitas tapi kok ade ade kita di kasih mainset subsidi sejak dini😂😂😂",0,2 months ago (edited),@galih203
"Maaf dari awal disampaikan di debat capres , saya sama sekali tidak terkesan mengenai Makan Bergizi ini ...",0,2 months ago,@alandpolma
Ladang korupsi😅😅😅,0,2 months ago,@suwahyumi1195
Nyerap tenaga kerja 1 juta tapi biaya 350 trilyon tak pakai otak,0,2 months ago,@jayalestari5605
1000% beban msyrkt dan negara....,0,2 months ago,@Erwansya-hp2tm
"Beban keuangan negara...
Manfaatnya tidak terasa untuk pelaku usaha.terutama untuk pedagang..
Harga kulakan semakin tinggi dan kelangakaan barang terutama untuk minyak goreng dan susu uht.
Daya beli super menurun.",0,2 months ago,@azwarmudhori7903
"Sama bang. Tapi kasus saya, ibu saya jualan ayam potong di pasar.",0,1 month ago,@Antasena007
Atau diganti nama dengan program makan bergizi bersubsidi agar ada program potensi lain yaitu sektor perluasan industri untuk perbanyak lapangan kerja serta stabilitas ekonomi rakyat,0,2 months ago,@tyoyudha_
stop bilang relawan. mreka itu karyawan,0,2 months ago,@sentong2575
Bubarkan MBG,0,2 months ago,@AhmadZakwan-n2b
MBG  ( MALING BERKEDOK GIZI ) program nya luar biasa semua perut nya para maling koruptor nya bertambah gemuk😮😮,0,2 months ago,@YusupSaputra-r1w
"Targetnya pemilu 2029... MBG dan koperasi merah putih untuk modal elite 2029...😊
Faktanya masyarakat di perdesaan daya belinya turun jauh, karena putaran uang terpusat di elite...😢",0,2 months ago,@anthony-wg8qn
Ini kan program kampanye Prabowo jadi mau ga mau harus direalisasikan pas jadi pres. Wajar aja.,0,2 months ago,@andreasd1202
"Intinya yang korupsi korupsi dan serakah nya ini yang meresahkan, Dana APBN mau ke MBG mau ke PENDIDIKAN kalo ga di korupsi ya aman aman aja. Indonesia sejahtera, cobalah korupsi di hukum berat, tahanan korupsi jadi tahanan rumah. Enak banget kan hidup di Indonesia,",0,2 months ago,@azonmlw4596
"Dan masih aja ada anomali yang bilang ""siapa suruh milih makan gratis, dibandingkan pendidikan gratis"".
Padahal MBG yang 15k/hari untuk satu orang aja udah kaya gini, gimana pendidikan yang untuk satu orangnya bisa lebih dari itu.... lebih mimpi basah lagi. memang harusnya fokus indonesia lebih ke arah bersih bersih korupsi, nepotisme, dll.",0,2 months ago,@Datum-w7y
"Ini program bagi2 duit secara legal buat para pendukungnya.
Da jelas ga ada manfaatnya sama sekali apalagi stunting. Karena program yg ga selektif untuk siapa diberikan itu makanan. Org2 kelas menengah apa perlu mbg? Setelah makan malah perlu pengeluaran lebih besar buat biaya berobat karena anaknya keracunan.",0,2 months ago (edited),@paulusmesias9129
MBG itu untuk dampak ekonomi supaya perputaran apbn nya sampai ke masyarakat kalangan menengah - bawah dan terasa ke pasar pasar yang ada di sekitar dapur MBG programnya bagus kok kak baik buruknya semua pemimpin indonesia semua tujuannya melindungi bangsa indonesia kesalahan hanya terdapat di oknum yang tidak bertanggung jawab jadi mari jangan pecah belah bangsa sendiri yuk dukung program pemerintah dan kritik sewajarnya bila punya pola pemikiran yang berbeda indonesia adalah kita dan untuk kita,0,2 months ago,@ErsaErsaraka-h2c
"anak saya badannya kecil bukan karna kurang makan tapi susah makan, udah dikasi makan enak tetp aja males makan.
apalgi dikasi MBG malah di buang wong masakan dari orang tuanya aja gak dimakan",0,2 months ago,@RudiAkbar-t9q
CAIR CAIR CAIR,0,2 months ago,@yacobchristiankurniadi9840
"MBG itu jalur korupsi dan nepotism secara legal..
Bagi2 jatah... Ormas2, kroni2 pendukung, semua dibagi2 jatah.. 
Itu alesan MBG tidak akan dihentikan.. Tolong Berenti pake alesan demi anak2.. 
Krn di perkotaan banyak anak2 ga butuh. Kl daerah terpencil wajar.. 
Dan kl emg buat perekonomian lancar.. Yauda dibagi2 aj jatah ke pengusaha kecil warteg dll.. Modal lbh kecil jd bisa kandungan MBG nya lbh banyak dan bergizi.. 

Mau alesan ga trjamin kebersihan nya?.. Lhaa skrg aj banyak kasus.. 
6 jt sehari is real.. Jd apa MBG emg buat anak2.. Atau emg buat proyek Bagi2 jatah!??",0,2 months ago,@rebirth99661
Malaysia sudah lama buat makan gratis dari tahun 70 an sehingga sekarang cuma kepada pelajar miskin jika kaya beli sendiri dan indonesia kenapa pelajar kaya pun makan jugak,0,2 months ago,@jusinfinitijutawanherbs9864
"Nda ngaruh ke ekonomi, malah jdi ladang baru untuk membajak anggaran😂",0,2 months ago,@heroofthehood
"mbg diuangkan lebih irit 1m aja 3jt  
/ Orang per blm ekonomi masyarakat lebih maju",0,2 months ago,@CahyaSaputra-c7t
Bagus jika tak mau MBG perang dunia 3 tanam saja sendiri,0,2 months ago,@Parmi-bc5iu
"mbg program penghancur negara,",0,2 months ago,@zultetew9585
"asli bebam negara ,, MBG tempatnya tikus ,, mulai tikus kecil sampai tikus besar semua tikus lengkap di MBG",0,2 months ago,@RiswanBaryan
"Disekolah anak ku mbg pada dibuang krn gak enak lagian takut beracun,",0,2 months ago,@FaizaSofyan-e8m
Penggerak Roda korupsi kali ya lebih Tepatnya. 😂,0,2 months ago,@MidoriOtoko
"Mnding subsidi krl ato mrt, jelas2 uang pajak pekerja yg dipake",0,2 months ago,@mawar7957
"sebenarnya tugas ngasih makan siswa itu tugas orang tua, tapi banyak orang tua di indonesia yang tidak berkecukupan sehingga banyak stunting yang diakibatkan tidak terpenuhi nya gizi anaknya, peran negara harus nya menyediakan lapangan pekerjaan dan gaji yang layak, sehingga anak anak di Indonesia tidak mengalami stunting dan basic pangan bisa dicukupi dengan layak, andai dana MBG buat bikin lapangan pekerjaan yang banyak",0,2 months ago,@galangngr
"STUNTING itu hanya alasan kosong, target utama pemerintah adalah pemenangan pemilu 2029 dengan mengerahkan MBG sebagai mesin. Ekonomi partai dan simpatisan bahkan tentara, karena banyak SPPG diduga berafiliasi dengan kelompok2 tertentu!!!",0,2 months ago (edited),@Domikadomikadoeska
"penyediaan makanan bergizi memang program yg sangat bagus (saya tdk sebutkan gratis, karena itu semua TIDAK GRATIS). tp saat ini Indonesia msh punya PR yg jauh lebih prioritas drpd pemenuhan 1/3 gizi harian anak. jika tujuannya utk mencegah stunting, program seharusnya menyasar ibu hamil dan balita. jika bertujuan utk memberi gizi pd anak2 dibawah garis kemiskinan, program seharusnya menyasar anak2 dr keluarga kurang mampu. penyediaan makan bergizi cuma 1x per hari, 2xnya tetap orang tua yg menyediakan, dimana harga bahan dipasaran jd mengalami lonjakan yg cukup drastis krn program ini.

drpd digunakan utk penyediaan makanan, anggaran bs dialokasikan utk moderenisasi sektor pertanian, peternakan. anggaran bs digunakan utk kelayakan gaji guru. anggaran bs digunakan utk perbaikan dan pengadaan infrastruktur. anggaran bs digunakan utk menggratiskan dan benar-benar 0 biaya utk sekolah, sprti pengadaan seragam, sepatu, alat tulis, buku penunjang, dan lain sebagainya.

jika sektor pertanian, peternakan, dan infrastruktur diperbaiki dan ditingkatkan, sangat bs dipastikan bs menekan harga kebutuhan pangan. sebenarnya masyarakat indonesia itu bukan tdk tahu bahwa gizi itu hal yg sangat penting, mereka tahu dan sangat tahu (termasuk saya). tp keterbatasan utk mencapai gizi itulah yg harus dicari solusinya. bagi saya solusinya bukan dgn memberi 1x makan bergizi, tp seharusnya meningkatkan pendapatan perkapita dan memperbaiki infrastruktur utk pencapaian gizi tsb agar lebih terjangkau bagi masyarakat",0,2 months ago,@sriwulandari5596
"Kenapa hatimu begitukeras pak dg mempertahankan MBG program yg banyak mudorotnya banyak di korupsinya ,ya Allah lembutkan lah hati presiden dan buka kan matanya apa yg terjadi dg program MBG yg bpk bsnggakan",0,2 months ago,@AsepSopyan-d3v
"Ibarat Orangtua yg kehidupan ekonominya pas pasan, kemudian minjem uang ke bank buat ngasih makan anaknya, sedangkan anaknya blm bisa bekerja utk menghasilkan uang, kira2 orangtua tsb bisa balikin uang ke bank atau tidak?",0,2 months ago,@m.al5331
"Yang dirasakan Rakyat, MGB ga dirasa manfaatnya buat anak, keluarga juga mampu kalo hanya buat beliin jeruk, susu kotak segede upil, makanan yg lebih enak dimasak Mamah.
Yg dirasakan adalah: Harga sembako makin melejit, ga pernah turun sejak adanya nih program.
Kalo mau, salurkan langsung saja ke yg membutuhkan.",0,2 months ago,@IdjaPamungkas
"Jelas program ini tdk akan dihentikan krn utk elektabikitas di Pilpres berikutnya. Beliau ini tdk punya konsep yg jelas negara dan rakyat ini mau dibawa kemana 5 thn kedepan. Maaf mngkn dipikiran beliau cita2 masa kecilnya sdh tercapai..jd presiden hanya utk gagah2an. Pdhl tanggung jwbnya besar. MBG, DANANTARA, K9PERASI MERAH PUTIH adalah ide org lain yg dia terapkan",0,2 months ago,@yosefsirenden8089
Aku gak mempermasalahkan mbg malahan bagus cuma pengelolanya kurang ajar programnya masih cacat dan banyak terjadinya korupsi,0,2 months ago,@revalrivaldi2740
Bukan donatur jangan mengatur,0,2 months ago,@Nasimin-ee9md
"Bahas juga perputaran uang, modal,setoran, target resiko,manfaat dari koperasi merah putih 🙏",0,2 months ago,@rindosulistyo8284
Prabowo ingin mensejahterakan para penjilatnya bukan rakyat jelata 😅,1,2 months ago,@PAIN-_-ID-u7h
Buat rakyat donk..masa buat si Gemoy?? (sambil berkhayal),0,2 months ago,@bb3nq1
"MBG program produk gagal,..d awal launching penuh tanda tanya...proses yg sedang berjalan banyak temuan masalah,...akhir evaluasi program..kita tunggu..?  Hampir dipastikan.. hasil nya ZONK...ini analisis orang awam😢",0,2 months ago,@ashadirahmat2278
Semua demi janji kampanyeee,0,2 months ago,@Suspriyanto-sq2ce
"EMBEEGEE, EMBEEGEEE",1,2 months ago,@el-danihasbiarta1200
"Ane lebih setuju kalo mbg diberikan untuk sekolah atau daerah yg rawan stunting seperti di papua dan lain lain karena kalo untuk di daerah yg tidak membutuhkan makanan sering kali tersisa dan malah banyak dibuang dan anggaran nya lebih baik dialihkan untuk pelatihan pertanian, peternakan,tehnik mesin dll.jadi pemerintah investasi di setiap desa dengan memberikan bantuan mesin tehnologi tinggi dan gratis di akses oleh masyarakat jadi SDM di indo maju dan juga buatkan daur ulang sampah di setiap desa terus juga bantu masyarakat yg kesusaha n dg memberikan pelatihan kerja biar mental miskin mereka berkurang dari pada dikasih uang,sebenarnya masih banyak program lain yg sangat bagus",0,2 months ago,@dedijunaedi5314
"Proyek koruptif bagi-bagi anggaran sekedar bisa menghabiskan uang APBN berkedok program,alias MALING BERKEDOK GIZI.
Kalau MBG mau berjalan silakan di daerah² terluar,daerah pelosok & daerah tertinggal, bukan di daerah yang sudah relatif maju dalam berbgai hal.
Dasar WOWO & Pejabat MBG keblinger alias BOTOL & tidak punya malu.",0,2 months ago,@masturprd273
"Narasi menyesatkan,sok menjelaskan,ujung2nya menyudutkan pemerintah",0,2 months ago,@rasyidrhido6472
Saya hanya setuju MBG diterapkan di daerah kabupaten tertinggal seperti di Papua dan Indonesia Timur lain,0,2 months ago,@afifibaidlowi5978
Seharusnya dapat menjadi Investasi Pemerintah yang Berkelanjutan dengan konsep sinergi KDMP dan MBG sebagai bisnis utama yang dikelola seluruhnya oleh Desa sehingga membentuk kemandirian fiskal dan ketahanan pangan di Desa.,0,2 months ago,@PSI-w5q
Bagaimana kalau mbh diperuntukkan untuk anak usia paud sampai SD saja? Karena di usia merekakan makanan sangat menentukan gizi mereka untuk tumbuh di jenjang berikutnya. Selanjutnya setelah masuk usia SMP -Sma/smk baru di pokus kan pada pendidikan utamanya dari anggaran yang diperlukan baik bagi gaji guru dan pemenuhan fasilitas lain yang mampu menunjang pendidikan di usia tersebut???,0,2 months ago,@AbdillahfathDarmawangsa
"Rakyat yg punya nalar waras bingung lihat cara pimpin Prabowo amburadul program nya sangat meng khawatirkan APBN jebol apa tidak tapi di ingatkan malah di anggap benci, biarin saja nanti sudah jebol baru ngrasa, yg sangat di nanti rakyat lapangan kerja bukan mbg dan kopdes",0,2 months ago,@warsito3674
"Beban APBN banyak kebocoran soal korupsi entah dari bahan baku sampe alat dapur di mark up  (yg saya tau dari pedagang di pasar ada aja yg minta nota kosong , dari sisi SDM juga masih banyak yg ga tau soal food hygine, kontaminasi silang antara bahan. Pas parahnya lagi ada kasus murid cepu soal mbg ga layak besoknya ga di kasih lagi 🤦.",0,2 months ago,@sandyekaasmoro1745
Utk prabowo 2029.,0,2 months ago,@cintabangsa8970
"Dari masih beroperasi saat libur sekolah dan puasa, sampai sekolah elite ikut dapet MBG, itu aja udah aneh dan ga hemat anggaran. Gimana rakyat mau mikir positif ke program ini coba",0,2 months ago,@ykzira2199
Dharma parekun benar wowo memiskinkan rakyat biar nurut... Kdmp dan mbg progam durjana,0,2 months ago,@ariffirmansyah2751
Disini dapur dikuasai sama dpr,0,2 months ago,@PujlenkOioi
memding buat beli cctv dipasang di kelas2. jadi tahu kualitas guru dan kualitas murid. jadi tahu anak kita di kelas dengerin guru atau malah nantangin guru😅😅,0,2 months ago,@nikeshoes-w8x
Bill Gates BOP vendor my skrip,0,2 months ago,@Nendie-ky8tg
Program bodoh yg dipaksakan,0,2 months ago,@zainalarief20
"Inilah program MBG yg selalu menjadi problema

Niat mau bikin program unggulan pemerintah 
tp karena kajiannya ga matang dan sangat instan 
yg ada bukannya manfaat 
tp malah mudarat 

yg lebih konyol lg program ini tetep dipaksakan untuk tetap jalan",0,2 months ago,@badrunAzis
Jangan ngomong puluhan Triliun.itu ratusan Triliun,0,2 months ago,@jaminprasojo2464
Kenapa sih pemerintah nggk bisa nganalisis kyk gini? Yg dipikirin cuan buat diri sendiri mulu.,0,2 months ago,@Aito4u
"Yo ,,,jelas ngotot , karena itu untuk mendongkrak pemilu,2029, biar pada milih ,Sik Wowo,,,, saya ingatkan ya , sodara , jangan pilih Wowo,",0,2 months ago,@TrihartonoTono-d3r
"MBG hanya mnjadi bajakan sebuah proyek utk timses Wowo, gak ada manfaat buat penerimanya ..yg ada justru memakan korban anak didik",0,2 months ago,@egyand1234
Program MBG itu program balas budi....coba runtut pengelolanya siapa2 orangnya......😅😂,0,2 months ago,@sigitdwicahyono6744
"Emang  presiden gemoy itu gatau gimana jalan pikir nya 

Note: gua saking muak nya emosi. Ingin sekali berkata kasar!!",0,2 months ago,@VersionAI124
"Kasi yg berpeluang stunting aja,bukan ngasi makan anak anak kluarga yg mampu,gimana cara kerja otakny???,itu proyek kontraktor😅",0,2 months ago,@andilhasan4187
"Saat ditanya kenapa baginya  pukul rata: ""Biarin, biar semua makan enak""
Saat ditanya kenapa  kenapa kabinet gemuk: Ndazzmu

Sekilas info dari Republik
 Konoha.",0,2 months ago,@agustinussibarani6588
"MBG ditutup aja. Gk guna, mending fokuskan ke pada anak anak kluarga miskin 😅😅😅",0,2 months ago,@andilhasan4187
"Dari logika paling dasar saya ketika pilpres sudah menunjukkan keanehan.

Kita ini negara berkembang butuhnya pendidikan yang berkualitas biar naik kelas ke negara maju melalui penguatan SDM dan sektor industri manufaktur serta industri kreatif lainnya, biar ga cuma bergantung pada SDA yang suatu saat nanti habis.

Lha kok programnya cuma urusan perut yang notabene biasanya jadi program negara miskin yang sarat akan kekurangan pangan dll. 

So dari awal udah jelas paslon 02 melenceng dari yang katanya Indonesia Cemas 2045. 

Dari satu point ini aja udah ancur eh masih aja menang.

Berarti bener 58% penduduk Indonesia masih dalam kategori goblok ga ketolongan",0,2 months ago (edited),@RickyVidian
MBG... MERAMPOK BERSAMA GENGsolo.,0,2 months ago,@rakibarliana4958
Program cacat dari pemimpin cacat,0,2 months ago,@novendraputu
"Pak Ptesiden, info program MBG tolong disurvey kelayakannya...dari info sepertinya program ini ditolak masyarakat...jadi bisa dipastikan harus ditinjau kembali.",0,2 months ago,@irlumumbasiahaan6032
Program ngawur gak ngotak,0,2 months ago,@inneb_widjaya8717
"Puluan rb keracunan ada yg mati, msh sj terus, ini otak isi tai beneran, ratusan t jd tai, msh gk berhenti,benar2 saraf bani MBG",0,2 months ago,@sinarjy
BUDAK SOROS UDH DAPET MAKAN LAGI NIH 50 MILYAR UDH CAIR😂😂 BUAT JADI PROVOKATOR,0,2 months ago,@views9835
Jhon soros 😂😂😂,0,2 months ago,@AwaludinUdin-m7u
MBG maling berkedok gizi,0,2 months ago,@nonom77
Korupsi gaya Baru seolah bermanfaat...nyaty Bocill namun menyenangkan hati pendukung  Wowo Wiwi...,0,2 months ago,@HermanSupriyadi-o2i
"Semoga tidak berlanjut lagi nanti ""proyek"" MBG saat presiden baru berikutnya menjabat.. aamiin... aamiin.. aamiin.. Ya Allah aamiin...",0,2 months ago,@PoMade-p8o
"MBG sebenarnya sangat baik dalam teori. Tetapi dalam praktek apalagi Indonesia you know lah, mau rakyat dan pejabat pasti ada ada saja oknum yang pengen dapat untung lebih (maksud gua. Itu aja dikasi 3000 per porsi aja udah banyak loh, kalian yayasan bisa balik modal 1-2 tahun) entah mungkin untuk flexing nantinya (kebanyakan korupsi untuk gaya hidup sih). 

Bisa tidak 2 aja dulu yang diperhatikan pengawasan biaya operasional & pengurangan uang untuk yayasan dari 3000 > 1500 / porsi. Atleast mereka bakal tetap balik modal dalam 2/3 tahun. Oknum ini sebenarnya kebelet jadi firaun kali butuh disembah2 karena kaya",0,2 months ago,@flyingcat9681
MEDIA BAYARAN SOROS MULAI HABIS LEBARAN UANG HABIS KLO BANYAK POSTING LUMAYAN PARA BABU BISA DAPET BONUS,0,2 months ago,@views9835
"MEDIA SOROS GUYS BUAT GAGALIN PROGRAM PEMERINTAH, SUPAUA UANG BUAT MBG JATUH KE PADA KORUPTOR",0,2 months ago,@views9835
"AYO MEDIA BAYARAN SOROS, SEKALI POSTING BABU KALIAN DAPET 10 RB 😂😂 SEMANGAT",0,2 months ago,@views9835
Mbg paling kotor di asia,0,2 months ago,@TKi86WakanDA
"Kalao gue No Comment, yg bahas berita ini siapa tau juga orangnya pemerintah. Lum ada jawaban atau ide atau saran soal ini. Tar salah ngomong susah am siong apa apa tak perlu kerja. Kalao gak ada Modal Usaha siapa yang kasikan kita, susah payah bangun modal kerja dengan usaha diri sendiri, tar salah ngomong susah, ngomong bener pun malah di plesetin.",0,2 months ago (edited),@herm8320
"BAYARAN SOROS NIH MEDIA SELALU HINA PEMERINTAH UDH JAUH DARI VIDIO TENTANG INVESTASI, 50 MILYAR",0,2 months ago,@views9835
Jogetin aja cuk!,0,2 months ago,@republickebabkembangan
"Pas debat capres aja udah aneh, paslon lain pemaparan visi misi yang disiapkan dengan serius, dia kayak gak ada konsep cuma joget2 terus jawab: "" Kita tunggu saja hari pemilihan, rakyat yang menentukan"". Eh menang 😂. Bukti mayoritas rakyat Konoha lebih suka lihat hiburan daripada membandingkan visi misi calon pemimpinnya.",0,2 months ago (edited),@agustinussibarani6588
"MEDIA BAYARAN SOROS WOI DAPET 50 MILYAR PER MEDIA SUPAYA HINA PEMERINTAH, PAK PRABOWO TANGKEP NIH",0,2 months ago,@views9835
"NGOMONGIN UANG DAPET DUIT DARI SOROS WOI, SEMUA VIDIO MENGHINA PEMERINTAH TERUS ANJAY UANG SOROS MENGENYANGKAN",0,2 months ago,@views9835
Ini program korupsi brutal jangka panjang yg dia pertahankan......,0,2 months ago,@AntoyangAnto
"Jadi t*i semua,
Harusnya ibu hamil dan menyusui yg diperhatikan. Bukan anak SD SMP SMA.",0,2 months ago (edited),@ariwijaya4770
"MBG hapuskan, mending pendidikan gratis",0,2 months ago,@bagong7703
kebijakan pemerintah beban rakyat,0,2 months ago,@AwanMilan
"Sbnarnya program mbg sangat brmanfaat kalau tepat sasaran, (org miskin, fakir, anak yatim), dan cukup di kelola dg sumber daya yg sdh ada seprti dinas sosial. Lah ini anak org mampu d kasi makan gratis, blm lg indikasi korupsinya, Pemborosan anggaran yg luar biasa!",0,2 months ago,@kurniawan5680
Program lawak,0,2 months ago,@AsepSetiawan-s4q
Mbg menambah hutang untuk meracuni anak sekolah,0,2 months ago,@CahyaSaputra-c7t
Yg sejahtera dari mbg itu para pemilik sppg yg notabene itu orang2 parpol penguasa,0,2 months ago,@pipaupipauchannel9162
Mbg hanya menambah utang,0,2 months ago,@CahyaSaputra-c7t
Gizinya dimana???? Yg ada permainan penguasa,0,2 months ago,@Nikataraaaa
"Efek MBG juga bikin orang tua beban karena apa contoh : semula saya beli daging ayam sebelum asanya MBG 30rb/kg skrg ada MbG 40rb/kg, dan komoditas lainnya bawang merah dll....",0,2 months ago (edited),@arbiantowibowo9556
58% tidak faham.,0,2 months ago,@otripplay2091
MBG untuk jalan sukses prabowo di thun politik 2029,0,2 months ago,@ppramadhan-d3m
Alhamdulillah sekarang gizi siswa siswi Republik Indonesia udah terjaga.. Pemerintah kita mmg hebat,0,2 months ago,@Black-ut9gi
"Sebenarnya niat President sangat mulia,tapi pelaksanaan dilapangan sangat perlu dikoreksi..! Yang tampak bagus,hanya yang disorot TV saja tapi yang GAK DISOROT TV, tanyakan ke warga medsos..! Kalau program MBG perlu dilanjutakan, alangkah lebih baiknya,anggaran per porsi  untuk 1 bulan/siswa, DITRANFERKAN LANGSUNG saja ke ibu2 murid  ke  rekening bank masing2  setiap bulan, untuk MENGHINDARI KERACUNAN dan KORUPSI..! Biarlah pihak bank yang mencatat data ke tiap2 sekolahan untuk menghindari pungli, dan tiap2 murid diwajibkan bawa copy KTP ibu mereka masing2..! Dapat DIPASTI AKAN LEBIH BAIK,dan setiap hari murid diwajibkan bawa bekal nasi..!",0,2 months ago,@hardihandayani7176
"MBG,... Merusak, atau bikin rusak aspek2 lain. Cuma keuntungan politik Gank Prabowo. 
Budaya sarapan dg asupan gizi bagus musnah,.. ekonomi masyarakat. bawa pontang panting. panting,",0,2 months ago,@wiwiksetyawati5448
Itu tulisan miliar di baca triliun,0,2 months ago,@Hen_die
Kata Pak Dharma itu program elite gembel dlm rangka food control..,0,2 months ago,@PrimaRivano
"Setuju di poin “tepat sasaran”
Karena program kayak gini impact-nya bakal jauh beda kalau benar-benar fokus ke yang butuh.
Mungkin PR besarnya di sini: gimana memastikan targeting-nya akurat dan distribusinya nggak “flat” ke semua tanpa prioritas
Karena kalau semua dapat, justru efek ke yang paling butuh bisa jadi kurang maksimal.",1,2 months ago,@NgomonginUang
"Taiiiii,saya yakin anda org yg mendapatkan keuntungan dari penderitaan rakyat,cepet tobat sebelum azal menjemputmu",0,2 months ago,@AsepSopyan-d3v
"Jepang China berasil India Australia sudah menerapkan program MBG karena merupakan program bagus untuk meningkatkan gizi anak ibu hamil, dalam Islam memberi makan orang adalah pahala yang sangat baik. Program MBG juga bermanfaat untuk perputaran ekonomi rantai pasok dari petani peternak sampai UMKM dan menciptakan lapangan kerja",0,2 months ago,@ekasupriyanto7017
"0:36 sangat berdampak min, harga telur saja di daerahku setelah ada MBG jadi mahal dan langka, harga sekarang sekitar 65-70rb sebelum ada MBG sekitar 35-40rb paling mahal 45rb",1,2 months ago,@AmRikky
yang bekerja di sppg orang 2 tertentu,0,2 months ago,@agustinsuwand637
"MBG hentikan,blum tentu mrmjamin orang cerdas tergantung anaknya",0,2 months ago,@agustinsuwand637
MBG untuk bisnis berselubung bagi orang 2 tertentu,0,2 months ago,@agustinsuwand637
"Mbg sangat di harapkan siswa, selain itu juga membuka lapangan kerja, selain itu mengangkat peternak, petani. Apakah dulu ada program yg memikirkan kalangan bawah😊😊😊❤❤❤",0,2 months ago,@sayasukakeju1697
MBG gak bermamfaat pemborosan itu juga uang darirakyat,0,2 months ago,@agustinsuwand637
"Sudah sangat mengkhawatirkan program mbg ini, sampai chanel sekelas Ngomongin Uang membahasnya",0,2 months ago,@muhammadnurhalim5664
PROGRAMNYA ORANG2 BEBAL....NGGA MIKIR PENDIDIKAN....YG PENTING RAKYAT HARUS DIRACUN DG MBG....😢,0,2 months ago,@arifmartoyo
"MBG mubazir pembodohan itu yg dipakai uang rakyat bukan uang turun dari gunung ...celah korupsi tinggi ( alihkan buat kesehatan dan pendidikan gratis ,)",0,2 months ago,@sritotopurnomo4566
"Pantesan oh pantesan dalam beberapa bulan ini harga kebutuhan pokok naik semua dan duit saya 40 juta belum ada 3 bulan udah habis dan harus cari sana sini buat kebutuhan hidup rumah tangga saya, padahal pengeluaran biasa2 aja Lo dari sebelum sebelumnya, saya sampai mikir ulang apa ya pengeluaran begitu tinggi ini,,, ternyata efek dari mbg juga",0,2 months ago (edited),@Fend14sooo
Terlalu memaksakan program yang menjadi janji politik saat akan mencalonkan presiden....karena kalau tidak dilaksanakan janji program tersebut takut dihujat seluruh Indonesia...jadi ini bukan murni karena kebutuhan masyarakat tapi murni kebutuhan pribadi,0,2 months ago,@Ahmadun999
"MBG SGT bermanfaat bagi anak2 kita terutama di luar Jawa, dn bermanfaat bagi sebagian masarakat yg andil kerja di dapur MBG, lagi menambah berputarnya roda ekonomi indonesia yg asalnya TDK laku sperti buah sayur telur dn lain sebagainya",1,2 months ago,@Mahrus-w2l
awas AIR KERAS di siram muka,0,2 months ago,@Theodoremifasolasido
"MBG utk modal 2029, tapi hancurkan negara",0,2 months ago,@GMAHKBukitTorsinaSamarinda
"Untuk Pemimpin,Pejabat,anggota DPR,kroni kroni,balik modal KAmpAnye....",0,2 months ago,@Kasmir-l2j
MBG jadi BEBAN NEGARA dan akan menjadi kemunduran dalam segala sektor pemerintahan.....dgn ditiadakan atau dipangkas anggaran dlm pemerintahan maka sgala kgiatan akan mnjadi pincang bahkan lumpuh...seberapa pentingkah MBG??? Program ksih kenyang perut trs jdi TAI....makan bergizi tp tdk diibangi dgn ilmu pengetahuan tetap akan bobrok negara ini......,0,2 months ago,@aungzaw3446
Gini dah efek negara multi partai kebijakan dari presiden ke 1 sampai sekarang selalu berubah ubah... Nggak ada tujuan yang jelas tujuan negara selalu berubah ubah setiap 5 tahun... Belum lagi titip jabatan dari partai orang yang nggak pantes menduduki jabatan jadi bisa... Harusnya Indonesia sekarang berubah bubar kan partai bubarkan institusi yang nggak guna... Bank Indonesia jangan independen..,0,2 months ago,@ketuttaman1064
"MBG bikin hutang makin banyak, yg bayar anak2 kalian 😂",0,2 months ago,@yansthea3591
Bukannya udah banyak berita yah kalo mbg itu ngak pakai anggaran pendididkan dsb???,0,2 months ago,@tdis2659
daerah mana bang mahal kali 😮,1,1 month ago,@CINGBU_NGACIL
"Wanti wanti aja, waspada ketidakpastian global makin tinggi kan 🍵",0,2 months ago,@NgomonginUang
ngak habis2 indon dengan MBG dan warga.😅.kalau dimalaysia itu RMT sudah ada 35 tahun yg lalu hingga sekarang tak pernah ada masalah.. 😂😂😂😂,0,2 months ago,@hotmel82
Siapa yang memilih orang dungu jadi presiden?,0,2 months ago,@gatotbaliid
"Intinya MBG itu gak penting, masih banyak masalah di negara kita ini yg lebih penting untuk di tangani dan membutuhkan anggaran besar, sedangkan anggaran negara kita pas Pasan , rakyat gak pernah ngeluh minta di buatkan MBG",0,2 months ago,@Ryzukichanel.
Presiden pemikiran primitif,0,2 months ago,@Ryzukichanel.
Prabowo sumber korupsi masal MBG presiden MBG,0,2 months ago,@RaJali-z2r
"Untung bagi yg koruptor tau...,besar besaran membuka pintu koruptor COBA MATE MATIKANYA BAGAIMANA BAPAK PRESIDEN..., JANGAN EGOIS... UNTUK MERUBAH MBG tf langsung ke yg mendapatkannya...kalau memang demi MASYARAKAT RI, EGO MU MERUGIKAN UANG RAKYAT... RI...!!!",0,2 months ago,@hernamandani7436
Program politik,1,2 months ago,@yaqub-k1n
Ngoto dengan KEBODOHAN ...,1,2 months ago,@hafidzqulub7698
😭😭,1,2 months ago,@harrysap8456
Pemangku kebijakan yang berkepala batu . meski terus d kritik masih bungkam dan tuli,1,2 months ago,@ryanariefin9438
"Begitu lah jika seorang pemimpin hasil tipu² program yg benar ² gagal, mereka tak sadar bahwa pelajar Indonesia sedang di genosida dgn kebodohan, anggaran pendidikan yg dilucuti secara berjamaah melalui sistem ,mana ada makanan bergizi, yg ada makanan busuk dgn harga dibawah 10 ribuan jika ditotal,miris²",0,2 months ago,@ryanariefin9438
agenda 2 periode wowo. bagi2 proyek. ilmu gak dapat. otak kosong. menciptakan generasi ilmu pengetahuan lemah. perut selalu lapar,0,2 months ago,@lindhuirlanda793
😂😂😂,0,2 months ago,@garasinyajessy
"Sebenernya program baguss, tapi terlalu memaksakan .. 😅",0,2 months ago (edited),@isaaalproject
Mbg itu program cuci uang,0,2 months ago,@DewiLapet-mf9mq
"Penyebab stunting tuh bukan kurang gizi sejak usia dini, melainkan sejak dalam kandungan. Jadi tujuan MBG di sekolah untuk menurunkan stunting adalah bohong",0,2 months ago,@PatriHandoyo
"Saya dukung mbg kalau aja =
1. Punya peternakan sapi perah sendiri sehingga anak didik bisa minum susu murni 100% min 750ml perharinya.
2. Bahan makanan dari peternakan dan perkebunan sendiri. Tanpa mengganggu konsumsi umum.
3. Lauk pauk terbukti gizinya maksimal serentak dan terbukti enak
4. Dimulai dari siswa termiskin bertahap kecuali jika dananya cukup tanpa mengganggu jatah anggaran pendidikan",0,2 months ago,@yudiwahyudi5255
Buat nampung benalu ex bumn. Danantara dicuci.,0,2 months ago,@gandautama4141
"Stn.pjbt
Makan
Beracun
Goplok",0,2 months ago,@NispuSabaniah
"Data menunjukkan 58% pemilih Prabowo PESIMIS, bukan Indonesia emas tapi Indonesia CEMAS",1,2 months ago,@OmBesar_Deltu-o7o
Kalau memang prabowo membudeg pura pura gk dengar MARI KITA TURUNKAN DARI JABATANNYA...!!!,1,2 months ago,@hernamandani7436
"program gak guna!! Pemda jadi tumbal! dana transfer kepangkas, infra ga bisa jalan kita yg disalahin",0,2 months ago,@sandyherl
Susah di audit itu,0,2 months ago,@acs1018
"Mbg itu seperti lintah negara, atau lebih tepatnya koruptor. Dampak nya minim tpi kerugian nya dasyhat",6,2 months ago,@Ikuroka
"Seandainya uang 355T itu untuk dana pendidikan dan infrastruktur, pasti Indonesia 5-10 tahun kedepan bisa menjadi negara maju",12,2 months ago,@Ucinganaksoleh
"SEBALIKNYA,MUMPUNG JADI PRESIDEN,TAPI PENILAIAN MASYARAKAT TIDAK BEGITU",0,2 months ago,@Rini-g5n
BEBAN NEGARA,0,2 months ago,@Rini-g5n
"kedepannya terutama utk warga 58% makanya kalau ada debat capres itu disimak baik baik, biar tidak salah pilih, skrng sdh kelanjur jalan begini programnya jadi pusing sendiri,",0,2 months ago,@agungberiyadieasymelody5456
"beban negara dari awala sdh salah bnyak efisiensi, anggaran pendidikan, tata kelola amburadul, tidak ada pengawasan, ladang bisnis, keracunan, limbah mubazir dan ganggu sektor pendidikan kesehatan dan infrastruktur. kalo memang mau sosial gabung saja di kemensos dan fokus pada yg miskin. Ditambah kesombongan pejabat yg bagi bagi kekuasaan dan proyek",0,2 months ago,@akmalrijal4155
"Tambahan untuk narasi penutup video : apakah program stunting + program peningkatan mutu.pendidikan sudah terbidik tepat ? .....di salah satu sPPG jksel pemberian MBG unt usia Balita (paud, TK) hanya 10-20 % dibanding pelayanan usia yg lebih besar.......Dan seringnya menu SD 3 helai kripik Tempe sagu yg 1 jam sdh melempem.....dibandingkan di salah satu SMA Tangsel dpt tempe asli 1 potong 😊.....lebih bergizi yg mana yah ??",0,2 months ago,@CATCh-ih4lp
MBG... all for nothing..,1,2 months ago,@kupluk8686
"China aja yang APBNnya 64.000 T pertahun buat makan bergizinya cuma 25 T, itu karena cuma subsidi buat yang miskin bukan makan gratis 😂 lah konoha APBN nya cuma 3000 T dana MBG 335 T 😂",48,2 months ago,@tesaja1237q
"EGO PRABOWO TERLALU BESAR
LIAT AJA KALAU DI KRITIK JAWABANNYA BEGITU KEMARIN WAKTU DI TANYA NAJWA SHIHAB
MBG AMBURADUL EKSEKUSI PELAKSANAANYA KACAU.  MALAH JADINYA BUANG2 ANGGARAN",0,2 months ago,@Ghriawn
"Fyi : 
MBG di Jepang namanya Kyūshoku (給食), yang berarti ""makan siang sekolah"". Program ini telah berjalan lebih dari 100 tahun (sejak 1889) dan berfokus pada penyediaan makanan seimbang dan bergizi untuk pelajar.yah memang perlu diakui bahwa di Indonesia ini adalah program perintis dan wajar saja jika ada kekurangan diawal.,namun mulut orang idiot pasti miring diawal.so,,.. kalau ada komplain massal soal program ini, berarti kita bisa hitung berapa banyak SDM rendah kita. liat ajah 🙂",1,2 months ago,@Kowalskithenavigator
hati hati ngomu. bentar lagi dituduh antek antek asing 😂😂,0,2 months ago,@marzukirahman4868
"Liat dah Struktural pengelola nya Mulai dari kepala nya, sampe ada yang bilang ini pangkalan militer?.

Alangkah baiknya semua aspek struktural itu faham tentang Gizi GX harus expert karena itu tugas kepala nya",0,2 months ago,@syukcode
"Parahh jahat banget yaa program MBG ini 😢😢😢😢 innalillahi 

Korupsi terselubung 😢😢😢",1,2 months ago,@febryrizkyamalia6545
"Ini program yg ga lihat realita dunia. Mending 335T ini lu fokusin utk berantas koruptor dlu dah. Baru jalanin program lainnya.

Slama koruptor ga diberantas, program apapun ga akan baik",0,2 months ago,@adelkf00
Sedangkan petugas kesehatan yg berkerja di puskesmas tidak dapat gaji yg layak sedangkan gaji mbg melambung tinggi,0,2 months ago,@SriHartatik-y5g
Harusnya MBG itu di daerah yg angka stunting nya tinggi aja biar tepat sasaran n tidak jadi beban yg terlalu besar,0,2 months ago,@rbagas5141
"Ya ini yang dinamakan 19 jt lapangan kerja tapi buat para kader"" nya",0,2 months ago,@PaijemBrangkidul
"Secara ekonomi, program ini berdampak besar pada petani, peternak, nelayan, UMKM pangan, dan tenaga kerja lokal (juru masak/pengantar) melalui penyerapan bahan baku dan penciptaan lapangan kerja.",2,2 months ago,@valentinoaldriansidabutar6191
​ @valentinoaldriansidabutar6191 halu lu cok,0,1 month ago,@onedieschatzi
"Pembangunan infrastruktur menambah hutang Indonesia 7.000 triliun rupiah dalam 10 tahun pemerintahan Jokowi 
Banyak yg dikorupsi, triliunan jumlahnya",1,2 months ago,@valentinoaldriansidabutar6191
"​ @valentinoaldriansidabutar6191  hasilnya jelas, daripada mbg dikorupsi dan cuma jadi taik",0,1 month ago,@Hasannasbiiiii
"■ MBG Menciptakan Lap Kerja & Gaji:

Tiap SPPG dibutuhkan 18-25 staf, dg gaji:
· Supervisor/Kepala Dapur: Rp4 - 7 juta
· Ahli Gizi & Akuntan: ± Rp5 juta 
· Juru Masak Utama: Rp3 - 5 juta
· Asisten Koki/Prep/Packing: Rp2 - 3,8 juta
· Driver/Petugas Distribusi: Rp2,5 - 4,5 juta
· Bagian Cuci & Sanitasi: Rp2 - 3 juta

--> Semuanya dikali x 24.000-an SPPG (Feb 2025)
--> inilah gaji yg diterima masyarakat/bln berkat program MBG

■ MBG Mensejahterakan Pedagang Sayur & Pasar Lokal:

Kebutuhan 1 SPPG untuk sekali masak (melayani ±3.000 penerima) sangat besar :

· Telur: 3.000 - 3.300 butir (disediakan 2 kali seminggu)
· Ayam: 350 ekor (setara 2,6 ton per bulan)
· Beras: 5 ton per bulan
· Sayur: 350 kg
· Susu: 450 liter

--> ini dikali 24.000-an SPPG, total.ada 61Jt-an penerima makanan MBG se-Indonesia (Feb 2025)

--> Dana yang beredar sangat besar. Sekitar 70% anggaran SPPG (Rp1 miliar/bulan) digunakan untuk belanja bahan baku, yang 95-99% bersumber dari produk pertanian lokal .

■ TESTIMONI:

• Kadin Indonesia mencatat sektor pertanian dan peternakan mengalami pertumbuhan berkat program ini.

• Kenaikan Harga Komoditas: Wali Kota Tangerang secara spesifik menyebut bahwa program MBG berkontribusi pada kenaikan harga komoditas seperti cabai, telur, dan ayam, yang secara langsung menguntungkan petani dan pedagang.

• Perubahan Kebiasaan: Petani yang sempat berhenti mulai menanam lagi karena ada jaminan pembelian, bahkan ada yang mengubah pola tanam untuk memenuhi permintaan SPPG.

• Pasar Pasti (Captive Market): 
Banyak SPPG yang memenuhi 85% kebutuhan pangannya dari radius terdekat.

• Pemasok Lokal: Setiap SPPG memberdayakan minimal 15 pemasok lokal, mulai dari petani sayur, pemasok telur, hingga distributor ayam .

■ KESIMPULAN:

• Program ini membuka lapangan kerja massal, terutama bagi warga lokal dan ibu rumah tangga, dengan pendapatan signifikan di atas rata-rata upah harian.

• Program ini mengubah SPPG menjadi ""denyut nadi ekonomi baru"" di tingkat desa, menciptakan ekosistem yang melibatkan petani, pedagang pasar, dan koperasi desa.",1,1 month ago,@adralia23
Korupsi 10 kali lipat. :v,2,2 months ago,@M.Ilham123
"Kenapa MBG 335 T rawan KKN sangat Miris? 
1.Populasi rakyat miskin 65 % sangat tak sebanding dgn besarnya anggaran 335T MBG
2.Dilakukan saat hutang jatuh tempo mencapai rekor tertinggi 
3.Menambah Beban hutang & Defisit Anggaran
4.Anggaran melebihi budget Kemenkes ( pertama didunia) 
5.Dikuasai kroni kroninya terutama anggota dewan & si ijo.(hanya menambah pundi pundi kekayaan para oknum) 
6.Tidak konsisten dgn kampanye ""Efisiensi Anggaran"". Pemborosan sistematis yang menciptakan bom waktu ekonomi yaitu = *kebangkrutan*.

Mereka tidak peduli kritikan & amarah rakyat, dgn penuh nafsu tetap menggeber program ini & mengabaikan segala resiko yang akan timbul dimasa depan",0,2 months ago,@Utang10.000T_bangkrut
Wow APBN cina gede amat ya 64rbT... Indonesia aja cuma 3rb T,0,2 months ago,@Laewoo17
"23.000 T bro, bukan 64",0,1 month ago,@baydmc2162
MAAF KARENA PREDIDEN KITA BODOH BIN OON ...,0,1 month ago,@Mutohar-y3u
"di negara lain program MBG ini bukan lah ""alat politik"" tetapi kesadaran negara akan pentingnya MBG itu bagi si penerima. jadi tidak ada istilah ""ambil untung"" secara sepihak/pribadi. pada akhirnya program MBG ini berjalan dengan baik, lancar, tepat sasaran. kalo di negara kita ini, itu murni politik dan motif ekonomi berkedok ""kepentingan rakyat""..",0,1 month ago,@heriberbagi029
"Perbandingan antar negara menarik sih, tapi biasanya tricky karena struktur APBN, jumlah penerima, dan tujuan programnya beda.
Yang jadi kunci mungkin bukan sekadar besar-kecil anggaran, tapi: seberapa tepat sasaran & efisien realisasinya
Karena program kecil pun bisa impactful kalau tepat, dan sebaliknya.",2,2 months ago,@NgomonginUang
"​ @NgomonginUang iya itu artinya efisiensi MBG di Indonesa jauh lebih banyak korupsi dibanding MBG di China min
Klo bicara dampak dan efisiensi perbandingan anggaran menjadi salah satu tolak ukur.
Setahun berjalan dampak dan efisiensi MBG hancur banget, bahkan merusak anggaran sektor lain. MBG bukan lagi beban tapi jd toxic atau racun bagi anggaran 
Jika benar kita menginginkan MBG yg berdampak baik dan efisiensi akan lebih baik jika MBG dilakukan secara bertahap terutama didaerah pelosok lebih dahulu, setelah tahu kelemahan dan sistem yg baik dan telah berjalan baik baru diduplikasi ke daerah lain
Tapi ini kan program baru, banyak kekurangan dan celah korupsi tapi malah diterapkan secara besar-besaran dan anggaran yg luar biasa secara tiba-tiba. Bukan hanya beban ini justru program penghancur anggaran negara.",1,2 months ago,@agungkurniawan122
"China aja yang APBNnya 64.000 T pertahun buat makan bergizinya cuma 25 T, itu karena cuma subsidi buat yang miskin bukan makan gratis 😂 lah konoha APBN nya cuma 3000 T dana MBG 335 T 😂",1,2 months ago,@tesaja1237q
"Coba bandingkan juga anggarannya berapa persen dari APBN mereka, yang idiot yang kritik atau anda? 😂",1,2 months ago,@tesaja1237q
Di top comment udah kok banyak suara begini 😅,0,2 months ago,@NgomonginUang
"Padahal kader"" nya sudah punya kerja",0,2 months ago,@PaijemBrangkidul
"Tuh kasih orang"" yang baru Lulus Sarjana"" banyak  pada belum kerja",0,2 months ago,@PaijemBrangkidul
"Padahal kader"" nya sudah pada punya kerja",0,2 months ago,@PaijemBrangkidul
"program paling aneh, kualitas pendidikan masih aneh. malah bikin program pake pihak ketiga, kenapa dana nya ga dikasih ke orang tua siswa yang lebih tau selera anak masing masing. probabilitas untuk korupsi nya besar tapi nasih dilaksanakan yasudah biarkan saja",0,2 months ago,@rezafahlevib
"Sy biasanya sllu dukung program pemerintah pak Prabowo 
Tp soal MBG sy kurang setuju krn urusan pangan tu bkn yg urgent... Yg urgent itu byk sarjana susah cari kerja",0,2 months ago,@abrorifahim3980
"Indonesia ini Negara yang  kaya akan kekayaan Sumber alam dan Mineral nya.Tapi Indonesia Negara yang saat ini,Kaya akan Para Koruptor nya.Dan Negara yang Banyak Rakyat nya Hidup dalam Kemiskinan.",0,2 months ago,@SuherMan-d5i
"Fix sih ini, kalau ga ada aksi Nepalkan berarti masyarakat tunduk& siap menghadapi konsekuensi dari MBG ini",0,2 months ago,@ha.a31
Pemerintah jahanam pancen,0,2 months ago,@gaskhar413
negara konoha gk tau bersyukur...banyak pengangguran demo dibuka nya lapangan pekerjaan untuk rakyat juga salah...padahal negara lain banyak yang kolaps,0,2 months ago,@RedmiNote5-d5c
"1 % solusi
99% beban",0,2 months ago,@FajarKusuma-qj9ru
Sumpah gakapapa banget kalau mau ngakui mbg tu gak make sense diterapkan disini mending anggarannya tuh buat pendidikan aja. Aku ngerasa banget sebagai dari keluarga yang menengah kebawah selalu kepikiran soal biaya sekolah sama fasilitas sekolah yang kurang sehingga tuh gak ndukung buat ngembangin diri,0,2 months ago (edited),@Bunga616
menurut saya mbg jadi solusi disaat rakyat sulit cari kerjaan...ada atau gk ada mbg kurupsi jalan terus...mending sekalian uang negara habis untuk rakyat,0,2 months ago,@RedmiNote5-d5c
"Apa ideologi Pemerintah skrg berubah mjd MBG ya...? 

Koq MBG sepertinya mjd sesuatu yg didewa²kan. MBG HARUS tetap jalan apapun yg terjadi, meski faktanya pelaksanaan MBG byk yg menyimpang dr ketentuan dan byk dikorupsi.

Semoga Pemerintah tetap waras bahwa ideologi kita itu Pancasila, bukan MBG",0,2 months ago,@pray1925
Gila muka  kepala BGN nyebelin bat jir mau gw amplas rasanya 😂,0,2 months ago,@haikalathallahtm9583
"MBG indo itu cuma bagus di teori, tapi di praktikum.... HAWK TUAH!!!",0,2 months ago,@ridhobaihaqi144
"Dengan program mbg, para petani tidak mendapat manfaat langsung dari kenaikan harga,, karena yang membeli hasil panen mereka bukan dari pihak dapur mbg, tapi dari pihak mitra yang menydiakan bahan2 untuk dapur mbg.. para mitra tersebut membeli hasil panen dengan harga murah dan dijual dengan harga mahal ke pengelola dapur mbg..
Hal ini tidak membuat hidup petani lebih sejahtera, membuat harga panen mahal di pasaran karena hasil panen sudah banyak dibeli oleh mitra penyedia mbg,, dan juga membuat mitra penyedia mbg menjadi lebih sejahtera karena membeli hasil panen dengan harga murah dan menjualnya dengan harga mahal ke dapur mbg..
Di tempat kami ada 2 dapur mbg yang menu nya ada yang lebih banyak dan lebih sedikit isi porsinya.. setelah di tanya oleh pihak sekolah tentang hal ini, jawaban dari pihak dapur mbg mengatakan ""mitra mereka berbeda dengan dapur mbg yang satunya.. merek bilang mitra mereka menjual bahan dengan harga lebih mahal dari mitra dapur mbg yang lain, sehingga porsi dari menu mereka lebih sedikit""",0,2 months ago,@raf1359
"MBG buat siapa? ya buat si Wowo lah.. sdh sgt jelas.
Nasib jd WNI, kerja keras bayar pajak, eh duitnya buat kampanye politik presiden halu😢",0,2 months ago,@Dh4nker
"Program MBG perlu didukung dengan tata kelola yang kuat, pelibatan pelaku lokal, serta pengawasan berkelanjutan agar mampu mendorong ketahanan pangan dan kesejahteraan masyarakat secara luas.",0,2 months ago,@shortV-z3i
"Prabowo nyerocos mau renovasi 300 ribu uang kelas. Sementara ratusan truliun apbn abis buat mbg, apbn yang juga tertekan ama kenaikan harga minyak. Bahkan apbn sudah dinyatakan defisit ampe 130 an triliun. Pertanyaannya duitnya dari mana coba?? Kyaknya prabowo harus diajarin ekonomi ama admin ngomu dulu",0,2 months ago (edited),@hamaspahlawan1577
"Ada yg komen ini hanya menguntungkan kan pemilik dapur MBG nya ,, iya sih ini bener jga ..TPI yg lebih pasti yg bikin proyek nya yg akan mendapatkan ke untungan yg lebih besar ..ingat berapa tahun lagi dia di pastikan nyalon lagi,( klu belum mati ya) nah itu biaya nya besar lho ..mau nyogok sana sini kan butuh uang ,, jdi sebetulnya ini cuma proyek nya dia ,, kita aja yg di bodoh bodoh in ,, dia bilang makan bergizi ,, saya aja yg bisa di bilang kelas bawah ..lebih mampu beli yg bergizi dari pada yg dia kasih,, lagian di mana letak gizi nya,saya rasa sudah banyak yg Spil kok ,,apa yg di kasih nya",0,2 months ago,@langkisau-bkt
Bau baunya dana george soros,0,2 months ago,@ivanluhur
"Anak dapat makan, tapi ortu mereka kesulitan beli bahan makanan di pasar karena stok pasar diserap besar oleh MBG. Dipikir2 kontradiktif. Negara ini emg kocak😂😂",0,2 months ago,@hamaspahlawan1577
Dana MBG....di buat. Pabrik2  baru...biar orang tua bisa kerja... Ngasih anak makan bergizi...,0,2 months ago,@LusianaKurniawati-v1c6z
"Setuju,
Kuncinya memang di tata kelola & pengawasan.
Tapi pertanyaannya: pelaku lokalnya nanti benar-benar merata atau cuma “itu-itu aja”?",0,2 months ago,@NgomonginUang
"Mbg tu baguss asal punya dana dan maksud tujuan yang bener2 membantu bukan mencerdaskan bangsa, untuk fokus anak2 bukan IQ anak2 karena kalau mau cerdas sistem pendidikan harus jelas jangan mentri ganti ganti kurikulum al hasil pembelajaran gak afektif dan terkesan "" uji coba "", pendidikan di mulai dr gaji guru dan kulitas guru, serta fasilitas dan kurikulum yang memadai hal penting si guru tersebut harus bisa beradaptasi dengan sistem modern kek AI dan buku online, cara pembelajaran pun harus seru dan mudah dipahami anak2, untuk mbg sebagai fokus dan tingkat kualitas tubuh agar selalu vit dam pembelajaran, mbg harus ada sana sendiri bukan dr apbn karena 1 hr mbg butuh 1 terilun untuk semua sekolah di indo belum termasuk sekolah pedalaman , dan mbg harus punya bagian2 sendiri masing2 punya bagian cek kualitas Makanan, karena jika pu ya sistem dan duit sendiri semua lancar tanpa mengurangi anggaran penting negara kek pendidikan kesehatan bahkan kabar awal mbg semua dipangkas banyak pengangguran buka karena skil kurang melainkan untuk mbg miris banget  sedangkan anak butuh duit sekolah dan masa depan bukan soal makan 1× disekolah, kalau mbg punya bagian2, 1 bagian menu Semua dicek masing2 bgn menu apa aja serta belanja, 2 sistem daour semua dimasak fress tanpa hambatan dan harus memadai, bagian 3 pengecekan apakah makanan ini mayak atau tidak karena dalam jumlah besar beberapa makanan bisa terkontaminasi oleh zat2 terntentu dr dapur makanya perlu dicek diresto aja semua makanan di cek masak mbg yang jelas2 buat bangsa gak di cek kan lawak mana itu dr pemerintah bukan swasta",0,2 months ago,@Sukseske3
"Hati-hati min, nanti disangka antek-antek asing atau terima dana dari soros wkwkwk",0,2 months ago,@achosaja6539
Sepertinya uang sudah mengalir ke sini..,0,2 months ago,@gemamoch1
"Mbg mau buka cabang di tel Aviv, untuk pengungsi Israel.",0,2 months ago,@DekKo-p5y
Admin ngomu mungkin bisa collab dengan para aktifis kayak Ferry Najwa Gugem dll,0,2 months ago,@hibbanayyasy4419
"lebih murah duit langsung di kasih ke orang tua  !!
dah tuh otomatis  merata duit yg mengalirnya bukan pemasok atau penyedia dapur yg besar yg dapat keuntungan 6 jt perhari",0,2 months ago (edited),@lixcul5052
Jelas BEBAN,0,2 months ago,@motoharumotoharu
"Ganti nama lah, MBG.
Enak bgt jir kasih nama ""gratis""",0,2 months ago,@cendolisme1928
"coba pikir pakai logika makanan mbg itu hampir setengah dari porsi itu mubasir dan dibuang,,begini logikax
1.setiap sekolah penerima.                   
   dlm sehari ada yang tdk. 
    datang,,makananx lebh
2.murid yg tsk mau makanan        
   mbg,tdk mau terima baik yg
   memang orang mampu,dan
   golongan menengah yg tdk 
   mau makan
3.makanan diambil murid 
   tetapi cuma makan sedikit
   contohx ambil buahx sj,yg 
   lain di buang di tong samph

4,murid mengambil makanan 
   tetapi di rumah dibuang 
   oleh orang tua murid krn 
   takut
bukankah hampir setengah anggaran uang negara hilang atau terbuang percuma coba kali 15 rib di kali lagi jumlah penerima mamfaat persekolah",0,2 months ago,@Rayya-t2s
"Bagus lah min biar mati pedagang udah terlalu banyak mengganggu kemacetan dan mengganggu kesetan makin langka, makin bagus.
udah saatnya mereka gak dagang makanan mulu, sudah saatnya ke sektor teknologi 👍",0,2 months ago,@dwi-k4e
"Program konsumtif spt MBG-KMP yg sengaja menyerap APBN dlm waktu singkat utk Anggaran Pendidikan 40% dan Anggaran Kesehatan 20%. Hasilnya justru membodohkan dan melemahkan Kesehatan masyarakat. Apalagi dlm pelaksanaan setiap lini memungut rente dr ""Bancakan"" MBG ini. KMP juga membodohkan teknologi otomotif Indonesia dan membuang peluang jutaan Kesempatan Kerja Rantai Pasok produksi Otomotif Indonesia. Negara dikelola scr ugal2an oleh org2 Oligarki koplak.i",0,2 months ago (edited),@bambanghesti8902
MGB itu kue lapis.,0,2 months ago,@ericpurnomo8173
"MBG adalah solusi membungkam rakyat bawah dan rekan politik tanpa memikirkan defisit negara...😂😂😂

say setuju setuju saya MBG dilanjutkan...tapi anggaran tunjangan untuk DPR dikurangi untuk menutup defisit negara...",0,2 months ago,@GasrukML
Gak perlu orang pintar kita rakyat biasa yg dianggap bodooh sama pemerintah pun pasti tau MBG beban ekonomi. Klo masih ada yg bela MBG mungkin udh hilang akal,0,2 months ago,@pandamealtime
"Masih belum ada penelitian, pengaruh MBG terhadap peningkatan Gizi dan kualitas Pendidikan anak Indonesia",0,2 months ago,@argafirmansyah9750
Awal kehancuran negara ini berawal dari program ini,0,2 months ago,@tshukamto7989
Mengutip dari celios😂😂😂 penerima dana dari yayasan geoge Soros itu yaa berarti satu paket ni channel,0,2 months ago,@ekohendrianto3909
Impor impor impor,0,2 months ago,@deotheodeo
BuZZer nih channel,1,2 months ago,@radith5518
"Pdhal ketololan anak sekolah di indonesia berasal dari trend tiktok dn medsos
Bukan dari makanannya

Lgian percuma ngasih makan anak anak sekolah yg isi otaknya cuma pacaran aja ujung ujungnya gk lulus hamil duluan 
Mending buat pembangunan dana nya",0,2 months ago,@GemboyOfficial-musicviral
Apanya bang? Ini chanel edukasi😊,0,2 months ago,@tradingForliving-j3d
"Akhirnya ngomu membahas mbg juga!, Sebagai orang awam yang hidup di desa walaupun dipulau Jawa, permainan oknum, ketidaktransparansi lembaga, calo, hal"" yang bersifat korup, merusak, dan menguntungkan diri sendiri adalah hal umum yang terjadi dipedesaan, masyarakat seperti ini yang menghambat apapun yang sebenernya berniat baik menjadi melenceng",0,2 months ago,@riyanriyono3052
"tapi ada yang paling buruk selain dapur SPPG yaitu mitranya dapur SPPG, soalnya gua pernah kerja di pabrik roti yang bermitra dengan dapur SPPG untuk memasok roti demi kelancaran program MBG, disana gua kerja dari jam 7 sampai 10 malam tanpa jam istirahat dan di gaji 70rb perhari, memang cerita gua ini terdengar mengada-ngada tetapi cerita ini memang murni dari pengalaman gua saat bulan ramadhan kemarin.

dan lu tau apa hal yang paling buruk yang ada di pabrik roti itu?

mereka juga memperkerjakan pekerja remaja dibawah umur, bayangkan anak 14-16 tahun sudah di suruh kerja sekeras seperti itu, mereka (bos-bos mitra SPPG) memang biadab dan tidak berperikemanusiaan.",23,2 months ago,@gibranbhala7511
MBG proyek utk cari modal buat nyalon di 2029,0,2 months ago,@beeeducationcenter9657
"Negara lebih mengutamakan isi perut ketimbang isi otak, biar rakyat mudah di atur😂",0,2 months ago,@arisusanto8215
Dan kenapa harus pakai anggaran pendidikan,2,2 months ago,@POHONAPI-f3y8d
Lebih tepatnya beban baru. Karena ada masalah makanan yang beracun. Tidak layak dimakan.,0,2 months ago,@MaulanaAr-v1q
Ketololan massal dipertontonkan para Voters 02 di pemilu 2024,0,2 months ago,@shinymilotic4877
Masalah kita itu soal pembangunan itu lebih ke kualitas ASN kita sampai pejabat dari tingkat desa sampai ke provinsi yg kualitasnya rendah. Mau bangun apa aja pasti dikorupsi.,0,2 months ago,@WekaYara
"Untuk yg punya kepentingan, tapi bukan untuk *ujung targetnya (*seluruh siswa di seantero Indonesia, itu hanya dalihnya aja)",0,2 months ago (edited),@IkaputriKurniasari
Sayangnya presiden kita ga mau sama sekali mendengar keluhan rakyat,0,2 months ago,@riobudianto1701
"6juta per hari itu apa ya min? kalo ada 944 siswa rata-rata, bulatkan saja 1.000 siswa. ambil data dari 83.000.000/88.000 dapur = 944 penerima manfaat. kalo dijatah 6juta/1.000 siswa = 6.000 per siswa. 6.000 itu. harga modal aja. ga cukup kalo sudah termasuk omset. minimal 12.000-15.000 per porsi.",0,2 months ago (edited),@Adhi.Santoso
"Si Hendrik homoboti,duta joget mbg 😂😂😂",0,2 months ago,@ipankh4534
MBG  PEMBOROSAN TINGKAT DEWA,0,2 months ago,@simbahzamannow
PROGRAM GAGALLLLLL,0,2 months ago,@bc.figuremurah
YaAllah tolong potong usia bapak manula npd sakit jiwa itu dalam waktu dekat yaAllaaah amiiiin,0,2 months ago,@akj8697
"MBG program Anyiiing, ga tepat sasaran dan memperkaya sebagian manusia yang rakus, yang goblok nya Oposisi tidak ada yg pernah mengingatkan, manusia manusia pemikir pada molor semua",0,2 months ago (edited),@PuyDean
"lah ngapain pelaku usaha kecil sama umkm jadi pemasok mbg? ya kalo tujuannya gerakin ekonomi kan emang harus make vendor besar biar mereka bisa nambah karyawan dan kasi gaji layak ke karyawannya terus si karyawan itu yang beli beli di UMKM. Bayangin orang kerja di umkm banyak yg upahnya cuman1/3 bahkan 1/4 umk belom lagi beban kerja yang overwork dan overtime berkedok loyalitasnya, mau diminta muter roda ekoonomi???",0,2 months ago,@FahriYain
Mending Nontonin Bennix Lebih Masuk Akal Dan Jelas,0,2 months ago,@fikrisatriamashuri2263
hidup HENDRIK uget uget 💰🎉🕺🕺🕺,0,2 months ago,@ayieee888
"Pemerintah cukup paham istilah ""lapar galak kenyang bego (dan anteng)"". Alih2 mencerdaskan, lebih baik mengenyangkan.",0,2 months ago,@StruggleSurvival
"Jujur ini yang sering kejadian 😅
Programnya niatnya bagus, tapi kalah sama “realita lapangan”.
Jadi mungkin diskusinya perlu naik level:
bukan cuma setuju/tidak, tapi gimana bikin sistemnya anti-penyimpangan?",0,2 months ago,@NgomonginUang
"Terima kasih udah share pengalaman kayak gini 🙏
Kalau memang terjadi seperti itu, ini jelas bukan cuma soal program, tapi sudah masuk ke isu serius di sisi ketenagakerjaan & pengawasan mitra.
Program sebesar ini memang sangat bergantung ke rantai mitranya.
Kalau di level mitra ada praktik yang tidak manusiawi, itu berarti: sistem seleksi & pengawasannya perlu dievaluasi serius
Dan poin soal pekerja di bawah umur juga nggak bisa dianggap ringan—
karena itu sudah masuk ranah yang seharusnya diawasi ketat.
Mungkin yang penting sekarang: bagaimana kasus-kasus seperti ini bisa dilaporkan & ditindak,
supaya programnya nggak justru merugikan pihak lain di belakang layar.",4,2 months ago,@NgomonginUang
"Dan saya sebagai walmur, pas ramadhan kemarin, dapat mbg yang ada menu rotinya, rotinya tidak enak (seperti kebanyakan raginya) dan berakhir tidak kemakan.",0,2 months ago,@ariseptiana148
"selalu ada selisih harga jual dan beli antara sppg dan suppliernya, kemana kah? dan akhirnya kualitas, tenaga kerja, biaya operasional ditekan sekecil mungkin oleh supplier buat menuhin keinginan sppg",0,1 month ago,@NurRachmat-kk2vl
La anggaran pendidikan naik terus tp rata2 iqnya malah 78,1,2 months ago,@FahriYain
"MBG, KMP, Program pemerintah paling idiot sepanjang masa",0,2 months ago,@zaenalzed
jelas sekali mbg ini amat sangat bermanfaat bagi masyarakat sekitar karna umkm disana terbantu,0,2 months ago,@alfahito-m3y
Kita mempunyai presiden yang sebenarnya punya power besar tapi idealis.,0,2 months ago,@an_t_abrahamic
"Setelah kisruh Woosh yg pakai hutang, sekarang ada yg lbh membagongkan lg ytu MBG yg habisin triliunan perhari. Tinggal ngitung kawan.",0,2 months ago,@LadaHitam-c8b
Menarik untuk dilihat efek dominonya sampai 5 tahun kedepan...,1,2 months ago,@BagusSaepudin
"MBG udah cuann dari selisih harga 10ribu dibelanjaain cuma 6ribu 7ribuan,kurang puas lagi mereka motong 5ribu dari 15ribu/siswa, kurang puas masih juga  Setiap dapur Embege disubsidi insentif 6juta perhari.
.
👉gak masuk akal biaya modal bikin dapur Embege 2milyar sampe 4milyar nah uang segitu kalau di Depositokan paling banyak dapet 120juta sampe 240juta setahun 
.
bandingkan dengan pemerintah kasih insentif 6juta perhari kalau 300hari operasional dalam setahun udah 1,8milyar
.
 negara disuruh nyewa dapur mereka itu  harga sewanya 1,8milyar/tahun.  ..LOGIKA DIMANA? 
.
please ngakalin duit APBN jangan terlalu PUULGAR😃😀",0,2 months ago,@wid6500
Ngakalin duit APBN dapet insentif 6juta perhari padahal udah ngambil cuann dari selisih harga makanan dan cuann dari motong anggaran 5ribu dari seharusnya 15ribu/siswa/hari jadi 10ribu/siswa/hari.,0,2 months ago,@wid6500
sudah paling bener itu program BLT semua senang ngak ada yg ribut.,0,2 months ago,@dewamandala
Makin kesel min abis liat video konten MBG yang joget2 6 juta itu,0,2 months ago,@timothystevano2994
Faktor kenapa Bowo membuat mbg adalah ingin membubarkan negara Indonesia di tahun 2030,1,2 months ago,@DwikE245
Agak Geli kalau di Bilang GRATIS,0,2 months ago,@KebunAzief
Hari hari ..,0,2 months ago,@samsulx6958
Akan lbh bgs jk uang itu utk lunasin hutang shg APBN jd lbh sehat..,0,2 months ago,@andis1708
Awas min dserang relawan MBG 😂 YG bagajih,1,2 months ago,@labu7978
MBG mematikan pedagang kecil,1,2 months ago,@ahmadsuhaeri8661
"gmn rakyat bisa makmur klu uangnya di hambur2 kan ,berapa triliun uang keluar setiap hari buat MBG,setiap masukan langsung di ACC mau jadi apa. Negara ini",0,2 months ago,@taktiktok3886
"Kita realistis aja programnya bagus banget, tapi kalau korupsi belum diberantas program apapun akan jadi sampah Ujung-ujungnya. Mending perbaiki kurikulum pendidikan yang amburadul dulu, berantas korupsi barudeh jalanin program ginian. Walaupun ga mungkin terjadi kayaknya ya 🗿",0,2 months ago,@LordPutuu
"entah kenapa aku pikir program ini ada maksud lain seperti ngunci suara untuk priode selanjutnya, dia bakal jadiin ini sebagai  program unggulan nya dia lagi dan orang2 yang kerja di mbg otomatis akan milih dia lagi kalo misal g milih ya kerjaan nya ilang",0,2 months ago,@suhailramadhan6737
Makan bergizi gratis tapi menu nya kekurangan gizi 😂😂,0,2 months ago,@BramaKumbara-s9b
"MBG Fix bebani APBN,sudah bnyak yang mngalami keracunan dah puluhan ribu,Anggaran MBG jga kga masuk akal pertahunnya. Dichina aja cuma 80 T pertahun. Program kontroversi tanpa adanya Evaluasi penuh👎🏻👎🏻 program yang diagung²kan wowo nyatanya gagal total😆😆😂😂🤣🤣 sok²an sih jiplak program negara maju.🔥🔥",0,2 months ago,@ArdiAjjagen
"Akun fake ,join 2 jam yang lalu",0,2 months ago,@giyosugihmulya5378
"Program nya bagus menurut saya, tapi dari sisi manajemen pengelolaan masih banyak masalah. Kalau liat di filem² sama info² di luar negeri, mereka bikin dapur nya di sekolah bukan di ruko² kosong dan gak perlu di antara jemput pake mobil pickup yg mondar mandir itu.

Kalau manajemen nya di perbaiki, dikaji ulang dan Diatur sedemikian rupa, Akan lebih efisien lagi dan gak akan sebesar itu biayanya.


MUNGKIN YA",1,2 months ago (edited),@andraem6574
"Semoga saja ini murni mengkritik, bukan karena duit dari George Soros udah cair",0,2 months ago,@betatester8071
Solusi ekonomi untuk sekelompok orang tapi beban bagi APBN karena yang diuntungkan hanya orang orang tertentu,0,2 months ago (edited),@luhurbudi8087
Sudahlah.   Indonesia. Terus tekor.  Dan BANGKRUT.  2027.    MBego,0,2 months ago,@DennyWardan
Manfaat yang tidak bermanfaat,0,2 months ago,@lowkeyloki5359
MBG adl solusi bagi donatur biaya pemilu si omon2 biar pd balik modal...plus korupsi terpimpin biar ga pd berisik. Peduli setan dgn penurunan stunting n perbaikan gizi rakyat,0,2 months ago (edited),@dka0087
"lu tau gak min, dulu janji prabowo dapatin uang buat MBG ini dari hilirirasi. kita gak bakal ekspor bahan mentah lagi. tapi bakal bikin barang mentah jadi barang jadi. dari situ keuntungannya bakal dipakai buat MBG. nyatanya apa? cuma janji manis pas kampanye. uang MBG dari APBN yang bahkan nyunat dana pendidikan dan kesehatan. 

dan si prabowo dengan bangga-nya bilang dan nantangin rakyat kalau mau buktikan nanti pas pemilu 2029. Gue yakin 2029 dia ngecalon juga gak bakal ada yang coblos dia lagi. kalau bisa sampai menang lagi, udah sinting sih ini rakyat.",0,2 months ago,@ZidanMae-san
PROGRAM HASILNYA CUMA JADI TAIK,2,2 months ago,@SRIMULYONO69
"Secara ekonomi & budaya...
..MBG itu tak jauh beda dengan pandangan kontroversial aktifitas mudik lebaran....

Bedanya, ekosistem perputaran ekonomi  mudik tercipta secara alami...
...tapi MBG ini dikonsep terlebih dulu

Keduanya jadi baik & tertata karena selalu dievaluasi & disempurnakan

Musuh kita bersama bukan programnya, tapi prilaku2 negatif yg menyertai program/even tersebut
Kontrol pemerintah, masukan warga masyarakat maupun akademisi tetap dibutuhkan agar makin dekat dengan sasaran...
Kelemahan kita itu ""mudah menyalak"" & kurangnya konsistensi menyempurnakan program secara jangka panjang, hanya karena tidak sejalan & sepemahaman
...karena sentimen kolusi & nipotisme yg masih mengakar sebagai parasit pada kearifan lokal kita",0,2 months ago,@winarnocahyo1411
"MBG itu beban APBN, tidak transparan dan anti kritik. Sengaja dibuat cepet agar pak Prabowo masih terpilih tahun depan. MBG hanya nguntungin mereka yang berhubungan dengan politik.",0,2 months ago (edited),@rijonax
Apakah ngomu dapet duit dari soros?,0,2 months ago,@adscft7597
MBG sengaja dibuat laju biar prabowo dipilih lagi tahun depan 😂😂,0,2 months ago,@rijonax
"Maunya ikut2an luar negeri, Woooooiiiii luar negeri itu PENDIDIKAN DASARNYA DULU YG GRATIS BARU MAKAN GRATIS ITU PUN YG MENGELOLA MASING2 SEKOLAH 😂",0,2 months ago,@dolynugroho
program kosumtif kok diklaim program INEVTASI...... sudah jelas habis di konsumsi....kas negara malah tekor,0,2 months ago,@jackone3389
Kita fokus mbg padahal ada agenda besar yang sedang menyerang Indonesia,0,2 months ago,@Fthree_
Ini era penculik dan penipu ok wo,1,2 months ago,@wirosableng8759
Makan anjing gratis terlebih dahulu buat DPR BUMN pejabat dan aparat terlebih dahulu,1,2 months ago,@wirosableng8759
"Suara mimin Ngomu bikin adem banget, cocok jadi pengisi suara",0,2 months ago,@Maiene
"KEPALA MBG WAJAHNYA MIRIP BENJAMIN NETANYAHU, CARA NGOMONGNYA JUGA MIRIP BANGSATNYA😅",0,2 months ago,@balenasu
"Program buat ngamanin 2 periode, bergizi kaga, gratis kaga.",0,2 months ago,@OvermindXBT
"PENGURUS MBG MEMBANGUN BISNIS JUAL AYAM POTONG, BUKA BISNIS JUAL BUAH, SEWA RUMAH MILIK KELUARGANYA😅😅😅
BELANJA AYAM DI KEDAINYA, BELANJA BUAH DI TOKONYA. HASIL KORUPSI DIJADIKAN MODAL BISNIS.",0,2 months ago,@balenasu
Sudah jelas beban,0,2 months ago,@sergeinotes
"Selalu ngomong soal kebocoran, padahal MBG itu adalah kebocoran yang nyata di buat,😂😂 
Pemerintahan sekarang adalah pemerintahan terlucu yg pernah sy lihat di Indonesia😂😂",0,2 months ago,@farisalisra6220
"Tau apa sih ahli gizi SPPG MBG? Kalau memang ahli di bidang GIZI, tak kan ada makanan berbau, bahkan busuk. Dan tak kan ada Keracunan Massal.",0,2 months ago (edited),@HafisAlfitoDealova
Sarang korupsi 😂🤣😂🤣🤣😂,0,2 months ago,@hamsahasrinhamdan5844
Semua jika sistem kerjanya benar itu baik ‼️,0,2 months ago,@rengatsaja3-6-9
"Aku ada lihat konten ada kepala sekolah atau ibu guru marah-marah ke ahli gizi SPPG MBG karena kualitas makanan MBG rendah tak memenuhi syarat Gizi Nasional. 

Percuma ada ahli gizi SPPG MBG tapi pengetahuan gizinya rendah atau tidak mengerti tentang gizi.

Nah, jika seperti ini ceritanya, lebih baik donk Puskesmas dan Posyandu dijadikan pengawas lapangan di dapur SPPG-MBG untuk melakukan monitoring rutin dan melekat.",0,2 months ago (edited),@HaroldDomar-r5l
"klau program ini emang bisa menggerakkan ekonomi (paling ga untk jangka pendek) mestinya program ini profit oriented, bukan charity. 
Klau narasi-nya untk mnciptakan generasi yg sehat dan produktif dlam jngka panjang, mnurut gw pribadi ini gambling. Aplgi kalau praktek yg dipakai sperti sekarang. 
Apa iya di masa depan bisa tercipta generasi yg produktif, kalau menu mknanan-nya aja masih bnyak yg amburadul?",0,2 months ago,@zayne_rhea
Boros boros anggaran 😵‍💫,0,2 months ago,@NikenMagelang
Beban,0,2 months ago,@LayLa-f8x9m
"Aslinya MBG di khususkan hanya untuk anak SD atau MI aja,,karena anak2 ini dalam proses perkembangan,bukan SMP SMA juga,mereka sudah besar dan semua makanan di gas dari seblak dll mereka udah tau gizi mana yg di butuhkan,ibarat kurang gizi,anak SMP SMA udah bisa ngerti mereka kurang gizi atau GK nya itu dah pilihan mereka andaikan ortu GK mampu mereka udah bisa belajar usaha untuk memenuhi gizinya ,sedangkan anak SD sederajat mereka butuh perhatian khusus,,kalau anak TK biasnya udah ada makan di sekolah di Potong lewat SPP perbulan ,,mungkin bnyak yg bilang MBG GK perlu,karena ladang korup ,itu fakta,tetapi percayalah ada orang yg bahagia walau cuma dapat nasi lauk lele dapat buah segigit dan kadang dapat susu ,,makanan gituan mampu bikin dan beli sendiri,itu kata mereka yg mampu,,ada tetanggaku anaknya 5 ,dia cerita seneng banget ada MBG ,bahkan anaknya antusias ceritain tiap hari dapat makan apa,,sumpah dalam hati kadang tersenyum bahagia dengar mereka cerita ,memang ya MBG itu kadang GK berguna bagi yg mampu tetapi bagi yg sangat membutuhkan sangat berguna sekali ,,walau gara2 MBG harga bahan pangan ikut naik,contoh nyata di daerahku dulu sebelum ada MBG harga ayam naik turun di harga 25-34 naik turun ,tergantung hari2 atau stok ayam di broker,lah sekarang semenjak ada MBG harga ayam stabil di harga 37-40 ,,tetapi tahun ini lah bulan puasa harga tetap stabil,walau bnyak tidak suka dg pak Prabowo,tetapi ku akui bulan puasa inilah GK ada nik gila2 an dari cabe ayam dan barang pasar lain",0,2 months ago,@ombayuofficial
"ingatlah ini, program nya bagus yang mana program ini mementingkan asupan gizi anak atau siswa dari SD sampai SMK/SMA, CUMAN PENGELOLA NYA AJA YANG KURANG BAGUS, ANGGARAN DIPOTONG SANA SINI SEHINGGA MENU NYA TIDAK PANTAS DIBILANG LAYAK. Kami dari Gemari Tematik sering mendengar cerita dari siswa kami",0,2 months ago,@MissShafira
"Ini mewakili bagi kita yg TDK setuju MBG dilanjutkan, dikaji ulang, dipilah pilih pakai skala prioritas",0,2 months ago,@profyusron3439
"Ya udah arahkan ke orang orang ibu hamil dan anak kecil, kalon alasan utamanya itu, yg d kota kota gak usah, masuk kepedalaman, yg SMP dan SMA tidak usah, jgn jd kurupsi berjemaah😂",0,2 months ago,@profyusron3439
"Pekerjaan itu adalah aktivitas yg menghasilkan barang & jasa untuk menambah nilai ekonomi.. MBG ini lebih tepat disebut pembagian bansos, bukan lapangan kerja..",0,2 months ago,@windans924
"Tiap hari dipertontonkan makanan yg TDK dimakan, orang tua pada bersuara bahwa tidak layak dinamakan makanan bergizi😂",0,2 months ago,@profyusron3439
"Mau tau rahasia besar?
Ini rahasianya:


IKL PUSKESMAS

Bagaimana pengawasan rutin dan melekat dapat dilakukan puskesmas di dapur-dapur SPPG MBG jika IKL saja hanya sekali sebulan?


Wajarlah Keracunan Makanan Massal MBG, IKL PUSKESMAS saja hanya SEKALI SEBULAN.

Bukan salah Puskesmas, tapi pembuat kebijakan di pusat yang tidak mengerti kebijakan apa yang dibuat.",0,2 months ago,@SollowSwan
"Pelaku usaha restoran pernah bercerita kalau harga bahan baku di pasar sudah mulai naik, karena kebanyakan sudah diborong sppg, jadi barang yang ga seberapa harus diperebutkan dengan masyarakat umum",0,2 months ago,@gembonggilangramadhan3480
"katanya buat generasi unggul percuma brooo..indonesia makin sempit lapangan pekerjaannya...banyak yg pinter juga gak ditampung...pemerintah lebih mengakomodir ordal, para relawan ataupun..orng2 parpol pendukung dan influincer..",0,2 months ago,@AdaSini-m6y
"Percaya aja sama Pak Prabowo , dia itu Berkah buat Indonesia karna beliau adalah Orang Pilihan",1,2 months ago,@MasterKimJongUn
"Analisis Angka Keracunan MBG dan Perbaikan Tata Kelolanya dari Perspektif Medis

A. Interpretasi Angka Keracunan Makanan dalam Program MBG dan Solusi meminimalisir Kasus Keracunan makanan MBG

Angka keracunan makanan dalam Program MBG (0,0006-0,0007%) menunjukkan bahwa makanan yang tidak higienis dengan kandungan gizi yang dipertanyakan dalam Program MBG berbahaya/berisiko bagi kesehatan siswa (generasi emas Indonesia), meskipun belum ada korban jiwa. 

Program ini memerlukan perbaikan sistem pemantauan.  

Untuk memperkuat pemantauan makanan bergizi dalam Program MBG, diperlukan keterlibatan Puskesmas dan  Posyandu sebagai ""Field Supervisor (pengawas lapangan) di dapur MBG"".

Peran Puskesmas:

a. Melakukan inspeksi sanitasi dan keamanan pangan secara rutin dan melekat, minimal 2-3 kali per Minggu termasuk jam produksi dini hari.

b. Memeriksa pola memasak, penyimpanan, dan distribusi makanan yang disediakan.

c. Melakukan uji cepat pada sampel makanan yang dicurigai terkontaminasi. Hal ini meliputi uji organoleptik, uji cepat harian di SPPG dan sekolah, dengan laporan digital real-time ke dashboard BGN.

d. Melakukan pembinaan penjamah makanan.

e. Melakukan monitoring kesehatan penerima.

f. Memberikan perawatan medis awal dalam kasus keracunan makanan.

g. Menyusun laporan pemantauan makanan dan gizi untuk Dinas Kesehatan.

h. Melakukan pendidikan dan penyuluhan tentang gizi seimbang dan kehigienesan makanan kepada masyarakat dan penyedia MBG.

i. Membantu memantau penerimaan dan konsumsi makanan MBG di sekolah dasar, terutama di daerah pedesaan.

Peran Posyandu:

Posyandu bertindak sebagai petugas pemantau untuk distribusi non-sekolah (balita/ibu hamil), pendidikan higiene dasar, dan saluran komunikasi cepat untuk melaporkan kasus keracunan ke Puskesmas. Untuk merealisasikan hal ini, Petugas Posyandu harus dilatih dan ditugaskan untuk memantau distribusi di luar sekolah (kepada balita/ibu hamil), memberikan pendidikan higiene di tingkat akar rumput, dan bertindak sebagai saluran komunikasi cepat untuk kejadian luar biasa (KLB).

Kolaborasi antara Puskesmas, Posyandu, dan  SPPG-MBG dapat membentuk rantai pemantauan berlapis, yang meliputi:

1. Pemeriksaan administratif (sertifikasi dan dokumentasi).

2. Pemeriksaan lapangan (kebersihan dan sanitasi).

3. Pendidikan masyarakat (gizi dan perilaku sehat).

4. Sanksi tegas: Penonaktifan permanen SPPG jika tidak mematuhi inspeksi rutin dan melekat yang dilakukan oleh Puskesmas.

Tidak hanya itu, tenaga medis khusus tambahan juga diperlukan di puskesmas untuk memastikan keberhasilan program MBG, dengan minimal 2-4 tenaga medis khusus per puskesmas di Indonesia. Dana dari anggaran negara dan anggaran daerah diperlukan untuk menambah tenaga medis khusus ini.

Untuk mencapai hal ini, diperlukan revisi terhadap pedoman teknis dan peraturan lain yang terkait dengan MBG.

Selain itu, Surat Edaran Kementerian Kesehatan HK.02.02/C.I/4202/2025 mewajibkan setiap SPPG memiliki 
Sertifikat Laik Higiene Sanitasi (SLHS).  Namun, kenyataan di lapangan menunjukkan bahwa Sertifikat SLHS hanya menjadi persyaratan untuk mengajukan permohonan pendirian dapur SPPG-MBG dan operasional. Sertifikat ini tidak dapat menjadi jaminan mutlak keamanan pangan, dan Sertifikat SLHS juga tidak dapat menjamin bahwa insiden keracunan pangan MBG tidak akan terulang karena SLHS adalah standar hukum minimum, bukan jaminan keamanan pangan untuk anak-anak.

Terkait sertifikat, sertifikat tidak menjamin bebas korupsi, sertifikat bisa saja jadi ladang Korupsi, kasus yang paling jelas adalah kasus Noel terkait pemerasan sertifikat K3.

Dan ingatlah bahwa program MBG tidak boleh menjadi skema untuk mencari keuntungan di setiap tingkatan. 

B.Bagaimana Sudut Pandang Medis terhadap Angka Keracunan Makanan MBG 0,0006-0.0007%?

Secara statistik, tingkat keracunan makanan dalam Program Makanan Bergizi Gratis (MBG) tercatat dikisaran 0,0006-0,0007%, artinya tingkat keberhasilan program ini adalah 99,9993-99,9994%.

Meskipun secara matematis angka ini terlihat sangat kecil, dari perspektif kesehatan masyarakat, bahkan angka terkecil pun tidak boleh diabaikan, terutama jika kasus tersebut telah dikategorikan sebagai Kejadian Luar Biasa (KLB) oleh otoritas kesehatan.

Bagi tenaga medis dan epidemiolog, 0,0006-0,0007% bukan hanya angka statistik, tetapi juga indikator awal potensi bahaya sistemik yang memerlukan tindakan pencegahan segera.

Setiap insiden keracunan makanan, sekecil apa pun, memerlukan tanggapan cepat, penyelidikan menyeluruh, dan perbaikan prosedur pengolahan makanan untuk mencegah dampak berulang di masa depan.

C. Tantangan Tata Kelola Dapur SPPG-MBG Saat Ini

Surat Edaran Kementerian Kesehatan No. HK.02.02/C.I/4202/2025 mewajibkan setiap SPPG memiliki Sertifikat Laik Higiene Sanitasi (SLHS) sebagai syarat operasional. Ini merupakan fondasi administratif yang penting.
Namun di lapangan, Inspeksi Kesehatan Lingkungan (IKL) umumnya dilakukan sebulan sekali. Untuk dapur yang memproduksi makanan setiap hari dalam skala besar, frekuensi IKL ini relatif minimal.

Risiko kontaminasi pangan dapat muncul dalam hitungan jam, bukan bulan.
Pengalaman lintas sektor juga menunjukkan bahwa sertifikasi tanpa pengawasan aktif berisiko menjadi formalitas administratif. Kasus penyalahgunaan penerbitan sertifikat di sektor lain menjadi pengingat bahwa tata kelola harus transparan, akuntabel, dan bebas konflik kepentingan.
Program MBG tidak boleh menjadi ruang pencarian keuntungan di setiap tingkatan. Keamanan anak tidak boleh dinegosiasikan.

D.Presiden Soeharto: Puskesmas dan Posyandu

Pada masa pemerintahan Presiden Soeharto, kebijakan pembangunan kesehatan nasional menekankan prinsip promotif dan preventif.

Konsep Puskesmas lahir dari Rapat Kerja Kesehatan Nasional 1968, dan masuk ke dalam Program Pembangunan Lima Tahun (Pelita).

Pada Pelita II (1974–1979), pemerintah berhasil membangun sekitar 2.000 Puskesmas. Hingga 1993, jumlahnya meningkat menjadi 6.749 unit di seluruh Indonesia.

Sementara itu, Posyandu (Pos Pelayanan Terpadu) mulai diperkenalkan pada 21 Agustus 1971 di Garut, dan diresmikan sebagai program nasional pada 1984 berkat inisiatif Ibu Tien Soeharto.
Posyandu kemudian menjadi pilar pelayanan gizi, imunisasi, dan keluarga berencana yang berorientasi pada masyarakat.

Keduanya, Puskesmas dan Posyandu, terbukti efektif dalam mengendalikan penyakit berbasis lingkungan dan pangan, termasuk kasus keracunan makanan massal, seperti kasus keracunan makanan di Lampung pada 11 April 1997, yang menyebabkan kepanikan luas karena menelan korban jiwa. 

E. Martabat Penerima Bantuan MBG dan Fenomena Flexing

Menolak atau mengkritik program MBG bukan berarti penerima bantuan tidak bersyukur. Dalam kerangka kebijakan publik, warga memiliki hak untuk mempertanyakan kualitas, keamanan, serta cara program dijalankan, terutama ketika menyangkut kesehatan dan keselamatan anak.

Program MBG bukan hadiah pribadi, melainkan kebijakan publik yang dibiayai oleh pajak rakyat. Karena itu, kritik merupakan bentuk partisipasi warga negara dalam demokrasi, bukan tanda kesombongan.

Masalah muncul ketika terjadi “flexing kebaikan”, yakni ketika pelaksana program MBG di dapur SPPG-MBG, menampilkan sikap atau narasi yang seolah menempatkan penerima bantuan MBG pada posisi lebih rendah, seakan mereka harus menunjukkan rasa tunduk agar dianggap layak menerima bantuan.
Padahal, martabat penerima MBG tidak boleh menjadi harga yang harus dibayar untuk memperoleh hak sosialnya.

Bantuan Gizi Publik yang kuat tidak hanya diukur dari distribusi manfaat, tetapi juga dari cara negara menghormati warganya.

Kebijakan yang benar-benar berhasil lahir dari bantuan yang nyata dan penghormatan yang tulus, tanpa narasi merendahkan, tanpa pamer atau flexing kebaikan.


Kata Kunci Utama: ""Puskesmas dan Posyandu dijadikan field supervisor (pengawas lapangan) di dapur MBG dan lakukan pengawasan rutin dan melekat di Dapur-dapur SPPG MBG.""

Catatan:

1. Mengkritik tata kelola bukan berarti menjelekkan pemerintah. Justru kritik adalah bentuk kepedulian agar program yang baik bisa menjadi lebih baik dan melindungi lebih banyak anak.

2. Dihina tidak memperpendek umur, dipuji tidak memperpanjang umur. Pujian dan cacian hanyalah suara sementara. Yang abadi adalah keberanian untuk tetap berpihak pada keselamatan anak dan martabat manusia. Karena pada akhirnya, keselamatan satu anak adalah kehormatan sebuah bangsa.

3. Satu nyawa anak sangat berarti bagi saya, apalagi 12.658 nyawa anak yang menjadi korban  keracunan makanan massal MBG.",1,2 months ago,@rafaelmanalu5926
berkah program pemilu,0,2 months ago,@RiswanBaryan
"Gara gara proyek MBG semua pembangunan infrastruktur sangat lambat, mending anggaran nya untuk pembangunan infrastruktur jalan dan jembatan, banyak desa desa yg tertinggal karena kurangnya infrastruktur 👍",1,2 months ago,@MuhammadFajri-k6f
"Mbg buat di daerah 3T aja, sisanya buat pendidikan dan infrastruktur sama kesehatan anggaran sejumbo itu",0,2 months ago,@MandorSuangJabodetabek
"Fakta dan masukan dari akademisi dan masyarakat sudah sejelas ini, namun pemerintah masih kekeh. 
Satu kata ""MIRIS"".",0,2 months ago,@septiarahmat4564
Beban lah.  Wong korupsinya gila2an kok sementara manfaatnya kecil banget,0,2 months ago,@sabrinakirani2211
Berita sederhana dan narasinya mudah di cerna tapi wowo tak paham,0,2 months ago,@jametsulteng8810
Mbg hanya didukung oleh mereka yg mendapat keuntungan dr program mbg. Kl bicara netral ini program gagal total yg belum di rancang dgn benar,0,2 months ago,@howardlie8775
"Efek MBG : Barang seperti sayur dan lainnya sering di borong MBG shg permintaan naik dan barang sering habis.

 Alhasil barang di pasar harganya naik. Dan stok masih segitu aja di pasaran.

Sayuran kualitas B aja ikutan naik😢😊",0,2 months ago,@Garissajalah
"MBG adalah program politik, jutaan orang akan bergantung pada program MBG, konsekuensinya pada pemilu selanjutnya para mitra MBG ini akan kembali memilih presiden sekarang supaya kelangsungan bisnis mereka tetap berjalan. Stop bayar pajak untuk MBG.",0,2 months ago,@akbargelar5171
Negara apa ini,0,2 months ago,@Kita_belajar_1
Presiden diapusi ank buahe,0,2 months ago,@cahyodwi7989
"JELAS MBG itu beban negara,Pemerintah takut rakyat ya cerdas makanya pendidikan di pangkas",1,2 months ago,@Bagas-j5b7c
Progam bikin tai,0,2 months ago,@serviskomporpare7881
"MBG itu bukan solusi ekonomi, MBG itu adalah untuk mengatasi Indonesia darurat stunting. Kalo dianggap mendorong ekonomi itu hanya efek sampingnya bukan tujuan utama. Kalo dianggap membebani negara. Rakyat harus bayar gak gratis lagi. Mau?",1,2 months ago,@greysmith203
"Alasan simple kenapa banyak orang yang kontra dengan MBG ya karena terindikasi KORUPSI
1. Dapur MBG meminta UMKM untuk membuat roti ribuan pcs, akan tetapi dengan harga yang ditawarkan semurah mungkin, tapi ditulisnya semahal mungkin
2. Seandainya program MBG berfokus kepada rakyat miskin, terutama di pedalaman desa dan antara budget dan makanan sesuai dan tidak keracunan maka kemungkinan banyak yang menerimanya
3. Yang punya dapur SPPG ini butuh transparansi siapa saja pemiliknya  ditakutkan malah yang kaya, anak penjabat, dll sebagai pemilik asli MBG yang biasanya suka beli barang branded LN
4. Transparansi yang bisa diakses dan juga cada perhitungan gizinya yang bikin perusahaan pembuat protein untuk gym pada insecure.",0,2 months ago,@hafsh9185
"jika MBG ini dipaksakan karna janji pemilu, sebenarnya rakyat akan sangat mengerti jika pemerintah ngejelasin kalau MBG saat ini hanya untuk wilayah plosok, miskin dan banyak anak stunting dan gizi buruk, dana MBG akan masih logis untuk kondisi ekonomi saat ini, tapi program ini tu serampangan banget masa iya ngasih makan anak se Indonesia gini sih 😂 kalo duit negara ini sekelas arab atau negara teluk arab sih oke aja",0,2 months ago,@Kocheng_Belang
Semoga presiden berikut bikin program yang lebih baik (& hentikan mbg),2,2 months ago,@Rafaarie1789
"Kalau lu renungi lebih jauh, MBG ini program yang paling problematic dan paling banyak mudarat nya. 
Kenapa? 
1. Sistem sapu jagad. 
MBG di paksakan di semua lingkungan pendidikan dari playgroup sampe SMA tanpa memandang status. Pengalaman yang gua dapat ini nyusahin sekolah swasta yang udah punya program makan siang bergizi duluan, bayangin, sekolah yang SPP nya 5-10 juta perbulan, siswa nya di paksa makan MBG. 
2. QC yang luar biasa buruk. 
MBG ini termasuk salah satu program pemerintah yang sangat rentan, karena jarang sekali sebenarnya sektor pelayanan publik bersinggungan dengan penyediaan makanan massal, hampir semua kementerian dan badan setingkat kementerian ga punya pengalaman mengenai ini, akhirnya apa.. 
SOP di bangun sejalan dengan program berjalan, Korban berjatuhan, yang mirisnya ya anak anak sekolah yang cita citanya mau diberikan gizi tadi. 
3. MBG ini sangat minim partisipasi publik. 
Loh apa hubungannya? 
Hampir semua SPPG di kelola oleh Yayasan, Pribadi ataupun Badan organisasi lain nya yang terafiliasi dengan pemerintah, akibatnya sistem whistle blower ga akan terjadi, semuanya sistem komando. Tidak ada siapa yang mengkoreksi siapa. Bahkan semua karyawan nya rencananya akan dijadikan pegawai pemerintah. 
Emang apa buruknya dengan pegawai pemerintah? 
Pengalaman saya, pegawai pemerintah itu ga akan berani bersuara tentang keburukkan program pemerintah. Karena akan bertentangan dengan kepentingan nya sendiri, dan juga ya terikat akan sumpah pekerjaan nya. (Well coba perhatikan di sumpah pegawai negeri khusus nya no 3 sampai habis)",0,2 months ago,@JohnArmys
sudah terima uang brp dari george soros?,0,2 months ago,@patrickmahargyo
"Awas cik, yg nyinyir MBG ntar di sangka ANTEK ANTEK ASENG 😅😂",0,2 months ago,@NirArt-t3g
"Kak Luna yang setia saya pantengin
Sebetulnya program MBG baik tapi, harus di reset ulang

Seperti di negara lain, jadi sebagai pelaksana pihak sekolah yang menyediakan makan siang fresh untuk anak' sekolah",1,2 months ago,@sahabatahmad27
Telor 2 biji 30gram protein. Perlu diteliti sih telur ap itu yg dipakai 😂,0,2 months ago,@eriantotomi32
"Menarik sih ini 👍
Karena kalau sekolah yang jadi pelaksana langsung, bisa:
👉 lebih dekat ke siswa
👉 kontrol kualitas lebih jelas
👉 makanan lebih fresh
Tapi mungkin tantangannya:
👉 kesiapan tiap sekolah beda-beda
👉 kapasitas dapur & SDM
👉 dan standar kualitas harus tetap seragam
Jadi mungkin bukan sekadar “reset”, tapi lebih ke re-design sistemnya biar fleksibel tapi tetap terkontrol",0,2 months ago,@NgomonginUang
"​ @NgomonginUang yang menjadi pengelola bukan pihak sekolah tapi kantin/dapur yang di siapkan team MBG nya 
Dan ada kontrol yang berjalan, hal ini jelas sesuai program stunting di awal kampanyenya",0,2 months ago,@sahabatahmad27
Umur segitu lagi lucu lucunya kawan😂,0,2 months ago,@mrapolo9946
Dan besok tahun depan 2027 jutaan guru dipecat demi keberlangsungan MBG. Murid2 dikasih makan siang gratis di sekolah tapi gurunya tidak ada. Lucu sekali negri ini,0,2 months ago,@chanwahyu2829
Up,0,2 months ago,@artasuyasa1710
Hrs ada gerakan... 😅😂,0,2 months ago,@budanchofallschrimeeng9932
Hentikan maling berkedok gizi,0,2 months ago,@Ahmadkuryonosw
"Program sampah, dari dtg mbg, malah harga bahan pangan jd melonjak naik ngga turun2. Program ini jg kd ajang korupsi pejabat2, sedangkan Makanan yg disajikan jauh dari kata bergizi",0,2 months ago,@syafrilsyafril8426
Korupsi yang di legalkan,0,2 months ago,@ryanhidayat9979
"Tujuanya bagus baik, Maaf Pak Probowo yg di pahami, 90 persen Manusia2 pengelola MBG semuanya Akhlaqnya Maling",0,2 months ago,@suhalisuhali1849
"Saya lebih setuju kalau anggaran mbg selama 5 tahun kedepan dibelikan btc semua sekarang diharga 70000$ an, dan utk anggaran 1 T perhari bisa dengan cara lending kan btc di aave/morpho atau protokol defi lainnya utk borrow usdt dan itu yg dipakai untuk anggaran mbg setiap tahun
Dengan begitu kedepannya bisa dapet anggaran 1 T perhari tanpa mengurangi jumlah btc yg dihold dan secara otomatis membayar hutang itu dengan kenaikan btc

Sekaligus menjadikan itu sebagai btc strategic reserve",0,2 months ago,@khoeron_najib
"Proyeknya Ijo sama Coklat, ntr klo Ganti presiden MBG di Stop, pasti bakalan ngamuk  ijo sama coklat, karna udh biasa terima duit banyak.",1,2 months ago,@apriantoasyari9169
"Maling berkedok gizi ga sih , puyeng dah",0,2 months ago,@KaryAlkarim
Setiap keputusan pasti ada opportunity cost,0,2 months ago,@AhmadJunaidi-bj3gy
"Berbeda dengan negara maju di mana MBG sudah lama diterapkan dan terintegrasi dengan baik, di Indonesia program ini menghadapi tantangan logistik dan finansial yang besar. MBG di Indonesia berpotensi menjadi beban jika tidak dibarengi dengan pengawasan ketat, perbaikan infrastruktur dapur, dan efisiensi anggaran.

Program Makan Bergizi Gratis (MBG) di Indonesia sering dianggap sebagai ""beban"" anggaran dibandingkan negara maju karena perbedaan fundamental dalam kapasitas fiskal, skala geografis, infrastruktur, dan tata kelola. Sementara negara maju menerapkan MBG sebagai investasi SDM yang terintegrasi, Indonesia menghadapi tantangan eksekusi skala masif dengan dana terbatas.

Kesimpulannya jangan malu untuk berkata kita belum mampu dan siap untuk ini jadi tak perlu memaksakan diri.",1,2 months ago,@AURORA_MARGIN
Demo aja wowo,0,2 months ago,@n.q.d.p1406
"Penghancuran ekonomi Rakyat,yg.nikmat,pejabat,DPR,pengusaha,Pemimpin,Nepotisme,rakyat sudah Sekarat anda PENGKIANAT.",0,2 months ago,@Kasmir-l2j
Kalau Waras 10 ribu dapet gizi apa.,0,2 months ago,@orang_terhebat_di_alam_semesta
Masyakarat nya juga gak akan sadar 😂😂😂ntar pas pemilu juga klaur isu sara nya kalau lawan nya bukan muslim 😂😂gak apa-apa koruptor dan bejat gak peduli dengan rakyat yang penting muslim pejabatnya 😂😂😂,0,2 months ago,@Ddiiwk
"GUE NYESEL MILIH PRABOWO
Sumpah, ini mertua sama menantu kagak ada bedanya njiirr.
Setidaknya Soeharto Cerdas.
Yang ini lebih ke Keras Kepala, Nggak Peduli, yang penting gengsi terjaga, kalo ngeritik lu di sikat, merasa paling pinter. Dan NPD narsistik",0,2 months ago (edited),@SeruniMumbul-j2b
MBG itu Beban Negara+Ladang Korupsi😏,1,2 months ago (edited),@liin5367
kalau masalah pembangunan infra sekolah tertinggal ini masalah klasik. mau digelontorkan berapa ratus Triliun kalau hati nurani penyelenggara negara dan yang terkait masih busuk. dana tersebut ga akan pernah sampai ke target secara penuh.,0,2 months ago,@tigasatudesember-masmmaw
"China aja yang APBNnya 64.000 T pertahun buat makan bergizinya cuma 25 T, itu karena cuma subsidi buat yang miskin bukan makan gratis 😂 lah konoha APBN nya cuma 3000 T dana MBG 335 T 😂",0,2 months ago,@tesaja1237q
Pemerintah yang menjalankan bisnis bersaing dengan  rakyatnya sendiri !,194,2 months ago,@saifulanwar2095
Proyek MBG ini jadi patronase politik Krn yg terlibat dlm proyek ini semua teraffiliasi dg kekuasaan. Dan yg dikuatirkan bbrp jadi tempat Pencucian uang secara legal jika Tdk ada pengawasan independent. Dari dana yg cukup besar sangat TDK sebanding dg menu yg diperoleh siswa  Seharusnya  MBG ini saat ini cukup utk daerah 3T saja,0,2 months ago (edited),@kbadjra7187
BEBAN 😂,0,2 months ago,@eos123
Kepala BGN mirip setanyahu,0,2 months ago,@seputarjamtangan3463
Kalau sdh tdk ada utang lagi,0,2 months ago,@AhmadYani-l7m2e
Beban baru,0,2 months ago,@AhmadYani-l7m2e
Emg wowo ini kebijakan bikin beban semua,0,2 months ago,@rena6907
"Kalau menurut gue biar dulu stategi mbg ini jalan, terus diperbaiki ( masa evaluasi) , misalkan kadar gizinya diperbaiki, oknum2 culasnya dibenahi, termasuk evaluasi mbg fi pulau jawa sepertinya harus di lepas, pindahkan ke pulau lain  mungkin bakalan lebih berguna. Terkait pendidikan ketika mbg sudah berjalan dengan baik (system, prosedur, dan kadar gizi sudah baik) baru fokus ke pendidikan",4,2 months ago,@Multazam-Cups
"Mending kayak malaysia yang gak mampu dapet subsidi uang tunai sekitar 1 juta dan yang agak mampu dpt 300-500 rb untuk beli bahan pokok makanan, lebih berguna plus perputaran uang umkm bisa lebih berjalan (ini yang punya MBG makin kaya yang umkm makin sepi jualannya)",0,2 months ago,@muhhamad100
ya wes sing waras ngalah! 58% itu banyak banget jangan sampai ribut dgn sesama bangsa sendiri .,0,2 months ago,@deddyrahmadsurya9072
"makin kesini makin error pemerintah Indonesia nya
dah yang paling bener Indonesia bubar aja lah",0,2 months ago,@Malasmandi-j5m
EMBEGE itu BEBAN,0,2 months ago,@TiaraMaylani-kt3qj
Bagus programnya tapi dapur masih tersentral di kota semoga kedepannya bisa merata di wilayah kabupaten dan khususnya ke daerah 3T,1,2 months ago,@daudmaulana896
